CREATE DATABASE  IF NOT EXISTS `enrollmentdb` /*!40100 DEFAULT CHARACTER SET latin1 */;
USE `enrollmentdb`;
-- MySQL dump 10.13  Distrib 5.7.9, for Win64 (x86_64)
--
-- Host: 127.0.0.1    Database: enrollmentdb
-- ------------------------------------------------------
-- Server version	5.6.26

/*!40101 SET @OLD_CHARACTER_SET_CLIENT=@@CHARACTER_SET_CLIENT */;
/*!40101 SET @OLD_CHARACTER_SET_RESULTS=@@CHARACTER_SET_RESULTS */;
/*!40101 SET @OLD_COLLATION_CONNECTION=@@COLLATION_CONNECTION */;
/*!40101 SET NAMES utf8 */;
/*!40103 SET @OLD_TIME_ZONE=@@TIME_ZONE */;
/*!40103 SET TIME_ZONE='+00:00' */;
/*!40014 SET @OLD_UNIQUE_CHECKS=@@UNIQUE_CHECKS, UNIQUE_CHECKS=0 */;
/*!40014 SET @OLD_FOREIGN_KEY_CHECKS=@@FOREIGN_KEY_CHECKS, FOREIGN_KEY_CHECKS=0 */;
/*!40101 SET @OLD_SQL_MODE=@@SQL_MODE, SQL_MODE='NO_AUTO_VALUE_ON_ZERO' */;
/*!40111 SET @OLD_SQL_NOTES=@@SQL_NOTES, SQL_NOTES=0 */;

--
-- Table structure for table `admission_mt`
--

DROP TABLE IF EXISTS `admission_mt`;
/*!40101 SET @saved_cs_client     = @@character_set_client */;
/*!40101 SET character_set_client = utf8 */;
CREATE TABLE `admission_mt` (
  `admission_id` int(11) NOT NULL AUTO_INCREMENT,
  `registration_id` int(11) NOT NULL,
  `isComplete` bit(1) NOT NULL DEFAULT b'0',
  `completion_date` datetime DEFAULT NULL,
  PRIMARY KEY (`admission_id`),
  UNIQUE KEY `registration_id_UNIQUE` (`registration_id`),
  CONSTRAINT `fk_admission_mtTABLE_registration_idCOL` FOREIGN KEY (`registration_id`) REFERENCES `registration_mt` (`registration_id`) ON DELETE NO ACTION ON UPDATE NO ACTION
) ENGINE=InnoDB AUTO_INCREMENT=5848 DEFAULT CHARSET=latin1 COMMENT='This is a table to be used for new students only.';
/*!40101 SET character_set_client = @saved_cs_client */;

--
-- Dumping data for table `admission_mt`
--

LOCK TABLES `admission_mt` WRITE;
/*!40000 ALTER TABLE `admission_mt` DISABLE KEYS */;
INSERT INTO `admission_mt` VALUES (4828,4867,'',NULL),(4829,4868,'',NULL),(4830,4869,'',NULL),(4831,4870,'',NULL),(4832,4871,'',NULL),(4833,4872,'',NULL),(4834,4873,'',NULL),(4835,4874,'',NULL),(4836,4875,'',NULL),(4837,4876,'',NULL),(4838,4877,'',NULL),(4839,4878,'',NULL),(4840,4879,'',NULL),(4841,4880,'',NULL),(4842,4881,'',NULL),(4843,4882,'',NULL),(4844,4883,'',NULL),(4845,4884,'',NULL),(4846,4885,'',NULL),(4847,4886,'',NULL),(4848,4887,'',NULL),(4849,4888,'',NULL),(4850,4889,'',NULL),(4851,4890,'',NULL),(4852,4891,'',NULL),(4853,4892,'',NULL),(4854,4893,'',NULL),(4855,4894,'',NULL),(4856,4895,'',NULL),(4857,4896,'',NULL),(4858,4897,'',NULL),(4859,4898,'',NULL),(4860,4899,'',NULL),(4861,4900,'',NULL),(4862,4901,'',NULL),(4863,4902,'',NULL),(4864,4903,'',NULL),(4865,4904,'',NULL),(4866,4905,'',NULL),(4867,4906,'',NULL),(4868,4907,'',NULL),(4869,4908,'',NULL),(4870,4909,'',NULL),(4871,4910,'',NULL),(4872,4911,'',NULL),(4873,4912,'',NULL),(4874,4913,'',NULL),(4875,4914,'',NULL),(4876,4915,'',NULL),(4877,4916,'',NULL),(4878,4917,'',NULL),(4879,4918,'',NULL),(4880,4919,'',NULL),(4881,4920,'',NULL),(4882,4921,'',NULL),(4883,4922,'',NULL),(4884,4923,'',NULL),(4885,4924,'',NULL),(4886,4925,'',NULL),(4887,4926,'',NULL),(4888,4927,'',NULL),(4889,4928,'',NULL),(4890,4929,'',NULL),(4891,4930,'',NULL),(4892,4931,'',NULL),(4893,4932,'',NULL),(4894,4933,'',NULL),(4895,4934,'',NULL),(4896,4935,'',NULL),(4897,4936,'',NULL),(4898,4937,'',NULL),(4899,4938,'',NULL),(4900,4939,'',NULL),(4901,4940,'',NULL),(4902,4941,'',NULL),(4903,4942,'',NULL),(4904,4943,'',NULL),(4905,4944,'',NULL),(4906,4945,'',NULL),(4907,4946,'',NULL),(4908,4947,'',NULL),(4909,4948,'',NULL),(4910,4949,'',NULL),(4911,4950,'',NULL),(4912,4951,'',NULL),(4913,4952,'',NULL),(4914,4953,'',NULL),(4915,4954,'',NULL),(4916,4955,'',NULL),(4917,4956,'',NULL),(4918,4957,'',NULL),(4919,4958,'',NULL),(4920,4959,'',NULL),(4921,4960,'',NULL),(4922,4961,'',NULL),(4923,4962,'',NULL),(4924,4963,'',NULL),(4925,4964,'',NULL),(4926,4965,'',NULL),(4927,4966,'',NULL),(4928,4967,'',NULL),(4929,4968,'',NULL),(4930,4969,'',NULL),(4931,4970,'',NULL),(4932,4971,'',NULL),(4933,4972,'',NULL),(4934,4973,'',NULL),(4935,4974,'',NULL),(4936,4975,'',NULL),(4937,4976,'',NULL),(4938,4977,'',NULL),(4939,4978,'',NULL),(4940,4979,'',NULL),(4941,4980,'',NULL),(4942,4981,'',NULL),(4943,4982,'',NULL),(4944,4983,'',NULL),(4945,4984,'',NULL),(4946,4985,'',NULL),(4947,4986,'',NULL),(4948,4987,'',NULL),(4949,4988,'',NULL),(4950,4989,'',NULL),(4951,4990,'',NULL),(4952,4991,'',NULL),(4953,4992,'',NULL),(4954,4993,'',NULL),(4955,4994,'',NULL),(4956,4995,'',NULL),(4957,4996,'',NULL),(4958,4997,'',NULL),(4959,4998,'',NULL),(4960,4999,'',NULL),(4961,5000,'',NULL),(4962,5001,'',NULL),(4963,5002,'',NULL),(4964,5003,'',NULL),(4965,5004,'',NULL),(4966,5005,'',NULL),(4967,5006,'',NULL),(4968,5007,'',NULL),(4969,5008,'',NULL),(4970,5009,'',NULL),(4971,5010,'',NULL),(4972,5011,'',NULL),(4973,5012,'',NULL),(4974,5013,'',NULL),(4975,5014,'',NULL),(4976,5015,'',NULL),(4977,5016,'',NULL),(4978,5017,'',NULL),(4979,5018,'',NULL),(4980,5019,'',NULL),(4981,5020,'',NULL),(4982,5021,'',NULL),(4983,5022,'',NULL),(4984,5023,'',NULL),(4985,5024,'',NULL),(4986,5025,'',NULL),(4987,5026,'',NULL),(4988,5027,'',NULL),(4989,5028,'',NULL),(4990,5029,'',NULL),(4991,5030,'',NULL),(4992,5031,'',NULL),(4993,5032,'',NULL),(4994,5033,'',NULL),(4995,5034,'',NULL),(4996,5035,'',NULL),(4997,5036,'',NULL),(4998,5037,'',NULL),(4999,5038,'',NULL),(5000,5039,'',NULL),(5001,5040,'',NULL),(5002,5041,'',NULL),(5003,5042,'',NULL),(5004,5043,'',NULL),(5005,5044,'',NULL),(5006,5045,'',NULL),(5007,5046,'',NULL),(5008,5047,'',NULL),(5009,5048,'',NULL),(5010,5049,'',NULL),(5011,5050,'',NULL),(5012,5051,'',NULL),(5013,5052,'',NULL),(5014,5053,'',NULL),(5015,5054,'',NULL),(5016,5055,'',NULL),(5017,5056,'',NULL),(5018,5057,'',NULL),(5019,5058,'',NULL),(5020,5059,'',NULL),(5021,5060,'',NULL),(5022,5061,'',NULL),(5023,5062,'',NULL),(5024,5063,'',NULL),(5025,5064,'',NULL),(5026,5065,'',NULL),(5027,5066,'',NULL),(5028,5067,'',NULL),(5029,5068,'',NULL),(5030,5069,'',NULL),(5031,5070,'',NULL),(5032,5071,'',NULL),(5033,5072,'',NULL),(5034,5073,'',NULL),(5035,5074,'',NULL),(5036,5075,'',NULL),(5037,5076,'',NULL),(5038,5077,'',NULL),(5039,5078,'',NULL),(5040,5079,'',NULL),(5041,5080,'',NULL),(5042,5081,'',NULL),(5043,5082,'',NULL),(5044,5083,'',NULL),(5045,5084,'',NULL),(5046,5085,'',NULL),(5047,5086,'',NULL),(5048,5087,'',NULL),(5049,5088,'',NULL),(5050,5089,'',NULL),(5051,5090,'',NULL),(5052,5091,'',NULL),(5053,5092,'',NULL),(5054,5093,'',NULL),(5055,5094,'',NULL),(5056,5095,'',NULL),(5057,5096,'',NULL),(5058,5097,'',NULL),(5059,5098,'',NULL),(5060,5099,'',NULL),(5061,5100,'',NULL),(5062,5101,'',NULL),(5063,5102,'',NULL),(5064,5103,'',NULL),(5065,5104,'',NULL),(5066,5105,'',NULL),(5067,5106,'',NULL),(5068,5107,'',NULL),(5069,5108,'',NULL),(5070,5109,'',NULL),(5071,5110,'',NULL),(5072,5111,'',NULL),(5073,5112,'',NULL),(5074,5113,'',NULL),(5075,5114,'',NULL),(5076,5115,'',NULL),(5077,5116,'',NULL),(5078,5117,'',NULL),(5079,5118,'',NULL),(5080,5119,'',NULL),(5081,5120,'',NULL),(5082,5121,'',NULL),(5083,5122,'',NULL),(5084,5123,'',NULL),(5085,5124,'',NULL),(5086,5125,'',NULL),(5087,5126,'',NULL),(5088,5127,'',NULL),(5089,5128,'',NULL),(5090,5129,'',NULL),(5091,5130,'',NULL),(5092,5131,'',NULL),(5093,5132,'',NULL),(5094,5133,'',NULL),(5095,5134,'',NULL),(5096,5135,'',NULL),(5097,5136,'',NULL),(5098,5137,'',NULL),(5099,5138,'',NULL),(5100,5139,'',NULL),(5101,5140,'',NULL),(5102,5141,'',NULL),(5103,5142,'',NULL),(5104,5143,'',NULL),(5105,5144,'',NULL),(5106,5145,'',NULL),(5107,5146,'',NULL),(5108,5147,'',NULL),(5109,5148,'',NULL),(5110,5149,'',NULL),(5111,5150,'',NULL),(5112,5151,'',NULL),(5113,5152,'',NULL),(5114,5153,'',NULL),(5115,5154,'',NULL),(5116,5155,'',NULL),(5117,5156,'',NULL),(5118,5157,'',NULL),(5119,5158,'',NULL),(5120,5159,'',NULL),(5121,5160,'',NULL),(5122,5161,'',NULL),(5123,5162,'',NULL),(5124,5163,'',NULL),(5125,5164,'',NULL),(5126,5165,'',NULL),(5127,5166,'',NULL),(5128,5167,'',NULL),(5129,5168,'',NULL),(5130,5169,'',NULL),(5131,5170,'',NULL),(5132,5171,'',NULL),(5133,5172,'',NULL),(5134,5173,'',NULL),(5135,5174,'',NULL),(5136,5175,'',NULL),(5137,5176,'',NULL),(5138,5177,'',NULL),(5139,5178,'',NULL),(5140,5179,'',NULL),(5141,5180,'',NULL),(5142,5181,'',NULL),(5143,5182,'',NULL),(5144,5183,'',NULL),(5145,5184,'',NULL),(5146,5185,'',NULL),(5147,5186,'',NULL),(5148,5187,'',NULL),(5149,5188,'',NULL),(5150,5189,'',NULL),(5151,5190,'',NULL),(5152,5191,'',NULL),(5153,5192,'',NULL),(5154,5193,'',NULL),(5155,5194,'',NULL),(5156,5195,'',NULL),(5157,5196,'',NULL),(5158,5197,'',NULL),(5159,5198,'',NULL),(5160,5199,'',NULL),(5161,5200,'',NULL),(5162,5201,'',NULL),(5163,5202,'',NULL),(5164,5203,'',NULL),(5165,5204,'',NULL),(5166,5205,'',NULL),(5167,5206,'',NULL),(5168,5207,'',NULL),(5169,5208,'',NULL),(5170,5209,'',NULL),(5171,5210,'',NULL),(5172,5211,'',NULL),(5173,5212,'',NULL),(5174,5213,'',NULL),(5175,5214,'',NULL),(5176,5215,'',NULL),(5177,5216,'',NULL),(5178,5217,'',NULL),(5179,5218,'',NULL),(5180,5219,'',NULL),(5181,5220,'',NULL),(5182,5221,'',NULL),(5183,5222,'',NULL),(5184,5223,'',NULL),(5185,5224,'',NULL),(5186,5225,'',NULL),(5187,5226,'',NULL),(5188,5227,'',NULL),(5189,5228,'',NULL),(5190,5229,'',NULL),(5191,5230,'',NULL),(5192,5231,'',NULL),(5193,5232,'',NULL),(5194,5233,'',NULL),(5195,5234,'',NULL),(5196,5235,'',NULL),(5197,5236,'',NULL),(5198,5237,'',NULL),(5199,5238,'',NULL),(5200,5239,'',NULL),(5201,5240,'',NULL),(5202,5241,'',NULL),(5203,5242,'',NULL),(5204,5243,'',NULL),(5205,5244,'',NULL),(5206,5245,'',NULL),(5207,5246,'',NULL),(5208,5247,'',NULL),(5209,5248,'',NULL),(5210,5249,'',NULL),(5211,5250,'',NULL),(5212,5251,'',NULL),(5213,5252,'',NULL),(5214,5253,'',NULL),(5215,5254,'',NULL),(5216,5255,'',NULL),(5217,5256,'',NULL),(5218,5257,'',NULL),(5219,5258,'',NULL),(5220,5259,'',NULL),(5221,5260,'',NULL),(5222,5261,'',NULL),(5223,5262,'',NULL),(5224,5263,'',NULL),(5225,5264,'',NULL),(5226,5265,'',NULL),(5227,5266,'',NULL),(5228,5267,'',NULL),(5229,5268,'',NULL),(5230,5269,'',NULL),(5231,5270,'',NULL),(5232,5271,'',NULL),(5233,5272,'',NULL),(5234,5273,'',NULL),(5235,5274,'',NULL),(5236,5275,'',NULL),(5237,5276,'',NULL),(5238,5277,'',NULL),(5239,5278,'',NULL),(5240,5279,'',NULL),(5241,5280,'',NULL),(5242,5281,'',NULL),(5243,5282,'',NULL),(5244,5283,'',NULL),(5245,5284,'',NULL),(5246,5285,'',NULL),(5247,5286,'',NULL),(5248,5287,'',NULL),(5249,5288,'',NULL),(5250,5289,'',NULL),(5251,5290,'',NULL),(5252,5291,'',NULL),(5253,5292,'',NULL),(5254,5293,'',NULL),(5255,5294,'',NULL),(5256,5295,'',NULL),(5257,5296,'',NULL),(5258,5297,'',NULL),(5259,5298,'',NULL),(5260,5299,'',NULL),(5261,5300,'',NULL),(5262,5301,'',NULL),(5263,5302,'',NULL),(5264,5303,'',NULL),(5265,5304,'',NULL),(5266,5305,'',NULL),(5267,5306,'',NULL),(5268,5307,'',NULL),(5269,5308,'',NULL),(5270,5309,'',NULL),(5271,5310,'',NULL),(5272,5311,'',NULL),(5273,5312,'',NULL),(5274,5313,'',NULL),(5275,5314,'',NULL),(5276,5315,'',NULL),(5277,5316,'',NULL),(5278,5317,'',NULL),(5279,5318,'',NULL),(5280,5319,'',NULL),(5281,5320,'',NULL),(5282,5321,'',NULL),(5283,5322,'',NULL),(5284,5323,'',NULL),(5285,5324,'',NULL),(5286,5325,'',NULL),(5287,5326,'',NULL),(5288,5327,'',NULL),(5289,5328,'',NULL),(5290,5329,'',NULL),(5291,5330,'',NULL),(5292,5331,'',NULL),(5293,5332,'',NULL),(5294,5333,'',NULL),(5295,5334,'',NULL),(5296,5335,'',NULL),(5297,5336,'',NULL),(5298,5337,'',NULL),(5299,5338,'',NULL),(5300,5339,'',NULL),(5301,5340,'',NULL),(5302,5341,'',NULL),(5303,5342,'',NULL),(5304,5343,'',NULL),(5305,5344,'',NULL),(5306,5345,'',NULL),(5307,5346,'',NULL),(5308,5347,'',NULL),(5309,5348,'',NULL),(5310,5349,'',NULL),(5311,5350,'',NULL),(5312,5351,'',NULL),(5313,5352,'',NULL),(5314,5353,'',NULL),(5315,5354,'',NULL),(5316,5355,'',NULL),(5317,5356,'',NULL),(5318,5357,'',NULL),(5319,5358,'',NULL),(5320,5359,'',NULL),(5321,5360,'',NULL),(5322,5361,'',NULL),(5323,5362,'',NULL),(5324,5363,'',NULL),(5325,5364,'',NULL),(5326,5365,'',NULL),(5327,5366,'',NULL),(5328,5367,'',NULL),(5329,5368,'',NULL),(5330,5369,'',NULL),(5331,5370,'',NULL),(5332,5371,'',NULL),(5333,5372,'',NULL),(5334,5373,'',NULL),(5335,5374,'',NULL),(5336,5375,'',NULL),(5337,5376,'',NULL),(5338,5377,'',NULL),(5339,5378,'',NULL),(5340,5379,'',NULL),(5341,5380,'',NULL),(5342,5381,'',NULL),(5343,5382,'',NULL),(5344,5383,'',NULL),(5345,5384,'',NULL),(5346,5385,'',NULL),(5347,5386,'',NULL),(5348,5387,'',NULL),(5349,5388,'',NULL),(5350,5389,'',NULL),(5351,5390,'',NULL),(5352,5391,'',NULL),(5353,5392,'',NULL),(5354,5393,'',NULL),(5355,5394,'',NULL),(5356,5395,'',NULL),(5357,5396,'',NULL),(5358,5397,'',NULL),(5359,5398,'',NULL),(5360,5399,'',NULL),(5361,5400,'',NULL),(5362,5401,'',NULL),(5363,5402,'',NULL),(5364,5403,'',NULL),(5365,5404,'',NULL),(5366,5405,'',NULL),(5367,5406,'',NULL),(5368,5407,'',NULL),(5369,5408,'',NULL),(5370,5409,'',NULL),(5371,5410,'',NULL),(5372,5411,'',NULL),(5373,5412,'',NULL),(5374,5413,'',NULL),(5375,5414,'',NULL),(5376,5415,'',NULL),(5377,5416,'',NULL),(5378,5417,'',NULL),(5379,5418,'',NULL),(5380,5419,'',NULL),(5381,5420,'',NULL),(5382,5421,'',NULL),(5383,5422,'',NULL),(5384,5423,'',NULL),(5385,5424,'',NULL),(5386,5425,'',NULL),(5387,5426,'',NULL),(5388,5427,'',NULL),(5389,5428,'',NULL),(5390,5429,'',NULL),(5391,5430,'',NULL),(5392,5431,'',NULL),(5393,5432,'',NULL),(5394,5433,'',NULL),(5395,5434,'',NULL),(5396,5435,'',NULL),(5397,5436,'',NULL),(5398,5437,'',NULL),(5399,5438,'',NULL),(5400,5439,'',NULL),(5401,5440,'',NULL),(5402,5441,'',NULL),(5403,5442,'',NULL),(5404,5443,'',NULL),(5405,5444,'',NULL),(5406,5445,'',NULL),(5407,5446,'',NULL),(5408,5447,'',NULL),(5409,5448,'',NULL),(5410,5449,'',NULL),(5411,5450,'',NULL),(5412,5451,'',NULL),(5413,5452,'',NULL),(5414,5453,'',NULL),(5415,5454,'',NULL),(5416,5455,'',NULL),(5417,5456,'',NULL),(5418,5457,'',NULL),(5419,5458,'',NULL),(5420,5459,'',NULL),(5421,5460,'',NULL),(5422,5461,'',NULL),(5423,5462,'',NULL),(5424,5463,'',NULL),(5425,5464,'',NULL),(5426,5465,'',NULL),(5427,5466,'',NULL),(5428,5467,'',NULL),(5429,5468,'',NULL),(5430,5469,'',NULL),(5431,5470,'',NULL),(5432,5471,'',NULL),(5433,5472,'',NULL),(5434,5473,'',NULL),(5435,5474,'',NULL),(5436,5475,'',NULL),(5437,5476,'',NULL),(5438,5477,'',NULL),(5439,5478,'',NULL),(5440,5479,'',NULL),(5441,5480,'',NULL),(5442,5481,'',NULL),(5443,5482,'',NULL),(5444,5483,'',NULL),(5445,5484,'',NULL),(5446,5485,'',NULL),(5447,5486,'',NULL),(5448,5487,'',NULL),(5449,5488,'',NULL),(5450,5489,'',NULL),(5451,5490,'',NULL),(5452,5491,'',NULL),(5453,5492,'',NULL),(5454,5493,'',NULL),(5455,5494,'',NULL),(5456,5495,'',NULL),(5457,5496,'',NULL),(5458,5497,'',NULL),(5459,5498,'',NULL),(5460,5499,'',NULL),(5461,5500,'',NULL),(5462,5501,'',NULL),(5463,5502,'',NULL),(5464,5503,'',NULL),(5465,5504,'',NULL),(5466,5505,'',NULL),(5467,5506,'',NULL),(5468,5507,'',NULL),(5469,5508,'',NULL),(5470,5509,'',NULL),(5471,5510,'',NULL),(5472,5511,'',NULL),(5473,5512,'',NULL),(5474,5513,'',NULL),(5475,5514,'',NULL),(5476,5515,'',NULL),(5477,5516,'',NULL),(5478,5517,'',NULL),(5479,5518,'',NULL),(5480,5519,'',NULL),(5481,5520,'',NULL),(5482,5521,'',NULL),(5483,5522,'',NULL),(5484,5523,'',NULL),(5485,5524,'',NULL),(5486,5525,'',NULL),(5487,5526,'',NULL),(5488,5527,'',NULL),(5489,5528,'',NULL),(5490,5529,'',NULL),(5491,5530,'',NULL),(5492,5531,'',NULL),(5493,5532,'',NULL),(5494,5533,'',NULL),(5495,5534,'',NULL),(5496,5535,'',NULL),(5497,5536,'',NULL),(5498,5537,'',NULL),(5499,5538,'',NULL),(5500,5539,'',NULL),(5501,5540,'',NULL),(5502,5541,'',NULL),(5503,5542,'',NULL),(5504,5543,'',NULL),(5505,5544,'',NULL),(5506,5545,'',NULL),(5507,5546,'',NULL),(5508,5547,'',NULL),(5509,5548,'',NULL),(5510,5549,'',NULL),(5511,5550,'',NULL),(5512,5551,'',NULL),(5513,5552,'',NULL),(5514,5553,'',NULL),(5515,5554,'',NULL),(5516,5555,'',NULL),(5517,5556,'',NULL),(5518,5557,'',NULL),(5519,5558,'',NULL),(5520,5559,'',NULL),(5521,5560,'',NULL),(5522,5561,'',NULL),(5523,5562,'',NULL),(5524,5563,'',NULL),(5525,5564,'',NULL),(5526,5565,'',NULL),(5527,5566,'',NULL),(5528,5567,'',NULL),(5529,5568,'',NULL),(5530,5569,'',NULL),(5531,5570,'',NULL),(5532,5571,'',NULL),(5533,5572,'',NULL),(5534,5573,'',NULL),(5535,5574,'',NULL),(5536,5575,'',NULL),(5537,5576,'',NULL),(5538,5577,'',NULL),(5539,5578,'',NULL),(5540,5579,'',NULL),(5541,5580,'',NULL),(5542,5581,'',NULL),(5543,5582,'',NULL),(5544,5583,'',NULL),(5545,5584,'',NULL),(5546,5585,'',NULL),(5547,5586,'',NULL),(5548,5587,'',NULL),(5549,5588,'',NULL),(5550,5589,'',NULL),(5551,5590,'',NULL),(5552,5591,'',NULL),(5553,5592,'',NULL),(5554,5593,'',NULL),(5555,5594,'',NULL),(5556,5595,'',NULL),(5557,5596,'',NULL),(5558,5597,'',NULL),(5559,5598,'',NULL),(5560,5599,'',NULL),(5561,5600,'',NULL),(5562,5601,'',NULL),(5563,5602,'',NULL),(5564,5603,'',NULL),(5565,5604,'',NULL),(5566,5605,'',NULL),(5567,5606,'',NULL),(5568,5607,'',NULL),(5569,5608,'',NULL),(5570,5609,'',NULL),(5571,5610,'',NULL),(5572,5611,'',NULL),(5573,5612,'',NULL),(5574,5613,'',NULL),(5575,5614,'',NULL),(5576,5615,'',NULL),(5577,5616,'',NULL),(5578,5617,'',NULL),(5579,5618,'',NULL),(5580,5619,'',NULL),(5581,5620,'',NULL),(5582,5621,'',NULL),(5583,5622,'',NULL),(5584,5623,'',NULL),(5585,5624,'',NULL),(5586,5625,'',NULL),(5587,5626,'',NULL),(5588,5627,'',NULL),(5589,5628,'',NULL),(5590,5629,'',NULL),(5591,5630,'',NULL),(5592,5631,'',NULL),(5593,5632,'',NULL),(5594,5633,'',NULL),(5595,5634,'',NULL),(5596,5635,'',NULL),(5597,5636,'',NULL),(5598,5637,'',NULL),(5599,5638,'',NULL),(5600,5639,'',NULL),(5601,5640,'',NULL),(5602,5641,'',NULL),(5603,5642,'',NULL),(5604,5643,'',NULL),(5605,5644,'',NULL),(5606,5645,'',NULL),(5607,5646,'',NULL),(5608,5647,'',NULL),(5609,5648,'',NULL),(5610,5649,'',NULL),(5611,5650,'',NULL),(5612,5651,'',NULL),(5613,5652,'',NULL),(5614,5653,'',NULL),(5615,5654,'',NULL),(5616,5655,'',NULL),(5617,5656,'',NULL),(5618,5657,'',NULL),(5619,5658,'',NULL),(5620,5659,'',NULL),(5621,5660,'',NULL),(5622,5661,'',NULL),(5623,5662,'',NULL),(5624,5663,'',NULL),(5625,5664,'',NULL),(5626,5665,'',NULL),(5627,5666,'',NULL),(5628,5667,'',NULL),(5629,5668,'',NULL),(5630,5669,'',NULL),(5631,5670,'',NULL),(5632,5671,'',NULL),(5633,5672,'',NULL),(5634,5673,'',NULL),(5635,5674,'',NULL),(5636,5675,'',NULL),(5637,5676,'',NULL),(5638,5677,'',NULL),(5639,5678,'',NULL),(5640,5679,'',NULL),(5641,5680,'',NULL),(5642,5681,'',NULL),(5643,5682,'',NULL),(5644,5683,'',NULL),(5645,5684,'',NULL),(5646,5685,'',NULL),(5647,5686,'',NULL),(5648,5687,'',NULL),(5649,5688,'',NULL),(5650,5689,'',NULL),(5651,5690,'',NULL),(5652,5691,'',NULL),(5653,5692,'',NULL),(5654,5693,'',NULL),(5655,5694,'',NULL),(5656,5695,'',NULL),(5657,5696,'',NULL),(5658,5697,'',NULL),(5659,5698,'',NULL),(5660,5699,'',NULL),(5661,5700,'',NULL),(5662,5701,'',NULL),(5663,5702,'',NULL),(5664,5703,'',NULL),(5665,5704,'',NULL),(5666,5705,'',NULL),(5667,5706,'',NULL),(5668,5707,'',NULL),(5669,5708,'',NULL),(5670,5709,'',NULL),(5671,5710,'',NULL),(5672,5711,'',NULL),(5673,5712,'',NULL),(5674,5713,'',NULL),(5675,5714,'',NULL),(5676,5715,'',NULL),(5677,5716,'',NULL),(5678,5717,'',NULL),(5679,5718,'',NULL),(5680,5719,'',NULL),(5681,5720,'',NULL),(5682,5721,'',NULL),(5683,5722,'',NULL),(5684,5723,'',NULL),(5685,5724,'',NULL),(5686,5725,'',NULL),(5687,5726,'',NULL),(5688,5727,'',NULL),(5689,5728,'',NULL),(5690,5729,'',NULL),(5691,5730,'',NULL),(5692,5731,'',NULL),(5693,5732,'',NULL),(5694,5733,'',NULL),(5695,5734,'',NULL),(5696,5735,'',NULL),(5697,5736,'',NULL),(5698,5737,'',NULL),(5699,5738,'',NULL),(5700,5739,'',NULL),(5701,5740,'',NULL),(5702,5741,'',NULL),(5703,5742,'',NULL),(5704,5743,'',NULL),(5705,5744,'',NULL),(5706,5745,'',NULL),(5707,5746,'',NULL),(5708,5747,'',NULL),(5709,5748,'',NULL),(5710,5749,'',NULL),(5711,5750,'',NULL),(5712,5751,'',NULL),(5713,5752,'',NULL),(5714,5753,'',NULL),(5715,5754,'',NULL),(5716,5755,'',NULL),(5717,5756,'',NULL),(5718,5757,'',NULL),(5719,5758,'',NULL),(5720,5759,'',NULL),(5721,5760,'',NULL),(5722,5761,'',NULL),(5723,5762,'',NULL),(5724,5763,'',NULL),(5725,5764,'',NULL),(5726,5765,'',NULL),(5727,5766,'',NULL),(5728,5767,'',NULL),(5729,5768,'',NULL),(5730,5769,'',NULL),(5731,5770,'',NULL),(5732,5771,'',NULL),(5733,5772,'',NULL),(5734,5773,'',NULL),(5735,5774,'',NULL),(5736,5775,'',NULL),(5737,5776,'',NULL),(5738,5777,'',NULL),(5739,5778,'',NULL),(5740,5779,'',NULL),(5741,5780,'',NULL),(5742,5781,'',NULL),(5743,5782,'',NULL),(5744,5783,'',NULL),(5745,5784,'',NULL),(5746,5785,'',NULL),(5747,5786,'',NULL),(5748,5787,'',NULL),(5749,5788,'',NULL),(5750,5789,'',NULL),(5751,5790,'',NULL),(5752,5791,'',NULL),(5753,5792,'',NULL),(5754,5793,'',NULL),(5755,5794,'',NULL),(5756,5795,'',NULL),(5757,5796,'',NULL),(5758,5797,'',NULL),(5759,5798,'',NULL),(5760,5799,'',NULL),(5761,5800,'',NULL),(5762,5801,'',NULL),(5763,5802,'',NULL),(5764,5803,'',NULL),(5765,5804,'',NULL),(5766,5805,'',NULL),(5767,5806,'',NULL),(5768,5807,'',NULL),(5769,5808,'',NULL),(5770,5809,'',NULL),(5771,5810,'',NULL),(5772,5811,'',NULL),(5773,5812,'',NULL),(5774,5813,'',NULL),(5775,5814,'',NULL),(5776,5815,'',NULL),(5777,5816,'',NULL),(5778,5817,'',NULL),(5779,5818,'',NULL),(5780,5819,'',NULL),(5781,5820,'',NULL),(5782,5821,'',NULL),(5783,5822,'',NULL),(5784,5823,'',NULL),(5785,5824,'',NULL),(5786,5825,'',NULL),(5787,5826,'',NULL),(5788,5827,'',NULL),(5789,5828,'',NULL),(5790,5829,'',NULL),(5791,5830,'',NULL),(5792,5831,'',NULL),(5793,5832,'',NULL),(5794,5833,'',NULL),(5795,5834,'',NULL),(5796,5835,'',NULL),(5797,5836,'',NULL),(5798,5837,'',NULL),(5799,5838,'',NULL),(5800,5839,'',NULL),(5801,5840,'',NULL),(5802,5841,'',NULL),(5803,5842,'',NULL),(5804,5843,'',NULL),(5805,5844,'',NULL),(5806,5845,'',NULL),(5807,5846,'',NULL),(5808,5847,'',NULL),(5809,5848,'',NULL),(5810,5849,'',NULL),(5811,5850,'',NULL),(5812,5851,'',NULL),(5813,5852,'',NULL),(5814,5853,'',NULL),(5815,5854,'',NULL),(5816,5855,'',NULL),(5817,5856,'',NULL),(5818,5857,'',NULL),(5819,5858,'',NULL),(5820,5859,'',NULL),(5821,5860,'',NULL),(5822,5861,'',NULL),(5823,5862,'',NULL),(5824,5863,'',NULL),(5825,5864,'',NULL),(5826,5865,'',NULL),(5827,5866,'',NULL),(5828,5867,'',NULL),(5829,5868,'',NULL),(5830,5869,'',NULL),(5831,5870,'',NULL),(5832,5871,'',NULL),(5833,5872,'',NULL),(5834,5873,'',NULL),(5835,5874,'',NULL),(5836,5875,'',NULL),(5837,5876,'',NULL),(5838,5877,'',NULL),(5839,5878,'',NULL),(5840,5879,'',NULL),(5841,5880,'',NULL),(5842,5881,'',NULL),(5843,5882,'',NULL),(5844,5883,'',NULL),(5845,5884,'',NULL),(5846,5885,'',NULL),(5847,5886,'',NULL);
/*!40000 ALTER TABLE `admission_mt` ENABLE KEYS */;
UNLOCK TABLES;

--
-- Table structure for table `balance_breakdown_fee`
--

DROP TABLE IF EXISTS `balance_breakdown_fee`;
/*!40101 SET @saved_cs_client     = @@character_set_client */;
/*!40101 SET character_set_client = utf8 */;
CREATE TABLE `balance_breakdown_fee` (
  `balance_breakdown_fee_id` int(11) NOT NULL AUTO_INCREMENT,
  `description` text NOT NULL,
  `amount` decimal(10,2) NOT NULL,
  `date_added` datetime NOT NULL DEFAULT CURRENT_TIMESTAMP,
  `payment_deadline` date NOT NULL,
  PRIMARY KEY (`balance_breakdown_fee_id`)
) ENGINE=InnoDB AUTO_INCREMENT=12 DEFAULT CHARSET=latin1;
/*!40101 SET character_set_client = @saved_cs_client */;

--
-- Dumping data for table `balance_breakdown_fee`
--

LOCK TABLES `balance_breakdown_fee` WRITE;
/*!40000 ALTER TABLE `balance_breakdown_fee` DISABLE KEYS */;
INSERT INTO `balance_breakdown_fee` VALUES (1,'Downpayment',8000.00,'2017-08-12 15:49:02','0000-00-00'),(2,'Month 1',1074.01,'2017-08-12 15:49:02','0000-00-00'),(3,'Month 2',1074.01,'2017-08-12 15:49:02','0000-00-00'),(4,'Month 3',1074.01,'2017-08-12 15:49:02','0000-00-00'),(5,'Month 4',1074.01,'2017-08-12 15:49:02','0000-00-00'),(6,'Month 5',1074.01,'2017-08-12 15:49:02','0000-00-00'),(7,'Month 6',1074.01,'2017-08-12 15:49:02','0000-00-00'),(8,'Month 7',1074.01,'2017-08-12 15:49:02','0000-00-00'),(9,'Month 8',1074.01,'2017-08-12 15:49:02','0000-00-00'),(10,'Month 9',1074.01,'2017-08-12 15:49:02','0000-00-00'),(11,'Month 10',1074.01,'2017-08-12 15:49:02','0000-00-00');
/*!40000 ALTER TABLE `balance_breakdown_fee` ENABLE KEYS */;
UNLOCK TABLES;

--
-- Table structure for table `credential_requirements_lt`
--

DROP TABLE IF EXISTS `credential_requirements_lt`;
/*!40101 SET @saved_cs_client     = @@character_set_client */;
/*!40101 SET character_set_client = utf8 */;
CREATE TABLE `credential_requirements_lt` (
  `credential_id` int(11) NOT NULL COMMENT 'This table contains all required credentials to be submitted by a student.\nSchool year column is added to know when or what school year the credential was required for that gradelevel..',
  `gradelevel_id` int(11) NOT NULL,
  `schoolyear_id` int(11) NOT NULL,
  `date_added` datetime NOT NULL DEFAULT CURRENT_TIMESTAMP,
  KEY `fk_credential_requirements_ltTABLE_credential_idCOL_idx` (`credential_id`),
  KEY `fk_credential_requirements_ltTABLE_gradelevel_idCOL_idx` (`gradelevel_id`),
  KEY `fk_credential_requirements_ltTABLE_schoolyearl_idCOL_idx` (`schoolyear_id`),
  CONSTRAINT `fk_credential_requirements_ltTABLE_credential_idCOL` FOREIGN KEY (`credential_id`) REFERENCES `credentials_mt` (`credential_id`) ON DELETE NO ACTION ON UPDATE NO ACTION,
  CONSTRAINT `fk_credential_requirements_ltTABLE_gradelevel_idCOL` FOREIGN KEY (`gradelevel_id`) REFERENCES `gradelevel_mt` (`gradelevel_id`) ON DELETE NO ACTION ON UPDATE NO ACTION,
  CONSTRAINT `fk_credential_requirements_ltTABLE_schoolyearl_idCOL` FOREIGN KEY (`schoolyear_id`) REFERENCES `schoolyear_mt` (`schoolyear_id`) ON DELETE NO ACTION ON UPDATE NO ACTION
) ENGINE=InnoDB DEFAULT CHARSET=latin1;
/*!40101 SET character_set_client = @saved_cs_client */;

--
-- Dumping data for table `credential_requirements_lt`
--

LOCK TABLES `credential_requirements_lt` WRITE;
/*!40000 ALTER TABLE `credential_requirements_lt` DISABLE KEYS */;
INSERT INTO `credential_requirements_lt` VALUES (18,301,409,'2017-03-24 01:31:07'),(18,302,409,'2017-03-24 01:31:07'),(18,303,409,'2017-03-24 01:31:07'),(18,304,409,'2017-03-24 01:31:08'),(18,305,409,'2017-03-24 01:31:08'),(18,306,409,'2017-03-24 01:31:08'),(18,307,409,'2017-03-24 01:31:08'),(18,308,409,'2017-03-24 01:31:08'),(18,309,409,'2017-03-24 01:31:08'),(18,310,409,'2017-03-24 01:31:08'),(18,311,409,'2017-03-24 01:31:08'),(19,301,409,'2017-03-24 01:32:20'),(19,302,409,'2017-03-24 01:32:20'),(19,303,409,'2017-03-24 01:32:20'),(19,304,409,'2017-03-24 01:32:20'),(19,305,409,'2017-03-24 01:32:20'),(19,306,409,'2017-03-24 01:32:20'),(19,307,409,'2017-03-24 01:32:20'),(19,308,409,'2017-03-24 01:32:20'),(19,309,409,'2017-03-24 01:32:20'),(19,310,409,'2017-03-24 01:32:20'),(19,311,409,'2017-03-24 01:32:20'),(20,301,409,'2017-03-24 01:33:00'),(20,302,409,'2017-03-24 01:33:00'),(20,303,409,'2017-03-24 01:33:00'),(20,304,409,'2017-03-24 01:33:00'),(20,305,409,'2017-03-24 01:33:00'),(20,306,409,'2017-03-24 01:33:00'),(20,307,409,'2017-03-24 01:33:01'),(20,308,409,'2017-03-24 01:33:01'),(20,309,409,'2017-03-24 01:33:01'),(20,310,409,'2017-03-24 01:33:01'),(20,311,409,'2017-03-24 01:33:01'),(21,302,409,'2017-03-24 01:33:35'),(21,303,409,'2017-03-24 01:33:36'),(21,304,409,'2017-03-24 01:33:36'),(21,305,409,'2017-03-24 01:33:36'),(21,306,409,'2017-03-24 01:33:36'),(21,307,409,'2017-03-24 01:33:36'),(21,308,409,'2017-03-24 01:33:36'),(21,309,409,'2017-03-24 01:33:36'),(21,310,409,'2017-03-24 01:33:36'),(21,311,409,'2017-03-24 01:33:36'),(22,308,409,'2017-03-24 01:33:58'),(22,309,409,'2017-03-24 01:33:58'),(22,310,409,'2017-03-24 01:33:59'),(22,311,409,'2017-03-24 01:33:59');
/*!40000 ALTER TABLE `credential_requirements_lt` ENABLE KEYS */;
UNLOCK TABLES;

--
-- Table structure for table `credentials_mt`
--

DROP TABLE IF EXISTS `credentials_mt`;
/*!40101 SET @saved_cs_client     = @@character_set_client */;
/*!40101 SET character_set_client = utf8 */;
CREATE TABLE `credentials_mt` (
  `credential_id` int(11) NOT NULL AUTO_INCREMENT,
  `credential_name` varchar(45) NOT NULL,
  `date_added` datetime NOT NULL DEFAULT CURRENT_TIMESTAMP,
  `credential_description` text NOT NULL,
  PRIMARY KEY (`credential_id`),
  UNIQUE KEY `credential_name_UNIQUE` (`credential_name`)
) ENGINE=InnoDB AUTO_INCREMENT=23 DEFAULT CHARSET=latin1 COMMENT='Master Table of Credentials';
/*!40101 SET character_set_client = @saved_cs_client */;

--
-- Dumping data for table `credentials_mt`
--

LOCK TABLES `credentials_mt` WRITE;
/*!40000 ALTER TABLE `credentials_mt` DISABLE KEYS */;
INSERT INTO `credentials_mt` VALUES (18,'Birth Certificate','2017-03-24 01:31:07',''),(19,'Baptismal','2017-03-24 01:32:20',''),(20,'ID','2017-03-24 01:33:00',''),(21,'Report Card','2017-03-24 01:33:35',''),(22,'Certificate Of Good Moral','2017-03-24 01:33:58','');
/*!40000 ALTER TABLE `credentials_mt` ENABLE KEYS */;
UNLOCK TABLES;

--
-- Table structure for table `credentials_received_lt`
--

DROP TABLE IF EXISTS `credentials_received_lt`;
/*!40101 SET @saved_cs_client     = @@character_set_client */;
/*!40101 SET character_set_client = utf8 */;
CREATE TABLE `credentials_received_lt` (
  `credential_id` int(11) NOT NULL,
  `registration_id` int(11) NOT NULL,
  `date_received` datetime NOT NULL DEFAULT CURRENT_TIMESTAMP,
  KEY `credentials_received_ltTABLE_credential_idCOL_idx` (`credential_id`),
  KEY `credentials_received_ltTABLE_registration_idCOL_idx` (`registration_id`),
  CONSTRAINT `credentials_received_ltTABLE_credential_idCOL` FOREIGN KEY (`credential_id`) REFERENCES `credentials_mt` (`credential_id`) ON DELETE NO ACTION ON UPDATE NO ACTION,
  CONSTRAINT `credentials_received_ltTABLE_registration_idCOL` FOREIGN KEY (`registration_id`) REFERENCES `registration_mt` (`registration_id`) ON DELETE NO ACTION ON UPDATE NO ACTION
) ENGINE=InnoDB DEFAULT CHARSET=latin1;
/*!40101 SET character_set_client = @saved_cs_client */;

--
-- Dumping data for table `credentials_received_lt`
--

LOCK TABLES `credentials_received_lt` WRITE;
/*!40000 ALTER TABLE `credentials_received_lt` DISABLE KEYS */;
/*!40000 ALTER TABLE `credentials_received_lt` ENABLE KEYS */;
UNLOCK TABLES;

--
-- Table structure for table `curriculum_mt`
--

DROP TABLE IF EXISTS `curriculum_mt`;
/*!40101 SET @saved_cs_client     = @@character_set_client */;
/*!40101 SET character_set_client = utf8 */;
CREATE TABLE `curriculum_mt` (
  `curriculum_id` int(11) NOT NULL AUTO_INCREMENT,
  `gradelevel_id` int(11) NOT NULL,
  `schoolyear_id` int(11) NOT NULL,
  `curriculum_title` varchar(45) NOT NULL,
  `description` text NOT NULL,
  `isActive` bit(1) DEFAULT b'1',
  `date_created` datetime DEFAULT CURRENT_TIMESTAMP,
  PRIMARY KEY (`curriculum_id`),
  UNIQUE KEY `uc_curriculum_mtTABLE_syCOL_glCOL` (`gradelevel_id`,`schoolyear_id`),
  KEY `fk_curriculum_mtTABLE_schoolyear_idCOL_idx` (`schoolyear_id`),
  CONSTRAINT `fk_curriculum_mtTABLE_gradelevel_idCOL` FOREIGN KEY (`gradelevel_id`) REFERENCES `gradelevel_mt` (`gradelevel_id`) ON DELETE NO ACTION ON UPDATE NO ACTION,
  CONSTRAINT `fk_curriculum_mtTABLE_schoolyear_idCOL` FOREIGN KEY (`schoolyear_id`) REFERENCES `schoolyear_mt` (`schoolyear_id`) ON DELETE NO ACTION ON UPDATE NO ACTION
) ENGINE=InnoDB AUTO_INCREMENT=2 DEFAULT CHARSET=latin1 COMMENT='Curriculum Master Table to hold all Curriculums.';
/*!40101 SET character_set_client = @saved_cs_client */;

--
-- Dumping data for table `curriculum_mt`
--

LOCK TABLES `curriculum_mt` WRITE;
/*!40000 ALTER TABLE `curriculum_mt` DISABLE KEYS */;
INSERT INTO `curriculum_mt` VALUES (1,302,408,'k12','Curriculum for grade 2','','2018-06-03 18:00:21');
/*!40000 ALTER TABLE `curriculum_mt` ENABLE KEYS */;
UNLOCK TABLES;

--
-- Table structure for table `curriculum_subject_lt`
--

DROP TABLE IF EXISTS `curriculum_subject_lt`;
/*!40101 SET @saved_cs_client     = @@character_set_client */;
/*!40101 SET character_set_client = utf8 */;
CREATE TABLE `curriculum_subject_lt` (
  `curriculum_id` int(11) NOT NULL,
  `subject_id` int(11) NOT NULL,
  `subject_hours` decimal(10,2) NOT NULL,
  KEY `fk_curriculum_subject_ltTABLE_curriculum_idCOL_idx` (`curriculum_id`),
  KEY `fk_curriculum_subject_ltTABLE_subject_idCOL_idx` (`subject_id`),
  CONSTRAINT `fk_curriculum_subject_ltTABLE_curriculum_idCOL` FOREIGN KEY (`curriculum_id`) REFERENCES `curriculum_mt` (`curriculum_id`) ON DELETE NO ACTION ON UPDATE NO ACTION,
  CONSTRAINT `fk_curriculum_subject_ltTABLE_subject_idCOL` FOREIGN KEY (`subject_id`) REFERENCES `subject_mt` (`subject_id`) ON DELETE NO ACTION ON UPDATE NO ACTION
) ENGINE=InnoDB DEFAULT CHARSET=latin1;
/*!40101 SET character_set_client = @saved_cs_client */;

--
-- Dumping data for table `curriculum_subject_lt`
--

LOCK TABLES `curriculum_subject_lt` WRITE;
/*!40000 ALTER TABLE `curriculum_subject_lt` DISABLE KEYS */;
/*!40000 ALTER TABLE `curriculum_subject_lt` ENABLE KEYS */;
UNLOCK TABLES;

--
-- Table structure for table `dashboardpermission`
--

DROP TABLE IF EXISTS `dashboardpermission`;
/*!40101 SET @saved_cs_client     = @@character_set_client */;
/*!40101 SET character_set_client = utf8 */;
CREATE TABLE `dashboardpermission` (
  `dashboardpermission_id` int(11) NOT NULL AUTO_INCREMENT,
  `description` varchar(45) NOT NULL,
  `can_access_registration` bit(1) NOT NULL,
  `can_access_grades` bit(1) NOT NULL,
  `can_access_payment` bit(1) NOT NULL,
  `can_access_enrollment` bit(1) NOT NULL,
  `can_access_settings` bit(1) NOT NULL,
  `can_access_accounts` bit(1) NOT NULL,
  `date_last_modified` datetime DEFAULT NULL,
  `modified_by_id` int(11) DEFAULT NULL,
  PRIMARY KEY (`dashboardpermission_id`),
  KEY `fk_dashboardpermissionTABLE_modified_by_idCOL_idx` (`modified_by_id`),
  CONSTRAINT `fk_dashboardpermissionTABLE_modified_by_idCOL` FOREIGN KEY (`modified_by_id`) REFERENCES `user_mt` (`user_id`) ON DELETE NO ACTION ON UPDATE NO ACTION
) ENGINE=InnoDB AUTO_INCREMENT=5 DEFAULT CHARSET=latin1;
/*!40101 SET character_set_client = @saved_cs_client */;

--
-- Dumping data for table `dashboardpermission`
--

LOCK TABLES `dashboardpermission` WRITE;
/*!40000 ALTER TABLE `dashboardpermission` DISABLE KEYS */;
INSERT INTO `dashboardpermission` VALUES (1,'Administrator Dashboard Permission','','','','','','',NULL,NULL),(2,'Cashier Dashboard Permission','\0','\0','','','\0','\0',NULL,NULL),(3,'Registrar Dashboard Permission','','\0','\0','','\0','\0',NULL,NULL),(4,'Faculty Dashboard Permission','\0','','\0','\0','\0','\0',NULL,NULL);
/*!40000 ALTER TABLE `dashboardpermission` ENABLE KEYS */;
UNLOCK TABLES;

--
-- Table structure for table `discount_mt`
--

DROP TABLE IF EXISTS `discount_mt`;
/*!40101 SET @saved_cs_client     = @@character_set_client */;
/*!40101 SET character_set_client = utf8 */;
CREATE TABLE `discount_mt` (
  `discount_id` int(11) NOT NULL AUTO_INCREMENT,
  `discount_name` varchar(45) NOT NULL,
  `percentage` int(11) NOT NULL,
  `description` text NOT NULL,
  `date_created` datetime NOT NULL DEFAULT CURRENT_TIMESTAMP,
  `isActive` bit(1) DEFAULT b'1',
  PRIMARY KEY (`discount_id`),
  UNIQUE KEY `discount_name_UNIQUE` (`discount_name`)
) ENGINE=InnoDB AUTO_INCREMENT=12 DEFAULT CHARSET=latin1 COMMENT='MASTER table of dicounts';
/*!40101 SET character_set_client = @saved_cs_client */;

--
-- Dumping data for table `discount_mt`
--

LOCK TABLES `discount_mt` WRITE;
/*!40000 ALTER TABLE `discount_mt` DISABLE KEYS */;
INSERT INTO `discount_mt` VALUES (4,'Employee Relative',13,'Employee Relative','2017-03-14 14:08:19',''),(5,'Varsity',8,'Discount for Varsity','2017-03-14 14:08:19',''),(7,'Referral',6,'Referral Discount','2017-03-14 14:08:19',''),(8,'Scholar-B',50,'50% Scholarship','2017-03-14 19:15:22',''),(9,'Scholar-A',100,'100% Discount for Scholars','2017-03-14 19:16:57',''),(10,'Scholar-C',25,'25% Discount for Scholars','2017-03-14 19:25:41',''),(11,'sibling discount',30,'sibling discount','2017-03-25 17:42:50','');
/*!40000 ALTER TABLE `discount_mt` ENABLE KEYS */;
UNLOCK TABLES;

--
-- Table structure for table `downpayment_mt`
--

DROP TABLE IF EXISTS `downpayment_mt`;
/*!40101 SET @saved_cs_client     = @@character_set_client */;
/*!40101 SET character_set_client = utf8 */;
CREATE TABLE `downpayment_mt` (
  `downpayment_id` int(11) NOT NULL AUTO_INCREMENT,
  `schoolyear_id` int(11) NOT NULL,
  `student_id` int(11) NOT NULL,
  `amount` decimal(10,2) NOT NULL,
  `date_paid` datetime NOT NULL DEFAULT CURRENT_TIMESTAMP,
  PRIMARY KEY (`downpayment_id`),
  KEY `fk_downpyament_mtTABLE_schoolyear_idCOL_idx` (`schoolyear_id`),
  KEY `fk_downpyament_mtTABLE_student_idCOL_idx` (`student_id`),
  CONSTRAINT `fk_downpyament_mtTABLE_schoolyear_idCOL` FOREIGN KEY (`schoolyear_id`) REFERENCES `schoolyear_mt` (`schoolyear_id`) ON DELETE NO ACTION ON UPDATE NO ACTION,
  CONSTRAINT `fk_downpyament_mtTABLE_student_idCOL` FOREIGN KEY (`student_id`) REFERENCES `student_mt` (`student_id`) ON DELETE NO ACTION ON UPDATE NO ACTION
) ENGINE=InnoDB DEFAULT CHARSET=latin1;
/*!40101 SET character_set_client = @saved_cs_client */;

--
-- Dumping data for table `downpayment_mt`
--

LOCK TABLES `downpayment_mt` WRITE;
/*!40000 ALTER TABLE `downpayment_mt` DISABLE KEYS */;
/*!40000 ALTER TABLE `downpayment_mt` ENABLE KEYS */;
UNLOCK TABLES;

--
-- Table structure for table `enrollment_mt`
--

DROP TABLE IF EXISTS `enrollment_mt`;
/*!40101 SET @saved_cs_client     = @@character_set_client */;
/*!40101 SET character_set_client = utf8 */;
CREATE TABLE `enrollment_mt` (
  `enrollment_id` int(11) NOT NULL AUTO_INCREMENT,
  `schoolyear_id` int(11) NOT NULL,
  `opening_date` date NOT NULL COMMENT 'any enrollment date prior to "opening_date" date  value will be considered Early Enrollment',
  `closing_date` date NOT NULL COMMENT 'any enrollment date beyond "closing_date" date  value will be considered Late Enrollment',
  `date_created` datetime DEFAULT CURRENT_TIMESTAMP,
  PRIMARY KEY (`enrollment_id`),
  UNIQUE KEY `schoolyear_id_UNIQUE` (`schoolyear_id`),
  KEY `fk_enrollment_mtTABLE_schoolyear_idCOL_idx` (`schoolyear_id`),
  CONSTRAINT `fk_enrollment_mtTABLE_schoolyear_idCOL` FOREIGN KEY (`schoolyear_id`) REFERENCES `schoolyear_mt` (`schoolyear_id`) ON DELETE NO ACTION ON UPDATE NO ACTION
) ENGINE=InnoDB AUTO_INCREMENT=18 DEFAULT CHARSET=latin1 COMMENT='This table will store the information of ENROLLMENT SCHEDULE such as when the enrollment OPENS and when the enrollment CLOSES\nEvery enrollment will be associated with a School Year';
/*!40101 SET character_set_client = @saved_cs_client */;

--
-- Dumping data for table `enrollment_mt`
--

LOCK TABLES `enrollment_mt` WRITE;
/*!40000 ALTER TABLE `enrollment_mt` DISABLE KEYS */;
INSERT INTO `enrollment_mt` VALUES (2,407,'2017-05-01','2017-06-30','2017-02-28 14:28:12'),(3,408,'2018-05-01','2018-06-01','2017-02-28 21:25:19'),(4,409,'2016-05-01','2016-05-30','2017-03-06 13:46:02'),(16,425,'2019-01-01','2019-01-31','2017-07-08 10:36:18'),(17,426,'2020-01-01','2020-01-31','2017-08-12 10:40:55');
/*!40000 ALTER TABLE `enrollment_mt` ENABLE KEYS */;
UNLOCK TABLES;

--
-- Table structure for table `enrollment_student_lt`
--

DROP TABLE IF EXISTS `enrollment_student_lt`;
/*!40101 SET @saved_cs_client     = @@character_set_client */;
/*!40101 SET character_set_client = utf8 */;
CREATE TABLE `enrollment_student_lt` (
  `enrollment_id` int(11) NOT NULL,
  `student_id` int(11) NOT NULL,
  `date_of_enrollment` datetime NOT NULL,
  `isEarlyEnrollment` bit(1) NOT NULL DEFAULT b'0',
  `isLateEnrollment` bit(1) NOT NULL DEFAULT b'0',
  KEY `fk_enrollment_student_ltTABLE_enrollment_idCOL_idx` (`enrollment_id`),
  KEY `fk_enrollment_student_ltTABLE_student_idCOL_idx` (`student_id`),
  CONSTRAINT `fk_enrollment_student_ltTABLE_enrollment_idCOL` FOREIGN KEY (`enrollment_id`) REFERENCES `enrollment_mt` (`enrollment_id`) ON DELETE NO ACTION ON UPDATE NO ACTION,
  CONSTRAINT `fk_enrollment_student_ltTABLE_student_idCOL` FOREIGN KEY (`student_id`) REFERENCES `student_mt` (`student_id`) ON DELETE NO ACTION ON UPDATE NO ACTION
) ENGINE=InnoDB DEFAULT CHARSET=latin1 COMMENT='This will contain all students enrollment dates and will determine whether an enrollment is late enrollment or early enrollment';
/*!40101 SET character_set_client = @saved_cs_client */;

--
-- Dumping data for table `enrollment_student_lt`
--

LOCK TABLES `enrollment_student_lt` WRITE;
/*!40000 ALTER TABLE `enrollment_student_lt` DISABLE KEYS */;
INSERT INTO `enrollment_student_lt` VALUES (2,13987,'2017-08-12 00:00:00','\0',''),(2,13988,'2017-08-12 00:00:00','\0',''),(2,13989,'2017-08-12 00:00:00','\0',''),(2,13990,'2017-08-12 00:00:00','\0',''),(2,13991,'2017-08-12 00:00:00','\0',''),(2,13992,'2017-08-12 00:00:00','\0',''),(2,13993,'2017-08-12 00:00:00','\0',''),(2,13994,'2017-08-12 00:00:00','\0',''),(2,13995,'2017-08-12 00:00:00','\0',''),(2,13996,'2017-08-12 00:00:00','\0',''),(2,13997,'2017-08-12 00:00:00','\0',''),(2,13998,'2017-08-12 00:00:00','\0',''),(2,13999,'2017-08-12 00:00:00','\0',''),(2,14000,'2017-08-12 00:00:00','\0',''),(2,14001,'2017-08-12 00:00:00','\0',''),(2,14002,'2017-08-12 00:00:00','\0',''),(2,14003,'2017-08-12 00:00:00','\0',''),(2,14004,'2017-08-12 00:00:00','\0',''),(2,14005,'2017-08-12 00:00:00','\0',''),(2,14006,'2017-08-12 00:00:00','\0',''),(2,14007,'2017-08-12 00:00:00','\0',''),(2,14008,'2017-08-12 00:00:00','\0',''),(2,14009,'2017-08-12 00:00:00','\0',''),(2,14010,'2017-08-12 00:00:00','\0',''),(2,14011,'2017-08-12 00:00:00','\0',''),(2,14012,'2017-08-12 00:00:00','\0',''),(2,14013,'2017-08-12 00:00:00','\0',''),(2,14014,'2017-08-12 00:00:00','\0',''),(2,14015,'2017-08-12 00:00:00','\0',''),(2,14016,'2017-08-12 00:00:00','\0',''),(2,14017,'2017-08-12 00:00:00','\0',''),(2,14018,'2017-08-12 00:00:00','\0',''),(2,14019,'2017-08-12 00:00:00','\0',''),(2,14020,'2017-08-12 00:00:00','\0',''),(2,14021,'2017-08-12 00:00:00','\0',''),(2,14022,'2017-08-12 00:00:00','\0',''),(2,14023,'2017-08-12 00:00:00','\0',''),(2,14024,'2017-08-12 00:00:00','\0',''),(2,14025,'2017-08-12 00:00:00','\0',''),(2,14026,'2017-08-12 00:00:00','\0',''),(2,14027,'2017-08-12 00:00:00','\0',''),(2,14028,'2017-08-12 00:00:00','\0',''),(2,14029,'2017-08-12 00:00:00','\0',''),(2,14030,'2017-08-12 00:00:00','\0',''),(2,14031,'2017-08-12 00:00:00','\0',''),(2,14032,'2017-08-12 00:00:00','\0',''),(2,14033,'2017-08-12 00:00:00','\0',''),(2,14034,'2017-08-12 00:00:00','\0',''),(2,14035,'2017-08-12 00:00:00','\0',''),(2,14036,'2017-08-12 00:00:00','\0',''),(2,14037,'2017-08-12 00:00:00','\0',''),(2,14038,'2017-08-12 00:00:00','\0',''),(2,14039,'2017-08-12 00:00:00','\0',''),(2,14040,'2017-08-12 00:00:00','\0',''),(2,14041,'2017-08-12 00:00:00','\0',''),(2,14042,'2017-08-12 00:00:00','\0',''),(2,14043,'2017-08-12 00:00:00','\0',''),(2,14044,'2017-08-12 00:00:00','\0',''),(2,14045,'2017-08-12 00:00:00','\0',''),(2,14046,'2017-08-12 00:00:00','\0',''),(2,14047,'2017-08-12 00:00:00','\0',''),(2,14048,'2017-08-12 00:00:00','\0',''),(2,14049,'2017-08-12 00:00:00','\0',''),(2,14050,'2017-08-12 00:00:00','\0',''),(2,14051,'2017-08-12 00:00:00','\0',''),(2,14052,'2017-08-12 00:00:00','\0',''),(2,14053,'2017-08-12 00:00:00','\0',''),(2,14054,'2017-08-12 00:00:00','\0',''),(2,14055,'2017-08-12 00:00:00','\0',''),(2,14056,'2017-08-12 00:00:00','\0',''),(2,14057,'2017-08-12 00:00:00','\0',''),(2,14058,'2017-08-12 00:00:00','\0',''),(2,14059,'2017-08-12 00:00:00','\0',''),(2,14060,'2017-08-12 00:00:00','\0',''),(2,14061,'2017-08-12 00:00:00','\0',''),(2,14062,'2017-08-12 00:00:00','\0',''),(2,14063,'2017-08-12 00:00:00','\0',''),(2,14064,'2017-08-12 00:00:00','\0',''),(2,14065,'2017-08-12 00:00:00','\0',''),(2,14066,'2017-08-12 00:00:00','\0',''),(2,14067,'2017-08-12 00:00:00','\0',''),(2,14068,'2017-08-12 00:00:00','\0',''),(2,14069,'2017-08-12 00:00:00','\0',''),(2,14070,'2017-08-12 00:00:00','\0',''),(2,14071,'2017-08-12 00:00:00','\0',''),(2,14072,'2017-08-12 00:00:00','\0',''),(2,14073,'2017-08-12 00:00:00','\0',''),(2,14074,'2017-08-12 00:00:00','\0',''),(2,14075,'2017-08-12 00:00:00','\0',''),(2,14076,'2017-08-12 00:00:00','\0',''),(2,14077,'2017-08-12 00:00:00','\0',''),(2,14078,'2017-08-12 00:00:00','\0',''),(2,14079,'2017-08-12 00:00:00','\0',''),(2,14080,'2017-08-12 00:00:00','\0',''),(2,14081,'2017-08-12 00:00:00','\0',''),(2,14082,'2017-08-12 00:00:00','\0',''),(2,14083,'2017-08-12 00:00:00','\0',''),(2,14084,'2017-08-12 00:00:00','\0',''),(2,14085,'2017-08-12 00:00:00','\0',''),(2,14086,'2017-08-12 00:00:00','\0',''),(2,14087,'2017-08-12 00:00:00','\0',''),(2,14088,'2017-08-12 00:00:00','\0',''),(2,14089,'2017-08-12 00:00:00','\0',''),(2,14090,'2017-08-12 00:00:00','\0',''),(2,14091,'2017-08-12 00:00:00','\0',''),(2,14092,'2017-08-12 00:00:00','\0',''),(2,14093,'2017-08-12 00:00:00','\0',''),(2,14094,'2017-08-12 00:00:00','\0',''),(2,14095,'2017-08-12 00:00:00','\0',''),(2,14096,'2017-08-12 00:00:00','\0',''),(2,14097,'2017-08-12 00:00:00','\0',''),(2,14098,'2017-08-12 00:00:00','\0',''),(2,14099,'2017-08-12 00:00:00','\0',''),(2,14100,'2017-08-12 00:00:00','\0',''),(2,14101,'2017-08-12 00:00:00','\0',''),(2,14102,'2017-08-12 00:00:00','\0',''),(2,14103,'2017-08-12 00:00:00','\0',''),(2,14104,'2017-08-12 00:00:00','\0',''),(2,14105,'2017-08-12 00:00:00','\0',''),(2,14106,'2017-08-12 00:00:00','\0',''),(2,14107,'2017-08-12 00:00:00','\0',''),(2,14108,'2017-08-12 00:00:00','\0',''),(2,14109,'2017-08-12 00:00:00','\0',''),(2,14110,'2017-08-12 00:00:00','\0',''),(2,14111,'2017-08-12 00:00:00','\0',''),(2,14112,'2017-08-12 00:00:00','\0',''),(2,14113,'2017-08-12 00:00:00','\0',''),(2,14114,'2017-08-12 00:00:00','\0',''),(2,14115,'2017-08-12 00:00:00','\0',''),(2,14116,'2017-08-12 00:00:00','\0',''),(2,14117,'2017-08-12 00:00:00','\0',''),(2,14118,'2017-08-12 00:00:00','\0',''),(2,14119,'2017-08-12 00:00:00','\0',''),(2,14120,'2017-08-12 00:00:00','\0',''),(2,14121,'2017-08-12 00:00:00','\0',''),(2,14122,'2017-08-12 00:00:00','\0',''),(2,14123,'2017-08-12 00:00:00','\0',''),(2,14124,'2017-08-12 00:00:00','\0',''),(2,14125,'2017-08-12 00:00:00','\0',''),(2,14126,'2017-08-12 00:00:00','\0',''),(2,14127,'2017-08-12 00:00:00','\0',''),(2,14128,'2017-08-12 00:00:00','\0',''),(2,14129,'2017-08-12 00:00:00','\0',''),(2,14130,'2017-08-12 00:00:00','\0',''),(2,14131,'2017-08-12 00:00:00','\0',''),(2,14132,'2017-08-12 00:00:00','\0',''),(2,14133,'2017-08-12 00:00:00','\0',''),(2,14134,'2017-08-12 00:00:00','\0',''),(2,14135,'2017-08-12 00:00:00','\0',''),(2,14136,'2017-08-12 00:00:00','\0',''),(2,14137,'2017-08-12 00:00:00','\0',''),(2,14138,'2017-08-12 00:00:00','\0',''),(2,14139,'2017-08-12 00:00:00','\0',''),(2,14140,'2017-08-12 00:00:00','\0',''),(2,14141,'2017-08-12 00:00:00','\0',''),(2,14142,'2017-08-12 00:00:00','\0',''),(2,14143,'2017-08-12 00:00:00','\0',''),(2,14144,'2017-08-12 00:00:00','\0',''),(2,14145,'2017-08-12 00:00:00','\0',''),(2,14146,'2017-08-12 00:00:00','\0',''),(2,14147,'2017-08-12 00:00:00','\0',''),(2,14148,'2017-08-12 00:00:00','\0',''),(2,14149,'2017-08-12 00:00:00','\0',''),(2,14150,'2017-08-12 00:00:00','\0',''),(2,14151,'2017-08-12 00:00:00','\0',''),(2,14152,'2017-08-12 00:00:00','\0',''),(2,14153,'2017-08-12 00:00:00','\0',''),(2,14154,'2017-08-12 00:00:00','\0',''),(2,14155,'2017-08-12 00:00:00','\0',''),(2,14156,'2017-08-12 00:00:00','\0',''),(2,14157,'2017-08-12 00:00:00','\0',''),(2,14158,'2017-08-12 00:00:00','\0',''),(2,14159,'2017-08-12 00:00:00','\0',''),(2,14160,'2017-08-12 00:00:00','\0',''),(2,14161,'2017-08-12 00:00:00','\0',''),(2,14162,'2017-08-12 00:00:00','\0',''),(2,14163,'2017-08-12 00:00:00','\0',''),(2,14164,'2017-08-12 00:00:00','\0',''),(2,14165,'2017-08-12 00:00:00','\0',''),(2,14166,'2017-08-12 00:00:00','\0',''),(2,14167,'2017-08-12 00:00:00','\0',''),(2,14168,'2017-08-12 00:00:00','\0',''),(2,14169,'2017-08-12 00:00:00','\0',''),(2,14170,'2017-08-12 00:00:00','\0',''),(2,14171,'2017-08-12 00:00:00','\0',''),(2,14172,'2017-08-12 00:00:00','\0',''),(2,14173,'2017-08-12 00:00:00','\0',''),(2,14174,'2017-08-12 00:00:00','\0',''),(2,14175,'2017-08-12 00:00:00','\0',''),(2,14176,'2017-08-12 00:00:00','\0',''),(2,14177,'2017-08-12 00:00:00','\0',''),(2,14178,'2017-08-12 00:00:00','\0',''),(2,14179,'2017-08-12 00:00:00','\0',''),(2,14180,'2017-08-12 00:00:00','\0',''),(2,14181,'2017-08-12 00:00:00','\0',''),(2,14182,'2017-08-12 00:00:00','\0',''),(2,14183,'2017-08-12 00:00:00','\0',''),(2,14184,'2017-08-12 00:00:00','\0',''),(2,14185,'2017-08-12 00:00:00','\0',''),(2,14186,'2017-08-12 00:00:00','\0',''),(2,14187,'2017-08-12 00:00:00','\0',''),(2,14188,'2017-08-12 00:00:00','\0',''),(2,14189,'2017-08-12 00:00:00','\0',''),(2,14190,'2017-08-12 00:00:00','\0',''),(2,14191,'2017-08-12 00:00:00','\0',''),(2,14192,'2017-08-12 00:00:00','\0',''),(2,14193,'2017-08-12 00:00:00','\0',''),(2,14194,'2017-08-12 00:00:00','\0',''),(2,14195,'2017-08-12 00:00:00','\0',''),(2,14196,'2017-08-12 00:00:00','\0',''),(2,14197,'2017-08-12 00:00:00','\0',''),(2,14198,'2017-08-12 00:00:00','\0',''),(2,14199,'2017-08-12 00:00:00','\0',''),(2,14200,'2017-08-12 00:00:00','\0',''),(2,14201,'2017-08-12 00:00:00','\0',''),(2,14202,'2017-08-12 00:00:00','\0',''),(2,14203,'2017-08-12 00:00:00','\0',''),(2,14204,'2017-08-12 00:00:00','\0',''),(2,14205,'2017-08-12 00:00:00','\0',''),(2,14206,'2017-08-12 00:00:00','\0',''),(2,14207,'2017-08-12 00:00:00','\0',''),(2,14208,'2017-08-12 00:00:00','\0',''),(2,14209,'2017-08-12 00:00:00','\0',''),(2,14210,'2017-08-12 00:00:00','\0',''),(2,14211,'2017-08-12 00:00:00','\0',''),(2,14212,'2017-08-12 00:00:00','\0',''),(2,14213,'2017-08-12 00:00:00','\0',''),(2,14214,'2017-08-12 00:00:00','\0',''),(2,14215,'2017-08-12 00:00:00','\0',''),(2,14216,'2017-08-12 00:00:00','\0',''),(2,14217,'2017-08-12 00:00:00','\0',''),(2,14218,'2017-08-12 00:00:00','\0',''),(2,14219,'2017-08-12 00:00:00','\0',''),(2,14220,'2017-08-12 00:00:00','\0',''),(2,14221,'2017-08-12 00:00:00','\0',''),(2,14222,'2017-08-12 00:00:00','\0',''),(2,14223,'2017-08-12 00:00:00','\0',''),(2,14224,'2017-08-12 00:00:00','\0',''),(2,14225,'2017-08-12 00:00:00','\0',''),(2,14226,'2017-08-12 00:00:00','\0',''),(2,14227,'2017-08-12 00:00:00','\0',''),(2,14228,'2017-08-12 00:00:00','\0',''),(2,14229,'2017-08-12 00:00:00','\0',''),(2,14230,'2017-08-12 00:00:00','\0',''),(2,14231,'2017-08-12 00:00:00','\0',''),(2,14232,'2017-08-12 00:00:00','\0',''),(2,14233,'2017-08-12 00:00:00','\0',''),(2,14234,'2017-08-12 00:00:00','\0',''),(2,14235,'2017-08-12 00:00:00','\0',''),(2,14236,'2017-08-12 00:00:00','\0',''),(2,14237,'2017-08-12 00:00:00','\0',''),(2,14238,'2017-08-12 00:00:00','\0',''),(2,14239,'2017-08-12 00:00:00','\0',''),(2,14240,'2017-08-12 00:00:00','\0',''),(2,14241,'2017-08-12 00:00:00','\0',''),(2,14242,'2017-08-12 00:00:00','\0',''),(2,14243,'2017-08-12 00:00:00','\0',''),(2,14244,'2017-08-12 00:00:00','\0',''),(2,14245,'2017-08-12 00:00:00','\0',''),(2,14246,'2017-08-12 00:00:00','\0',''),(2,14247,'2017-08-12 00:00:00','\0',''),(2,14248,'2017-08-12 00:00:00','\0',''),(2,14249,'2017-08-12 00:00:00','\0',''),(2,14250,'2017-08-12 00:00:00','\0',''),(2,14251,'2017-08-12 00:00:00','\0',''),(2,14252,'2017-08-12 00:00:00','\0',''),(2,14253,'2017-08-12 00:00:00','\0',''),(2,14254,'2017-08-12 00:00:00','\0',''),(2,14255,'2017-08-12 00:00:00','\0',''),(2,14256,'2017-08-12 00:00:00','\0',''),(2,14257,'2017-08-12 00:00:00','\0',''),(2,14258,'2017-08-12 00:00:00','\0',''),(2,14259,'2017-08-12 00:00:00','\0',''),(2,14260,'2017-08-12 00:00:00','\0',''),(2,14261,'2017-08-12 00:00:00','\0',''),(2,14262,'2017-08-12 00:00:00','\0',''),(2,14263,'2017-08-12 00:00:00','\0',''),(2,14264,'2017-08-12 00:00:00','\0',''),(2,14265,'2017-08-12 00:00:00','\0',''),(2,14266,'2017-08-12 00:00:00','\0',''),(2,14267,'2017-08-12 00:00:00','\0',''),(2,14268,'2017-08-12 00:00:00','\0',''),(2,14269,'2017-08-12 00:00:00','\0',''),(2,14270,'2017-08-12 00:00:00','\0',''),(2,14271,'2017-08-12 00:00:00','\0',''),(2,14272,'2017-08-12 00:00:00','\0',''),(2,14273,'2017-08-12 00:00:00','\0',''),(2,14274,'2017-08-12 00:00:00','\0',''),(2,14275,'2017-08-12 00:00:00','\0',''),(2,14276,'2017-08-12 00:00:00','\0',''),(2,14277,'2017-08-12 00:00:00','\0',''),(2,14278,'2017-08-12 00:00:00','\0',''),(2,14279,'2017-08-12 00:00:00','\0',''),(2,14280,'2017-08-12 00:00:00','\0',''),(2,14281,'2017-08-12 00:00:00','\0',''),(2,14282,'2017-08-12 00:00:00','\0',''),(2,14283,'2017-08-12 00:00:00','\0',''),(2,14284,'2017-08-12 00:00:00','\0',''),(2,14285,'2017-08-12 00:00:00','\0',''),(2,14286,'2017-08-12 00:00:00','\0',''),(2,14287,'2017-08-12 00:00:00','\0',''),(2,14288,'2017-08-12 00:00:00','\0',''),(2,14289,'2017-08-12 00:00:00','\0',''),(2,14290,'2017-08-12 00:00:00','\0',''),(2,14291,'2017-08-12 00:00:00','\0',''),(2,14292,'2017-08-12 00:00:00','\0',''),(2,14293,'2017-08-12 00:00:00','\0',''),(2,14294,'2017-08-12 00:00:00','\0',''),(2,14295,'2017-08-12 00:00:00','\0',''),(2,14296,'2017-08-12 00:00:00','\0',''),(2,14297,'2017-08-12 00:00:00','\0',''),(2,14298,'2017-08-12 00:00:00','\0',''),(2,14299,'2017-08-12 00:00:00','\0',''),(2,14300,'2017-08-12 00:00:00','\0',''),(2,14301,'2017-08-12 00:00:00','\0',''),(2,14302,'2017-08-12 00:00:00','\0',''),(2,14303,'2017-08-12 00:00:00','\0',''),(2,14304,'2017-08-12 00:00:00','\0',''),(2,14305,'2017-08-12 00:00:00','\0',''),(2,14306,'2017-08-12 00:00:00','\0',''),(2,14307,'2017-08-12 00:00:00','\0',''),(2,14308,'2017-08-12 00:00:00','\0',''),(2,14309,'2017-08-12 00:00:00','\0',''),(2,14310,'2017-08-12 00:00:00','\0',''),(2,14311,'2017-08-12 00:00:00','\0',''),(2,14312,'2017-08-12 00:00:00','\0',''),(2,14313,'2017-08-12 00:00:00','\0',''),(2,14314,'2017-08-12 00:00:00','\0',''),(2,14315,'2017-08-12 00:00:00','\0',''),(2,14316,'2017-08-12 00:00:00','\0',''),(4,14317,'2016-08-12 00:00:00','\0',''),(4,14318,'2016-08-12 00:00:00','\0',''),(4,14319,'2016-08-12 00:00:00','\0',''),(4,14320,'2016-08-12 00:00:00','\0',''),(4,14321,'2016-08-12 00:00:00','\0',''),(4,14322,'2016-08-12 00:00:00','\0',''),(4,14323,'2016-08-12 00:00:00','\0',''),(4,14324,'2016-08-12 00:00:00','\0',''),(4,14325,'2016-08-12 00:00:00','\0',''),(4,14326,'2016-08-12 00:00:00','\0',''),(4,14327,'2016-08-12 00:00:00','\0',''),(4,14328,'2016-08-12 00:00:00','\0',''),(4,14329,'2016-08-12 00:00:00','\0',''),(4,14330,'2016-08-12 00:00:00','\0',''),(4,14331,'2016-08-12 00:00:00','\0',''),(4,14332,'2016-08-12 00:00:00','\0',''),(4,14333,'2016-08-12 00:00:00','\0',''),(4,14334,'2016-08-12 00:00:00','\0',''),(4,14335,'2016-08-12 00:00:00','\0',''),(4,14336,'2016-08-12 00:00:00','\0',''),(4,14337,'2016-08-12 00:00:00','\0',''),(4,14338,'2016-08-12 00:00:00','\0',''),(4,14339,'2016-08-12 00:00:00','\0',''),(4,14340,'2016-08-12 00:00:00','\0',''),(4,14341,'2016-08-12 00:00:00','\0',''),(4,14342,'2016-08-12 00:00:00','\0',''),(4,14343,'2016-08-12 00:00:00','\0',''),(4,14344,'2016-08-12 00:00:00','\0',''),(4,14345,'2016-08-12 00:00:00','\0',''),(4,14346,'2016-08-12 00:00:00','\0',''),(4,14347,'2016-08-12 00:00:00','\0',''),(4,14348,'2016-08-12 00:00:00','\0',''),(4,14349,'2016-08-12 00:00:00','\0',''),(4,14350,'2016-08-12 00:00:00','\0',''),(4,14351,'2016-08-12 00:00:00','\0',''),(4,14352,'2016-08-12 00:00:00','\0',''),(4,14353,'2016-08-12 00:00:00','\0',''),(4,14354,'2016-08-12 00:00:00','\0',''),(4,14355,'2016-08-12 00:00:00','\0',''),(4,14356,'2016-08-12 00:00:00','\0',''),(4,14357,'2016-08-12 00:00:00','\0',''),(4,14358,'2016-08-12 00:00:00','\0',''),(4,14359,'2016-08-12 00:00:00','\0',''),(4,14360,'2016-08-12 00:00:00','\0',''),(4,14361,'2016-08-12 00:00:00','\0',''),(4,14362,'2016-08-12 00:00:00','\0',''),(4,14363,'2016-08-12 00:00:00','\0',''),(4,14364,'2016-08-12 00:00:00','\0',''),(4,14365,'2016-08-12 00:00:00','\0',''),(4,14366,'2016-08-12 00:00:00','\0',''),(4,14367,'2016-08-12 00:00:00','\0',''),(4,14368,'2016-08-12 00:00:00','\0',''),(4,14369,'2016-08-12 00:00:00','\0',''),(4,14370,'2016-08-12 00:00:00','\0',''),(4,14371,'2016-08-12 00:00:00','\0',''),(4,14372,'2016-08-12 00:00:00','\0',''),(4,14373,'2016-08-12 00:00:00','\0',''),(4,14374,'2016-08-12 00:00:00','\0',''),(4,14375,'2016-08-12 00:00:00','\0',''),(4,14376,'2016-08-12 00:00:00','\0',''),(4,14377,'2016-08-12 00:00:00','\0',''),(4,14378,'2016-08-12 00:00:00','\0',''),(4,14379,'2016-08-12 00:00:00','\0',''),(4,14380,'2016-08-12 00:00:00','\0',''),(4,14381,'2016-08-12 00:00:00','\0',''),(4,14382,'2016-08-12 00:00:00','\0',''),(4,14383,'2016-08-12 00:00:00','\0',''),(4,14384,'2016-08-12 00:00:00','\0',''),(4,14385,'2016-08-12 00:00:00','\0',''),(4,14386,'2016-08-12 00:00:00','\0',''),(4,14387,'2016-08-12 00:00:00','\0',''),(4,14388,'2016-08-12 00:00:00','\0',''),(4,14389,'2016-08-12 00:00:00','\0',''),(4,14390,'2016-08-12 00:00:00','\0',''),(4,14391,'2016-08-12 00:00:00','\0',''),(4,14392,'2016-08-12 00:00:00','\0',''),(4,14393,'2016-08-12 00:00:00','\0',''),(4,14394,'2016-08-12 00:00:00','\0',''),(4,14395,'2016-08-12 00:00:00','\0',''),(4,14396,'2016-08-12 00:00:00','\0',''),(4,14397,'2016-08-12 00:00:00','\0',''),(4,14398,'2016-08-12 00:00:00','\0',''),(4,14399,'2016-08-12 00:00:00','\0',''),(4,14400,'2016-08-12 00:00:00','\0',''),(4,14401,'2016-08-12 00:00:00','\0',''),(4,14402,'2016-08-12 00:00:00','\0',''),(4,14403,'2016-08-12 00:00:00','\0',''),(4,14404,'2016-08-12 00:00:00','\0',''),(4,14405,'2016-08-12 00:00:00','\0',''),(4,14406,'2016-08-12 00:00:00','\0',''),(4,14407,'2016-08-12 00:00:00','\0',''),(4,14408,'2016-08-12 00:00:00','\0',''),(4,14409,'2016-08-12 00:00:00','\0',''),(4,14410,'2016-08-12 00:00:00','\0',''),(4,14411,'2016-08-12 00:00:00','\0',''),(4,14412,'2016-08-12 00:00:00','\0',''),(4,14413,'2016-08-12 00:00:00','\0',''),(4,14414,'2016-08-12 00:00:00','\0',''),(4,14415,'2016-08-12 00:00:00','\0',''),(4,14416,'2016-08-12 00:00:00','\0',''),(4,14417,'2016-08-12 00:00:00','\0',''),(4,14418,'2016-08-12 00:00:00','\0',''),(4,14419,'2016-08-12 00:00:00','\0',''),(4,14420,'2016-08-12 00:00:00','\0',''),(4,14421,'2016-08-12 00:00:00','\0',''),(4,14422,'2016-08-12 00:00:00','\0',''),(4,14423,'2016-08-12 00:00:00','\0',''),(4,14424,'2016-08-12 00:00:00','\0',''),(4,14425,'2016-08-12 00:00:00','\0',''),(4,14426,'2016-08-12 00:00:00','\0',''),(4,14427,'2016-08-12 00:00:00','\0',''),(4,14428,'2016-08-12 00:00:00','\0',''),(4,14429,'2016-08-12 00:00:00','\0',''),(4,14430,'2016-08-12 00:00:00','\0',''),(4,14431,'2016-08-12 00:00:00','\0',''),(4,14432,'2016-08-12 00:00:00','\0',''),(4,14433,'2016-08-12 00:00:00','\0',''),(4,14434,'2016-08-12 00:00:00','\0',''),(4,14435,'2016-08-12 00:00:00','\0',''),(4,14436,'2016-08-12 00:00:00','\0',''),(4,14437,'2016-08-12 00:00:00','\0',''),(4,14438,'2016-08-12 00:00:00','\0',''),(4,14439,'2016-08-12 00:00:00','\0',''),(4,14440,'2016-08-12 00:00:00','\0',''),(4,14441,'2016-08-12 00:00:00','\0',''),(4,14442,'2016-08-12 00:00:00','\0',''),(4,14443,'2016-08-12 00:00:00','\0',''),(4,14444,'2016-08-12 00:00:00','\0',''),(4,14445,'2016-08-12 00:00:00','\0',''),(4,14446,'2016-08-12 00:00:00','\0',''),(4,14447,'2016-08-12 00:00:00','\0',''),(4,14448,'2016-08-12 00:00:00','\0',''),(4,14449,'2016-08-12 00:00:00','\0',''),(4,14450,'2016-08-12 00:00:00','\0',''),(4,14451,'2016-08-12 00:00:00','\0',''),(4,14452,'2016-08-12 00:00:00','\0',''),(4,14453,'2016-08-12 00:00:00','\0',''),(4,14454,'2016-08-12 00:00:00','\0',''),(4,14455,'2016-08-12 00:00:00','\0',''),(4,14456,'2016-08-12 00:00:00','\0',''),(4,14457,'2016-08-12 00:00:00','\0',''),(4,14458,'2016-08-12 00:00:00','\0',''),(4,14459,'2016-08-12 00:00:00','\0',''),(4,14460,'2016-08-12 00:00:00','\0',''),(4,14461,'2016-08-12 00:00:00','\0',''),(4,14462,'2016-08-12 00:00:00','\0',''),(4,14463,'2016-08-12 00:00:00','\0',''),(4,14464,'2016-08-12 00:00:00','\0',''),(4,14465,'2016-08-12 00:00:00','\0',''),(4,14466,'2016-08-12 00:00:00','\0',''),(4,14467,'2016-08-12 00:00:00','\0',''),(4,14468,'2016-08-12 00:00:00','\0',''),(4,14469,'2016-08-12 00:00:00','\0',''),(4,14470,'2016-08-12 00:00:00','\0',''),(4,14471,'2016-08-12 00:00:00','\0',''),(4,14472,'2016-08-12 00:00:00','\0',''),(4,14473,'2016-08-12 00:00:00','\0',''),(4,14474,'2016-08-12 00:00:00','\0',''),(4,14475,'2016-08-12 00:00:00','\0',''),(4,14476,'2016-08-12 00:00:00','\0',''),(4,14477,'2016-08-12 00:00:00','\0',''),(4,14478,'2016-08-12 00:00:00','\0',''),(4,14479,'2016-08-12 00:00:00','\0',''),(4,14480,'2016-08-12 00:00:00','\0',''),(4,14481,'2016-08-12 00:00:00','\0',''),(4,14482,'2016-08-12 00:00:00','\0',''),(4,14483,'2016-08-12 00:00:00','\0',''),(4,14484,'2016-08-12 00:00:00','\0',''),(4,14485,'2016-08-12 00:00:00','\0',''),(4,14486,'2016-08-12 00:00:00','\0',''),(4,14487,'2016-08-12 00:00:00','\0',''),(4,14488,'2016-08-12 00:00:00','\0',''),(4,14489,'2016-08-12 00:00:00','\0',''),(4,14490,'2016-08-12 00:00:00','\0',''),(4,14491,'2016-08-12 00:00:00','\0',''),(4,14492,'2016-08-12 00:00:00','\0',''),(4,14493,'2016-08-12 00:00:00','\0',''),(4,14494,'2016-08-12 00:00:00','\0',''),(4,14495,'2016-08-12 00:00:00','\0',''),(4,14496,'2016-08-12 00:00:00','\0',''),(4,14497,'2016-08-12 00:00:00','\0',''),(4,14498,'2016-08-12 00:00:00','\0',''),(4,14499,'2016-08-12 00:00:00','\0',''),(4,14500,'2016-08-12 00:00:00','\0',''),(4,14501,'2016-08-12 00:00:00','\0',''),(4,14502,'2016-08-12 00:00:00','\0',''),(4,14503,'2016-08-12 00:00:00','\0',''),(4,14504,'2016-08-12 00:00:00','\0',''),(4,14505,'2016-08-12 00:00:00','\0',''),(4,14506,'2016-08-12 00:00:00','\0',''),(4,14507,'2016-08-12 00:00:00','\0',''),(4,14508,'2016-08-12 00:00:00','\0',''),(4,14509,'2016-08-12 00:00:00','\0',''),(4,14510,'2016-08-12 00:00:00','\0',''),(4,14511,'2016-08-12 00:00:00','\0',''),(4,14512,'2016-08-12 00:00:00','\0',''),(4,14513,'2016-08-12 00:00:00','\0',''),(4,14514,'2016-08-12 00:00:00','\0',''),(4,14515,'2016-08-12 00:00:00','\0',''),(4,14516,'2016-08-12 00:00:00','\0',''),(4,14517,'2016-08-12 00:00:00','\0',''),(4,14518,'2016-08-12 00:00:00','\0',''),(4,14519,'2016-08-12 00:00:00','\0',''),(4,14520,'2016-08-12 00:00:00','\0',''),(4,14521,'2016-08-12 00:00:00','\0',''),(4,14522,'2016-08-12 00:00:00','\0',''),(4,14523,'2016-08-12 00:00:00','\0',''),(4,14524,'2016-08-12 00:00:00','\0',''),(4,14525,'2016-08-12 00:00:00','\0',''),(4,14526,'2016-08-12 00:00:00','\0',''),(4,14527,'2016-08-12 00:00:00','\0',''),(4,14528,'2016-08-12 00:00:00','\0',''),(4,14529,'2016-08-12 00:00:00','\0',''),(4,14530,'2016-08-12 00:00:00','\0',''),(4,14531,'2016-08-12 00:00:00','\0',''),(4,14532,'2016-08-12 00:00:00','\0',''),(4,14533,'2016-08-12 00:00:00','\0',''),(4,14534,'2016-08-12 00:00:00','\0',''),(4,14535,'2016-08-12 00:00:00','\0',''),(4,14536,'2016-08-12 00:00:00','\0',''),(4,14537,'2016-08-12 00:00:00','\0',''),(4,14538,'2016-08-12 00:00:00','\0',''),(4,14539,'2016-08-12 00:00:00','\0',''),(4,14540,'2016-08-12 00:00:00','\0',''),(4,14541,'2016-08-12 00:00:00','\0',''),(4,14542,'2016-08-12 00:00:00','\0',''),(4,14543,'2016-08-12 00:00:00','\0',''),(4,14544,'2016-08-12 00:00:00','\0',''),(4,14545,'2016-08-12 00:00:00','\0',''),(4,14546,'2016-08-12 00:00:00','\0',''),(4,14547,'2016-08-12 00:00:00','\0',''),(4,14548,'2016-08-12 00:00:00','\0',''),(4,14549,'2016-08-12 00:00:00','\0',''),(4,14550,'2016-08-12 00:00:00','\0',''),(4,14551,'2016-08-12 00:00:00','\0',''),(4,14552,'2016-08-12 00:00:00','\0',''),(4,14553,'2016-08-12 00:00:00','\0',''),(4,14554,'2016-08-12 00:00:00','\0',''),(4,14555,'2016-08-12 00:00:00','\0',''),(4,14556,'2016-08-12 00:00:00','\0',''),(4,14557,'2016-08-12 00:00:00','\0',''),(4,14558,'2016-08-12 00:00:00','\0',''),(4,14559,'2016-08-12 00:00:00','\0',''),(4,14560,'2016-08-12 00:00:00','\0',''),(4,14561,'2016-08-12 00:00:00','\0',''),(4,14562,'2016-08-12 00:00:00','\0',''),(4,14563,'2016-08-12 00:00:00','\0',''),(4,14564,'2016-08-12 00:00:00','\0',''),(4,14565,'2016-08-12 00:00:00','\0',''),(4,14566,'2016-08-12 00:00:00','\0',''),(4,14567,'2016-08-12 00:00:00','\0',''),(4,14568,'2016-08-12 00:00:00','\0',''),(4,14569,'2016-08-12 00:00:00','\0',''),(4,14570,'2016-08-12 00:00:00','\0',''),(4,14571,'2016-08-12 00:00:00','\0',''),(4,14572,'2016-08-12 00:00:00','\0',''),(4,14573,'2016-08-12 00:00:00','\0',''),(4,14574,'2016-08-12 00:00:00','\0',''),(4,14575,'2016-08-12 00:00:00','\0',''),(4,14576,'2016-08-12 00:00:00','\0',''),(4,14577,'2016-08-12 00:00:00','\0',''),(4,14578,'2016-08-12 00:00:00','\0',''),(4,14579,'2016-08-12 00:00:00','\0',''),(4,14580,'2016-08-12 00:00:00','\0',''),(4,14581,'2016-08-12 00:00:00','\0',''),(4,14582,'2016-08-12 00:00:00','\0',''),(4,14583,'2016-08-12 00:00:00','\0',''),(4,14584,'2016-08-12 00:00:00','\0',''),(4,14585,'2016-08-12 00:00:00','\0',''),(4,14586,'2016-08-12 00:00:00','\0',''),(4,14587,'2016-08-12 00:00:00','\0',''),(4,14588,'2016-08-12 00:00:00','\0',''),(4,14589,'2016-08-12 00:00:00','\0',''),(4,14590,'2016-08-12 00:00:00','\0',''),(4,14591,'2016-08-12 00:00:00','\0',''),(4,14592,'2016-08-12 00:00:00','\0',''),(4,14593,'2016-08-12 00:00:00','\0',''),(4,14594,'2016-08-12 00:00:00','\0',''),(4,14595,'2016-08-12 00:00:00','\0',''),(4,14596,'2016-08-12 00:00:00','\0',''),(4,14597,'2016-08-12 00:00:00','\0',''),(4,14598,'2016-08-12 00:00:00','\0',''),(4,14599,'2016-08-12 00:00:00','\0',''),(4,14600,'2016-08-12 00:00:00','\0',''),(4,14601,'2016-08-12 00:00:00','\0',''),(4,14602,'2016-08-12 00:00:00','\0',''),(4,14603,'2016-08-12 00:00:00','\0',''),(4,14604,'2016-08-12 00:00:00','\0',''),(4,14605,'2016-08-12 00:00:00','\0',''),(4,14606,'2016-08-12 00:00:00','\0',''),(4,14607,'2016-08-12 00:00:00','\0',''),(4,14608,'2016-08-12 00:00:00','\0',''),(4,14609,'2016-08-12 00:00:00','\0',''),(4,14610,'2016-08-12 00:00:00','\0',''),(4,14611,'2016-08-12 00:00:00','\0',''),(4,14612,'2016-08-12 00:00:00','\0',''),(4,14613,'2016-08-12 00:00:00','\0',''),(4,14614,'2016-08-12 00:00:00','\0',''),(4,14615,'2016-08-12 00:00:00','\0',''),(4,14616,'2016-08-12 00:00:00','\0',''),(4,14617,'2016-08-12 00:00:00','\0',''),(4,14618,'2016-08-12 00:00:00','\0',''),(4,14619,'2016-08-12 00:00:00','\0',''),(4,14620,'2016-08-12 00:00:00','\0',''),(4,14621,'2016-08-12 00:00:00','\0',''),(4,14622,'2016-08-12 00:00:00','\0',''),(4,14623,'2016-08-12 00:00:00','\0',''),(4,14624,'2016-08-12 00:00:00','\0',''),(4,14625,'2016-08-12 00:00:00','\0',''),(4,14626,'2016-08-12 00:00:00','\0',''),(4,14627,'2016-08-12 00:00:00','\0',''),(4,14628,'2016-08-12 00:00:00','\0',''),(4,14629,'2016-08-12 00:00:00','\0',''),(4,14630,'2016-08-12 00:00:00','\0',''),(4,14631,'2016-08-12 00:00:00','\0',''),(4,14632,'2016-08-12 00:00:00','\0',''),(4,14633,'2016-08-12 00:00:00','\0',''),(4,14634,'2016-08-12 00:00:00','\0',''),(4,14635,'2016-08-12 00:00:00','\0',''),(4,14636,'2016-08-12 00:00:00','\0',''),(4,14637,'2016-08-12 00:00:00','\0',''),(4,14638,'2016-08-12 00:00:00','\0',''),(4,14639,'2016-08-12 00:00:00','\0',''),(4,14640,'2016-08-12 00:00:00','\0',''),(4,14641,'2016-08-12 00:00:00','\0',''),(4,14642,'2016-08-12 00:00:00','\0',''),(4,14643,'2016-08-12 00:00:00','\0',''),(4,14644,'2016-08-12 00:00:00','\0',''),(4,14645,'2016-08-12 00:00:00','\0',''),(4,14646,'2016-08-12 00:00:00','\0',''),(4,14647,'2016-08-12 00:00:00','\0',''),(4,14648,'2016-08-12 00:00:00','\0',''),(4,14649,'2016-08-12 00:00:00','\0',''),(4,14650,'2016-08-12 00:00:00','\0',''),(4,14651,'2016-08-12 00:00:00','\0',''),(4,14652,'2016-08-12 00:00:00','\0',''),(4,14653,'2016-08-12 00:00:00','\0',''),(4,14654,'2016-08-12 00:00:00','\0',''),(4,14655,'2016-08-12 00:00:00','\0',''),(4,14656,'2016-08-12 00:00:00','\0',''),(4,14657,'2016-08-12 00:00:00','\0',''),(4,14658,'2016-08-12 00:00:00','\0',''),(4,14659,'2016-08-12 00:00:00','\0',''),(4,14660,'2016-08-12 00:00:00','\0',''),(4,14661,'2016-08-12 00:00:00','\0',''),(4,14662,'2016-08-12 00:00:00','\0',''),(4,14663,'2016-08-12 00:00:00','\0',''),(4,14664,'2016-08-12 00:00:00','\0',''),(4,14665,'2016-08-12 00:00:00','\0',''),(4,14666,'2016-08-12 00:00:00','\0',''),(4,14667,'2016-08-12 00:00:00','\0',''),(4,14668,'2016-08-12 00:00:00','\0',''),(4,14669,'2016-08-12 00:00:00','\0',''),(4,14670,'2016-08-12 00:00:00','\0',''),(4,14671,'2016-08-12 00:00:00','\0',''),(4,14672,'2016-08-12 00:00:00','\0',''),(4,14673,'2016-08-12 00:00:00','\0',''),(4,14674,'2016-08-12 00:00:00','\0',''),(4,14675,'2016-08-12 00:00:00','\0',''),(4,14676,'2016-08-12 00:00:00','\0',''),(3,14677,'2018-08-12 00:00:00','\0',''),(3,14678,'2018-08-12 00:00:00','\0',''),(3,14679,'2018-08-12 00:00:00','\0',''),(3,14680,'2018-08-12 00:00:00','\0',''),(3,14681,'2018-08-12 00:00:00','\0',''),(3,14682,'2018-08-12 00:00:00','\0',''),(3,14683,'2018-08-12 00:00:00','\0',''),(3,14684,'2018-08-12 00:00:00','\0',''),(3,14685,'2018-08-12 00:00:00','\0',''),(3,14686,'2018-08-12 00:00:00','\0',''),(3,14687,'2018-08-12 00:00:00','\0',''),(3,14688,'2018-08-12 00:00:00','\0',''),(3,14689,'2018-08-12 00:00:00','\0',''),(3,14690,'2018-08-12 00:00:00','\0',''),(3,14691,'2018-08-12 00:00:00','\0',''),(3,14692,'2018-08-12 00:00:00','\0',''),(3,14693,'2018-08-12 00:00:00','\0',''),(3,14694,'2018-08-12 00:00:00','\0',''),(3,14695,'2018-08-12 00:00:00','\0',''),(3,14696,'2018-08-12 00:00:00','\0',''),(3,14697,'2018-08-12 00:00:00','\0',''),(3,14698,'2018-08-12 00:00:00','\0',''),(3,14699,'2018-08-12 00:00:00','\0',''),(3,14700,'2018-08-12 00:00:00','\0',''),(3,14701,'2018-08-12 00:00:00','\0',''),(3,14702,'2018-08-12 00:00:00','\0',''),(3,14703,'2018-08-12 00:00:00','\0',''),(3,14704,'2018-08-12 00:00:00','\0',''),(3,14705,'2018-08-12 00:00:00','\0',''),(3,14706,'2018-08-12 00:00:00','\0',''),(3,14707,'2018-08-12 00:00:00','\0',''),(3,14708,'2018-08-12 00:00:00','\0',''),(3,14709,'2018-08-12 00:00:00','\0',''),(3,14710,'2018-08-12 00:00:00','\0',''),(3,14711,'2018-08-12 00:00:00','\0',''),(3,14712,'2018-08-12 00:00:00','\0',''),(3,14713,'2018-08-12 00:00:00','\0',''),(3,14714,'2018-08-12 00:00:00','\0',''),(3,14715,'2018-08-12 00:00:00','\0',''),(3,14716,'2018-08-12 00:00:00','\0',''),(3,14717,'2018-08-12 00:00:00','\0',''),(3,14718,'2018-08-12 00:00:00','\0',''),(3,14719,'2018-08-12 00:00:00','\0',''),(3,14720,'2018-08-12 00:00:00','\0',''),(3,14721,'2018-08-12 00:00:00','\0',''),(3,14722,'2018-08-12 00:00:00','\0',''),(3,14723,'2018-08-12 00:00:00','\0',''),(3,14724,'2018-08-12 00:00:00','\0',''),(3,14725,'2018-08-12 00:00:00','\0',''),(3,14726,'2018-08-12 00:00:00','\0',''),(3,14727,'2018-08-12 00:00:00','\0',''),(3,14728,'2018-08-12 00:00:00','\0',''),(3,14729,'2018-08-12 00:00:00','\0',''),(3,14730,'2018-08-12 00:00:00','\0',''),(3,14731,'2018-08-12 00:00:00','\0',''),(3,14732,'2018-08-12 00:00:00','\0',''),(3,14733,'2018-08-12 00:00:00','\0',''),(3,14734,'2018-08-12 00:00:00','\0',''),(3,14735,'2018-08-12 00:00:00','\0',''),(3,14736,'2018-08-12 00:00:00','\0',''),(3,14737,'2018-08-12 00:00:00','\0',''),(3,14738,'2018-08-12 00:00:00','\0',''),(3,14739,'2018-08-12 00:00:00','\0',''),(3,14740,'2018-08-12 00:00:00','\0',''),(3,14741,'2018-08-12 00:00:00','\0',''),(3,14742,'2018-08-12 00:00:00','\0',''),(3,14743,'2018-08-12 00:00:00','\0',''),(3,14744,'2018-08-12 00:00:00','\0',''),(3,14745,'2018-08-12 00:00:00','\0',''),(3,14746,'2018-08-12 00:00:00','\0',''),(3,14747,'2018-08-12 00:00:00','\0',''),(3,14748,'2018-08-12 00:00:00','\0',''),(3,14749,'2018-08-12 00:00:00','\0',''),(3,14750,'2018-08-12 00:00:00','\0',''),(3,14751,'2018-08-12 00:00:00','\0',''),(3,14752,'2018-08-12 00:00:00','\0',''),(3,14753,'2018-08-12 00:00:00','\0',''),(3,14754,'2018-08-12 00:00:00','\0',''),(3,14755,'2018-08-12 00:00:00','\0',''),(3,14756,'2018-08-12 00:00:00','\0',''),(3,14757,'2018-08-12 00:00:00','\0',''),(3,14758,'2018-08-12 00:00:00','\0',''),(3,14759,'2018-08-12 00:00:00','\0',''),(3,14760,'2018-08-12 00:00:00','\0',''),(3,14761,'2018-08-12 00:00:00','\0',''),(3,14762,'2018-08-12 00:00:00','\0',''),(3,14763,'2018-08-12 00:00:00','\0',''),(3,14764,'2018-08-12 00:00:00','\0',''),(3,14765,'2018-08-12 00:00:00','\0',''),(3,14766,'2018-08-12 00:00:00','\0',''),(3,14767,'2018-08-12 00:00:00','\0',''),(3,14768,'2018-08-12 00:00:00','\0',''),(3,14769,'2018-08-12 00:00:00','\0',''),(3,14770,'2018-08-12 00:00:00','\0',''),(3,14771,'2018-08-12 00:00:00','\0',''),(3,14772,'2018-08-12 00:00:00','\0',''),(3,14773,'2018-08-12 00:00:00','\0',''),(3,14774,'2018-08-12 00:00:00','\0',''),(3,14775,'2018-08-12 00:00:00','\0',''),(3,14776,'2018-08-12 00:00:00','\0',''),(3,14777,'2018-08-12 00:00:00','\0',''),(3,14778,'2018-08-12 00:00:00','\0',''),(3,14779,'2018-08-12 00:00:00','\0',''),(3,14780,'2018-08-12 00:00:00','\0',''),(3,14781,'2018-08-12 00:00:00','\0',''),(3,14782,'2018-08-12 00:00:00','\0',''),(3,14783,'2018-08-12 00:00:00','\0',''),(3,14784,'2018-08-12 00:00:00','\0',''),(3,14785,'2018-08-12 00:00:00','\0',''),(3,14786,'2018-08-12 00:00:00','\0',''),(3,14787,'2018-08-12 00:00:00','\0',''),(3,14788,'2018-08-12 00:00:00','\0',''),(3,14789,'2018-08-12 00:00:00','\0',''),(3,14790,'2018-08-12 00:00:00','\0',''),(3,14791,'2018-08-12 00:00:00','\0',''),(3,14792,'2018-08-12 00:00:00','\0',''),(3,14793,'2018-08-12 00:00:00','\0',''),(3,14794,'2018-08-12 00:00:00','\0',''),(3,14795,'2018-08-12 00:00:00','\0',''),(3,14796,'2018-08-12 00:00:00','\0',''),(3,14797,'2018-08-12 00:00:00','\0',''),(3,14798,'2018-08-12 00:00:00','\0',''),(3,14799,'2018-08-12 00:00:00','\0',''),(3,14800,'2018-08-12 00:00:00','\0',''),(3,14801,'2018-08-12 00:00:00','\0',''),(3,14802,'2018-08-12 00:00:00','\0',''),(3,14803,'2018-08-12 00:00:00','\0',''),(3,14804,'2018-08-12 00:00:00','\0',''),(3,14805,'2018-08-12 00:00:00','\0',''),(3,14806,'2018-08-12 00:00:00','\0',''),(3,14807,'2018-08-12 00:00:00','\0',''),(3,14808,'2018-08-12 00:00:00','\0',''),(3,14809,'2018-08-12 00:00:00','\0',''),(3,14810,'2018-08-12 00:00:00','\0',''),(3,14811,'2018-08-12 00:00:00','\0',''),(3,14812,'2018-08-12 00:00:00','\0',''),(3,14813,'2018-08-12 00:00:00','\0',''),(3,14814,'2018-08-12 00:00:00','\0',''),(3,14815,'2018-08-12 00:00:00','\0',''),(3,14816,'2018-08-12 00:00:00','\0',''),(3,14817,'2018-08-12 00:00:00','\0',''),(3,14818,'2018-08-12 00:00:00','\0',''),(3,14819,'2018-08-12 00:00:00','\0',''),(3,14820,'2018-08-12 00:00:00','\0',''),(3,14821,'2018-08-12 00:00:00','\0',''),(3,14822,'2018-08-12 00:00:00','\0',''),(3,14823,'2018-08-12 00:00:00','\0',''),(3,14824,'2018-08-12 00:00:00','\0',''),(3,14825,'2018-08-12 00:00:00','\0',''),(3,14826,'2018-08-12 00:00:00','\0',''),(3,14827,'2018-08-12 00:00:00','\0',''),(3,14828,'2018-08-12 00:00:00','\0',''),(3,14829,'2018-08-12 00:00:00','\0',''),(3,14830,'2018-08-12 00:00:00','\0',''),(3,14831,'2018-08-12 00:00:00','\0',''),(3,14832,'2018-08-12 00:00:00','\0',''),(3,14833,'2018-08-12 00:00:00','\0',''),(3,14834,'2018-08-12 00:00:00','\0',''),(3,14835,'2018-08-12 00:00:00','\0',''),(3,14836,'2018-08-12 00:00:00','\0',''),(3,14837,'2018-08-12 00:00:00','\0',''),(3,14838,'2018-08-12 00:00:00','\0',''),(3,14839,'2018-08-12 00:00:00','\0',''),(3,14840,'2018-08-12 00:00:00','\0',''),(3,14841,'2018-08-12 00:00:00','\0',''),(3,14842,'2018-08-12 00:00:00','\0',''),(3,14843,'2018-08-12 00:00:00','\0',''),(3,14844,'2018-08-12 00:00:00','\0',''),(3,14845,'2018-08-12 00:00:00','\0',''),(3,14846,'2018-08-12 00:00:00','\0',''),(3,14847,'2018-08-12 00:00:00','\0',''),(3,14848,'2018-08-12 00:00:00','\0',''),(3,14849,'2018-08-12 00:00:00','\0',''),(3,14850,'2018-08-12 00:00:00','\0',''),(3,14851,'2018-08-12 00:00:00','\0',''),(3,14852,'2018-08-12 00:00:00','\0',''),(3,14853,'2018-08-12 00:00:00','\0',''),(3,14854,'2018-08-12 00:00:00','\0',''),(3,14855,'2018-08-12 00:00:00','\0',''),(3,14856,'2018-08-12 00:00:00','\0',''),(3,14857,'2018-08-12 00:00:00','\0',''),(3,14858,'2018-08-12 00:00:00','\0',''),(3,14859,'2018-08-12 00:00:00','\0',''),(3,14860,'2018-08-12 00:00:00','\0',''),(3,14861,'2018-08-12 00:00:00','\0',''),(3,14862,'2018-08-12 00:00:00','\0',''),(3,14863,'2018-08-12 00:00:00','\0',''),(3,14864,'2018-08-12 00:00:00','\0',''),(3,14865,'2018-08-12 00:00:00','\0',''),(3,14866,'2018-08-12 00:00:00','\0',''),(3,14867,'2018-08-12 00:00:00','\0',''),(3,14868,'2018-08-12 00:00:00','\0',''),(3,14869,'2018-08-12 00:00:00','\0',''),(3,14870,'2018-08-12 00:00:00','\0',''),(3,14871,'2018-08-12 00:00:00','\0',''),(3,14872,'2018-08-12 00:00:00','\0',''),(3,14873,'2018-08-12 00:00:00','\0',''),(3,14874,'2018-08-12 00:00:00','\0',''),(3,14875,'2018-08-12 00:00:00','\0',''),(3,14876,'2018-08-12 00:00:00','\0',''),(3,14877,'2018-08-12 00:00:00','\0',''),(3,14878,'2018-08-12 00:00:00','\0',''),(3,14879,'2018-08-12 00:00:00','\0',''),(3,14880,'2018-08-12 00:00:00','\0',''),(3,14881,'2018-08-12 00:00:00','\0',''),(3,14882,'2018-08-12 00:00:00','\0',''),(3,14883,'2018-08-12 00:00:00','\0',''),(3,14884,'2018-08-12 00:00:00','\0',''),(3,14885,'2018-08-12 00:00:00','\0',''),(3,14886,'2018-08-12 00:00:00','\0',''),(3,14887,'2018-08-12 00:00:00','\0',''),(3,14888,'2018-08-12 00:00:00','\0',''),(3,14889,'2018-08-12 00:00:00','\0',''),(3,14890,'2018-08-12 00:00:00','\0',''),(3,14891,'2018-08-12 00:00:00','\0',''),(3,14892,'2018-08-12 00:00:00','\0',''),(3,14893,'2018-08-12 00:00:00','\0',''),(3,14894,'2018-08-12 00:00:00','\0',''),(3,14895,'2018-08-12 00:00:00','\0',''),(3,14896,'2018-08-12 00:00:00','\0',''),(3,14897,'2018-08-12 00:00:00','\0',''),(3,14898,'2018-08-12 00:00:00','\0',''),(3,14899,'2018-08-12 00:00:00','\0',''),(3,14900,'2018-08-12 00:00:00','\0',''),(3,14901,'2018-08-12 00:00:00','\0',''),(3,14902,'2018-08-12 00:00:00','\0',''),(3,14903,'2018-08-12 00:00:00','\0',''),(3,14904,'2018-08-12 00:00:00','\0',''),(3,14905,'2018-08-12 00:00:00','\0',''),(3,14906,'2018-08-12 00:00:00','\0',''),(3,14907,'2018-08-12 00:00:00','\0',''),(3,14908,'2018-08-12 00:00:00','\0',''),(3,14909,'2018-08-12 00:00:00','\0',''),(3,14910,'2018-08-12 00:00:00','\0',''),(3,14911,'2018-08-12 00:00:00','\0',''),(3,14912,'2018-08-12 00:00:00','\0',''),(3,14913,'2018-08-12 00:00:00','\0',''),(3,14914,'2018-08-12 00:00:00','\0',''),(3,14915,'2018-08-12 00:00:00','\0',''),(3,14916,'2018-08-12 00:00:00','\0',''),(3,14917,'2018-08-12 00:00:00','\0',''),(3,14918,'2018-08-12 00:00:00','\0',''),(3,14919,'2018-08-12 00:00:00','\0',''),(3,14920,'2018-08-12 00:00:00','\0',''),(3,14921,'2018-08-12 00:00:00','\0',''),(3,14922,'2018-08-12 00:00:00','\0',''),(3,14923,'2018-08-12 00:00:00','\0',''),(3,14924,'2018-08-12 00:00:00','\0',''),(3,14925,'2018-08-12 00:00:00','\0',''),(3,14926,'2018-08-12 00:00:00','\0',''),(3,14927,'2018-08-12 00:00:00','\0',''),(3,14928,'2018-08-12 00:00:00','\0',''),(3,14929,'2018-08-12 00:00:00','\0',''),(3,14930,'2018-08-12 00:00:00','\0',''),(3,14931,'2018-08-12 00:00:00','\0',''),(3,14932,'2018-08-12 00:00:00','\0',''),(3,14933,'2018-08-12 00:00:00','\0',''),(3,14934,'2018-08-12 00:00:00','\0',''),(3,14935,'2018-08-12 00:00:00','\0',''),(3,14936,'2018-08-12 00:00:00','\0',''),(3,14937,'2018-08-12 00:00:00','\0',''),(3,14938,'2018-08-12 00:00:00','\0',''),(3,14939,'2018-08-12 00:00:00','\0',''),(3,14940,'2018-08-12 00:00:00','\0',''),(3,14941,'2018-08-12 00:00:00','\0',''),(3,14942,'2018-08-12 00:00:00','\0',''),(3,14943,'2018-08-12 00:00:00','\0',''),(3,14944,'2018-08-12 00:00:00','\0',''),(3,14945,'2018-08-12 00:00:00','\0',''),(3,14946,'2018-08-12 00:00:00','\0',''),(3,14947,'2018-08-12 00:00:00','\0',''),(3,14948,'2018-08-12 00:00:00','\0',''),(3,14949,'2018-08-12 00:00:00','\0',''),(3,14950,'2018-08-12 00:00:00','\0',''),(3,14951,'2018-08-12 00:00:00','\0',''),(3,14952,'2018-08-12 00:00:00','\0',''),(3,14953,'2018-08-12 00:00:00','\0',''),(3,14954,'2018-08-12 00:00:00','\0',''),(3,14955,'2018-08-12 00:00:00','\0',''),(3,14956,'2018-08-12 00:00:00','\0',''),(3,14957,'2018-08-12 00:00:00','\0',''),(3,14958,'2018-08-12 00:00:00','\0',''),(3,14959,'2018-08-12 00:00:00','\0',''),(3,14960,'2018-08-12 00:00:00','\0',''),(3,14961,'2018-08-12 00:00:00','\0',''),(3,14962,'2018-08-12 00:00:00','\0',''),(3,14963,'2018-08-12 00:00:00','\0',''),(3,14964,'2018-08-12 00:00:00','\0',''),(3,14965,'2018-08-12 00:00:00','\0',''),(3,14966,'2018-08-12 00:00:00','\0',''),(3,14967,'2018-08-12 00:00:00','\0',''),(3,14968,'2018-08-12 00:00:00','\0',''),(3,14969,'2018-08-12 00:00:00','\0',''),(3,14970,'2018-08-12 00:00:00','\0',''),(3,14971,'2018-08-12 00:00:00','\0',''),(3,14972,'2018-08-12 00:00:00','\0',''),(3,14973,'2018-08-12 00:00:00','\0',''),(3,14974,'2018-08-12 00:00:00','\0',''),(3,14975,'2018-08-12 00:00:00','\0',''),(3,14976,'2018-08-12 00:00:00','\0',''),(3,14977,'2018-08-12 00:00:00','\0',''),(3,14978,'2018-08-12 00:00:00','\0',''),(3,14979,'2018-08-12 00:00:00','\0',''),(3,14980,'2018-08-12 00:00:00','\0',''),(3,14981,'2018-08-12 00:00:00','\0',''),(3,14982,'2018-08-12 00:00:00','\0',''),(3,14983,'2018-08-12 00:00:00','\0',''),(3,14984,'2018-08-12 00:00:00','\0',''),(3,14985,'2018-08-12 00:00:00','\0',''),(3,14986,'2018-08-12 00:00:00','\0',''),(3,14987,'2018-08-12 00:00:00','\0',''),(3,14988,'2018-08-12 00:00:00','\0',''),(3,14989,'2018-08-12 00:00:00','\0',''),(3,14990,'2018-08-12 00:00:00','\0',''),(3,14991,'2018-08-12 00:00:00','\0',''),(3,14992,'2018-08-12 00:00:00','\0',''),(3,14993,'2018-08-12 00:00:00','\0',''),(3,14994,'2018-08-12 00:00:00','\0',''),(3,14995,'2018-08-12 00:00:00','\0',''),(3,14996,'2018-08-12 00:00:00','\0',''),(3,14997,'2018-08-12 00:00:00','\0',''),(3,14998,'2018-08-12 00:00:00','\0',''),(3,14999,'2018-08-12 00:00:00','\0',''),(3,15000,'2018-08-12 00:00:00','\0',''),(3,15001,'2018-08-12 00:00:00','\0',''),(3,15002,'2018-08-12 00:00:00','\0',''),(3,15003,'2018-08-12 00:00:00','\0',''),(3,15004,'2018-08-12 00:00:00','\0',''),(3,15005,'2018-08-12 00:00:00','\0',''),(3,15006,'2018-08-12 00:00:00','\0',''),(2,14429,'2017-08-12 00:00:00','\0','');
/*!40000 ALTER TABLE `enrollment_student_lt` ENABLE KEYS */;
UNLOCK TABLES;

--
-- Table structure for table `enrollmentpermission`
--

DROP TABLE IF EXISTS `enrollmentpermission`;
/*!40101 SET @saved_cs_client     = @@character_set_client */;
/*!40101 SET character_set_client = utf8 */;
CREATE TABLE `enrollmentpermission` (
  `enrollmentpermission_id` int(11) NOT NULL AUTO_INCREMENT,
  `can_view_registered_students` bit(1) NOT NULL,
  `can_search_student` bit(1) NOT NULL,
  `can_complete_student_admission` bit(1) NOT NULL,
  PRIMARY KEY (`enrollmentpermission_id`)
) ENGINE=InnoDB DEFAULT CHARSET=latin1;
/*!40101 SET character_set_client = @saved_cs_client */;

--
-- Dumping data for table `enrollmentpermission`
--

LOCK TABLES `enrollmentpermission` WRITE;
/*!40000 ALTER TABLE `enrollmentpermission` DISABLE KEYS */;
/*!40000 ALTER TABLE `enrollmentpermission` ENABLE KEYS */;
UNLOCK TABLES;

--
-- Table structure for table `faculty_mt`
--

DROP TABLE IF EXISTS `faculty_mt`;
/*!40101 SET @saved_cs_client     = @@character_set_client */;
/*!40101 SET character_set_client = utf8 */;
CREATE TABLE `faculty_mt` (
  `faculty_id` int(11) NOT NULL AUTO_INCREMENT,
  `firstName` varchar(45) NOT NULL,
  `lastName` varchar(45) NOT NULL,
  `middleName` varchar(45) NOT NULL,
  `email` varchar(45) NOT NULL,
  `contact` varchar(45) NOT NULL,
  `status` bit(1) NOT NULL DEFAULT b'1',
  `degree` varchar(45) NOT NULL,
  PRIMARY KEY (`faculty_id`)
) ENGINE=InnoDB AUTO_INCREMENT=37 DEFAULT CHARSET=latin1;
/*!40101 SET character_set_client = @saved_cs_client */;

--
-- Dumping data for table `faculty_mt`
--

LOCK TABLES `faculty_mt` WRITE;
/*!40000 ALTER TABLE `faculty_mt` DISABLE KEYS */;
INSERT INTO `faculty_mt` VALUES (16,'John Ferdinand','Antonio','Maala','ferdinandantonio75@gmail.com','09054484843','','Masters'),(17,'Paul Neo','Napadao','O','paulneo@gmail.com','0912456789','','Board Passer'),(18,'Francis','Ochotorina','T','francis@gmail.com','909092312','','Masters'),(19,'Christian','Tio','S','tio@gmail.com','092381231','','Masters'),(20,'Ralph','Chan','K','chan2gmail.com','09283839','','Board Passer'),(21,'May','garcia','L','maygarcia@gmail.com','0923012112','','Board Passer'),(22,'Ralph','Mabunga','H','ralph@gmail.com','0938382832','','Masters'),(23,'Jean','Claveria','S','jean@gmail.com','029232','','Masters'),(24,'Princee','Lozano','S','prince@gmail.com','023921','','Board Passer'),(25,'Cathering','Madonga','S','catherine@gmail.com','09451572638','','Board Passer'),(27,'Nuggets','Antonio','Ashton','nuggets@yahoo.com','09156645312','','Masters'),(28,'Charles','Diaz','E.','charlesdiaz@yahoo.com','09154545653','','Masters'),(34,'Kobe','Bryant','Kobe','kobebryant@gmail.com','123456789','','Masters'),(35,'test','test','test','test@yahoo.com','123456789','','Masters'),(36,'Test','Test','Test','test@gmail.com','159654978','','Masters');
/*!40000 ALTER TABLE `faculty_mt` ENABLE KEYS */;
UNLOCK TABLES;

--
-- Table structure for table `faculty_schedule`
--

DROP TABLE IF EXISTS `faculty_schedule`;
/*!40101 SET @saved_cs_client     = @@character_set_client */;
/*!40101 SET character_set_client = utf8 */;
CREATE TABLE `faculty_schedule` (
  `faculty_schedule_id` int(11) NOT NULL AUTO_INCREMENT,
  `faculty_id` int(11) NOT NULL,
  `schedule_id` int(11) NOT NULL,
  `date_assigned` datetime NOT NULL DEFAULT CURRENT_TIMESTAMP,
  PRIMARY KEY (`faculty_schedule_id`),
  KEY `fk_faculty_scheduleTABLE_faculty_idCOL_idx` (`faculty_id`),
  KEY `fk_faculty_scheduleTABLE_schedule_idCOL_idx` (`schedule_id`),
  CONSTRAINT `fk_faculty_scheduleTABLE_faculty_idCOL` FOREIGN KEY (`faculty_id`) REFERENCES `faculty_mt` (`faculty_id`) ON DELETE NO ACTION ON UPDATE NO ACTION,
  CONSTRAINT `fk_faculty_scheduleTABLE_schedule_idCOL` FOREIGN KEY (`schedule_id`) REFERENCES `schedule_mt` (`schedule_id`) ON DELETE NO ACTION ON UPDATE NO ACTION
) ENGINE=InnoDB AUTO_INCREMENT=20 DEFAULT CHARSET=latin1;
/*!40101 SET character_set_client = @saved_cs_client */;

--
-- Dumping data for table `faculty_schedule`
--

LOCK TABLES `faculty_schedule` WRITE;
/*!40000 ALTER TABLE `faculty_schedule` DISABLE KEYS */;
INSERT INTO `faculty_schedule` VALUES (12,28,35,'2017-08-08 13:10:39'),(13,28,36,'2017-08-12 14:13:07'),(14,28,37,'2017-08-12 14:13:07'),(15,28,38,'2017-08-12 14:13:07'),(16,28,39,'2017-08-12 14:13:07'),(17,23,40,'2017-08-12 16:14:54'),(18,20,41,'2017-08-12 16:14:54'),(19,23,42,'2017-08-12 16:14:54');
/*!40000 ALTER TABLE `faculty_schedule` ENABLE KEYS */;
UNLOCK TABLES;

--
-- Table structure for table `faculty_specialization`
--

DROP TABLE IF EXISTS `faculty_specialization`;
/*!40101 SET @saved_cs_client     = @@character_set_client */;
/*!40101 SET character_set_client = utf8 */;
CREATE TABLE `faculty_specialization` (
  `faculty_id` int(11) NOT NULL,
  `specialization_id` int(11) NOT NULL,
  `date_assigned` datetime NOT NULL DEFAULT CURRENT_TIMESTAMP,
  KEY `faculty_specialization_TABLE_facultyId_COL_idx` (`faculty_id`),
  KEY `fk_faculty_specializationTABLE_specialization_idCOL_idx` (`specialization_id`),
  CONSTRAINT `faculty_specialization_TABLE_facultyId_COL` FOREIGN KEY (`faculty_id`) REFERENCES `faculty_mt` (`faculty_id`) ON DELETE NO ACTION ON UPDATE NO ACTION,
  CONSTRAINT `fk_faculty_specializationTABLE_specialization_idCOL` FOREIGN KEY (`specialization_id`) REFERENCES `specialization` (`specialization_id`) ON DELETE NO ACTION ON UPDATE NO ACTION
) ENGINE=InnoDB DEFAULT CHARSET=latin1;
/*!40101 SET character_set_client = @saved_cs_client */;

--
-- Dumping data for table `faculty_specialization`
--

LOCK TABLES `faculty_specialization` WRITE;
/*!40000 ALTER TABLE `faculty_specialization` DISABLE KEYS */;
INSERT INTO `faculty_specialization` VALUES (16,15,'2017-07-31 09:27:30'),(16,14,'2017-07-31 09:27:31'),(17,14,'2017-07-31 09:34:37'),(17,15,'2017-07-31 09:34:37'),(18,14,'2017-08-01 19:35:57'),(18,15,'2017-08-01 19:35:58'),(19,14,'2017-08-02 17:42:14'),(19,16,'2017-08-02 17:42:14'),(20,15,'2017-08-02 17:45:49'),(20,17,'2017-08-02 17:45:49'),(20,14,'2017-08-02 17:45:49'),(21,15,'2017-08-02 17:47:20'),(21,17,'2017-08-02 17:47:20'),(21,14,'2017-08-02 17:47:20'),(22,14,'2017-08-04 15:20:47'),(22,15,'2017-08-04 15:20:47'),(23,14,'2017-08-04 15:24:08'),(23,21,'2017-08-04 15:24:08'),(24,14,'2017-08-04 15:25:17'),(24,18,'2017-08-04 15:25:17'),(25,14,'2018-06-03 17:51:28'),(25,19,'2018-06-03 17:51:28'),(27,14,'2017-08-11 00:57:02'),(27,20,'2017-08-11 00:57:02'),(28,14,'2017-08-12 14:16:16'),(34,16,'2017-08-12 14:42:23'),(35,14,'2017-08-12 14:43:43'),(36,19,'2017-08-12 14:52:32');
/*!40000 ALTER TABLE `faculty_specialization` ENABLE KEYS */;
UNLOCK TABLES;

--
-- Table structure for table `fee_category_mt`
--

DROP TABLE IF EXISTS `fee_category_mt`;
/*!40101 SET @saved_cs_client     = @@character_set_client */;
/*!40101 SET character_set_client = utf8 */;
CREATE TABLE `fee_category_mt` (
  `fee_category_id` int(11) NOT NULL AUTO_INCREMENT,
  `fee_category` varchar(45) NOT NULL,
  PRIMARY KEY (`fee_category_id`),
  UNIQUE KEY `feetype_UNIQUE` (`fee_category`)
) ENGINE=InnoDB AUTO_INCREMENT=5 DEFAULT CHARSET=latin1 COMMENT='MASTER table';
/*!40101 SET character_set_client = @saved_cs_client */;

--
-- Dumping data for table `fee_category_mt`
--

LOCK TABLES `fee_category_mt` WRITE;
/*!40000 ALTER TABLE `fee_category_mt` DISABLE KEYS */;
INSERT INTO `fee_category_mt` VALUES (1,'Basic'),(4,'Downpayment'),(2,'Miscellaneous'),(3,'Others');
/*!40000 ALTER TABLE `fee_category_mt` ENABLE KEYS */;
UNLOCK TABLES;

--
-- Table structure for table `fee_mt`
--

DROP TABLE IF EXISTS `fee_mt`;
/*!40101 SET @saved_cs_client     = @@character_set_client */;
/*!40101 SET character_set_client = utf8 */;
CREATE TABLE `fee_mt` (
  `fee_id` int(11) NOT NULL AUTO_INCREMENT,
  `fee_name` varchar(45) NOT NULL,
  `fee_description` text,
  `fee_category_id` int(11) NOT NULL,
  PRIMARY KEY (`fee_id`),
  UNIQUE KEY `fee_name_UNIQUE` (`fee_name`),
  KEY `fk_fee_mtTABLE_fee_category_idCOL_idx` (`fee_category_id`),
  CONSTRAINT `fk_fee_mtTABLE_fee_category_idCOL` FOREIGN KEY (`fee_category_id`) REFERENCES `fee_category_mt` (`fee_category_id`) ON DELETE NO ACTION ON UPDATE NO ACTION
) ENGINE=InnoDB AUTO_INCREMENT=120 DEFAULT CHARSET=latin1 COMMENT='MASTER';
/*!40101 SET character_set_client = @saved_cs_client */;

--
-- Dumping data for table `fee_mt`
--

LOCK TABLES `fee_mt` WRITE;
/*!40000 ALTER TABLE `fee_mt` DISABLE KEYS */;
INSERT INTO `fee_mt` VALUES (100,'Downpayment','Downpayment',4),(101,'Field Trip','Field Trip',2),(102,'Basic','Basic Fee',1),(103,'Sports Fee','Sports Fee',2),(104,'Energy Fee','Energy Fee',2),(105,'Club Fee','Club Fee',2),(106,'Comp Laboratory','Computer Laboratory',2),(107,'Tablet Fee','Tablet Fee',2),(115,'Water Fee','Water Fee',2),(116,'Music Fee','Music Fee',2),(117,'TestFee','TestFee',2),(118,'TestFee2','TestFee2',2),(119,'TestFee4','TestFee4',2);
/*!40000 ALTER TABLE `fee_mt` ENABLE KEYS */;
UNLOCK TABLES;

--
-- Table structure for table `fee_schoolyear_lt`
--

DROP TABLE IF EXISTS `fee_schoolyear_lt`;
/*!40101 SET @saved_cs_client     = @@character_set_client */;
/*!40101 SET character_set_client = utf8 */;
CREATE TABLE `fee_schoolyear_lt` (
  `fee_id` int(11) NOT NULL,
  `fee_amount` decimal(10,3) NOT NULL,
  `gradelevel_id` int(11) NOT NULL,
  `schoolyear_id` int(11) NOT NULL COMMENT 'this column represents the schoolyearid of when this fee was created.',
  `isActive` bit(1) NOT NULL DEFAULT b'1',
  KEY `fk_fee_schoolyear_ltTABLE_fee_idCOL_idx` (`fee_id`),
  KEY `fk_fee_schoolyear_ltTABLE_gradelevel_idCOL_idx` (`gradelevel_id`),
  KEY `fk_fee_schoolyear_ltTABLE_year_createdCOL_idx` (`schoolyear_id`),
  CONSTRAINT `fk_fee_schoolyear_ltTABLE_fee_idCOL` FOREIGN KEY (`fee_id`) REFERENCES `fee_mt` (`fee_id`) ON DELETE NO ACTION ON UPDATE NO ACTION,
  CONSTRAINT `fk_fee_schoolyear_ltTABLE_gradelevel_idCOL` FOREIGN KEY (`gradelevel_id`) REFERENCES `gradelevel_mt` (`gradelevel_id`) ON DELETE NO ACTION ON UPDATE NO ACTION,
  CONSTRAINT `fk_fee_schoolyear_ltTABLE_schoolyear_idCOL` FOREIGN KEY (`schoolyear_id`) REFERENCES `schoolyear_mt` (`schoolyear_id`) ON DELETE NO ACTION ON UPDATE NO ACTION
) ENGINE=InnoDB DEFAULT CHARSET=latin1 COMMENT='Contains the amounts of fees per gradelevel and whether it is still active.';
/*!40101 SET character_set_client = @saved_cs_client */;

--
-- Dumping data for table `fee_schoolyear_lt`
--

LOCK TABLES `fee_schoolyear_lt` WRITE;
/*!40000 ALTER TABLE `fee_schoolyear_lt` DISABLE KEYS */;
INSERT INTO `fee_schoolyear_lt` VALUES (100,8000.000,301,407,''),(100,8000.000,302,407,''),(100,8000.000,303,407,''),(100,8000.000,304,407,''),(100,8000.000,305,407,''),(100,8000.000,306,407,''),(100,8000.000,307,407,''),(100,8000.000,308,407,''),(100,8000.000,309,407,''),(100,8000.000,310,407,''),(100,8000.000,311,407,''),(101,500.000,301,407,''),(101,250.000,302,407,''),(101,350.000,303,407,''),(101,400.000,304,407,''),(101,275.000,305,407,''),(101,500.000,306,407,''),(101,600.000,307,407,''),(101,390.000,308,407,''),(101,755.000,309,407,''),(101,233.000,310,407,''),(101,555.000,311,407,''),(102,10000.000,301,407,''),(102,12500.000,302,407,''),(102,12500.000,303,407,''),(102,12500.000,304,407,''),(102,12500.000,305,407,''),(102,12500.000,306,407,''),(102,12500.000,307,407,''),(102,12500.000,308,407,''),(102,12500.000,309,407,''),(102,12500.000,310,407,''),(102,12500.000,311,407,''),(103,250.000,301,407,''),(103,500.000,302,407,''),(103,500.000,303,407,''),(103,500.000,304,407,''),(103,500.000,305,407,''),(103,500.000,306,407,''),(103,650.000,307,407,''),(103,650.000,308,407,''),(103,650.000,309,407,''),(103,650.000,310,407,''),(103,650.000,311,407,''),(104,1200.000,301,407,''),(104,1200.000,302,407,''),(104,1200.000,303,407,''),(104,1200.000,304,407,''),(104,1200.000,305,407,''),(104,1200.000,306,407,''),(104,1200.000,307,407,''),(104,1200.000,308,407,''),(104,1200.000,309,407,''),(104,1200.000,310,407,''),(104,1200.000,311,407,''),(105,525.360,301,407,''),(105,525.360,302,407,''),(105,525.360,303,407,''),(105,525.360,304,407,''),(105,525.360,305,407,''),(105,525.360,306,407,''),(105,525.360,307,407,''),(105,525.360,308,407,''),(105,525.360,309,407,''),(105,525.360,310,407,''),(105,525.360,311,407,''),(106,3000.000,301,407,''),(106,3000.000,302,407,''),(106,3000.000,303,407,''),(106,3000.000,304,407,''),(106,3000.000,305,407,''),(106,3000.000,306,407,''),(106,3000.000,307,407,''),(106,3000.000,308,407,''),(106,3000.000,309,407,''),(106,3000.000,310,407,''),(106,3000.000,311,407,''),(107,500.000,301,407,''),(107,500.000,302,407,''),(107,500.000,303,407,''),(107,500.000,304,407,''),(107,500.000,305,407,''),(107,500.000,306,407,''),(107,500.000,307,407,''),(107,500.000,308,407,''),(107,500.000,309,407,''),(107,500.000,310,407,''),(107,500.000,311,407,''),(115,856.000,301,407,''),(115,856.000,302,407,''),(115,856.000,303,407,''),(115,856.000,304,407,''),(115,856.000,305,407,''),(115,856.000,306,407,''),(115,856.000,307,407,''),(115,856.000,308,407,''),(115,856.000,309,407,''),(115,856.000,310,407,''),(115,856.000,311,407,''),(116,600.000,301,407,''),(116,600.000,302,407,''),(116,600.000,303,407,''),(116,600.000,304,407,''),(116,600.000,305,407,''),(116,600.000,306,407,''),(116,600.000,307,407,''),(116,600.000,308,407,''),(116,600.000,309,407,''),(116,600.000,310,407,''),(116,600.000,311,407,''),(117,125.000,301,407,''),(117,125.000,302,407,''),(117,125.000,303,407,''),(117,125.000,304,407,''),(117,125.000,305,407,''),(117,125.000,306,407,''),(117,125.000,307,407,''),(117,125.000,308,407,''),(117,125.000,309,407,''),(117,125.000,310,407,''),(117,125.000,311,407,''),(118,135.000,301,407,''),(118,135.000,302,407,''),(118,135.000,303,407,''),(118,135.000,304,407,''),(118,135.000,305,407,''),(118,135.000,306,407,''),(118,135.000,307,407,''),(118,135.000,308,407,''),(118,135.000,309,407,''),(118,135.000,310,407,''),(118,135.000,311,407,''),(119,1249.000,301,407,''),(119,1249.000,302,407,''),(119,1249.000,303,407,''),(119,1249.000,304,407,''),(119,1249.000,305,407,''),(119,1249.000,306,407,''),(119,1249.000,307,407,''),(119,1249.000,308,407,''),(119,1249.000,309,407,''),(119,1249.000,310,407,''),(119,1249.000,311,407,'');
/*!40000 ALTER TABLE `fee_schoolyear_lt` ENABLE KEYS */;
UNLOCK TABLES;

--
-- Table structure for table `grade`
--

DROP TABLE IF EXISTS `grade`;
/*!40101 SET @saved_cs_client     = @@character_set_client */;
/*!40101 SET character_set_client = utf8 */;
CREATE TABLE `grade` (
  `grade_id` int(11) NOT NULL AUTO_INCREMENT,
  `subject_id` int(11) NOT NULL,
  `grade` decimal(10,2) NOT NULL,
  `schoolyear_id` int(11) NOT NULL,
  `gradingperiod_id` int(11) DEFAULT NULL,
  `date_added` datetime NOT NULL DEFAULT CURRENT_TIMESTAMP,
  `final` double DEFAULT NULL,
  `gwa` double DEFAULT NULL,
  PRIMARY KEY (`grade_id`),
  KEY `fk_gradeTABLE_subject_idCOL_idx` (`subject_id`),
  KEY `fk_gradeTABLE_schoolyear_idCOL_idx` (`schoolyear_id`),
  KEY `fk_gradeTABLE_gradingperiod_idCOL_idx` (`gradingperiod_id`),
  CONSTRAINT `fk_gradeTABLE_gradingperiod_idCOL` FOREIGN KEY (`gradingperiod_id`) REFERENCES `gradingperiod_mt` (`gradingperiod_id`) ON DELETE NO ACTION ON UPDATE NO ACTION,
  CONSTRAINT `fk_gradeTABLE_schoolyear_idCOL` FOREIGN KEY (`schoolyear_id`) REFERENCES `schoolyear_mt` (`schoolyear_id`) ON DELETE NO ACTION ON UPDATE NO ACTION,
  CONSTRAINT `fk_gradeTABLE_subject_idCOL` FOREIGN KEY (`subject_id`) REFERENCES `subject_mt` (`subject_id`) ON DELETE NO ACTION ON UPDATE NO ACTION
) ENGINE=InnoDB AUTO_INCREMENT=5 DEFAULT CHARSET=latin1;
/*!40101 SET character_set_client = @saved_cs_client */;

--
-- Dumping data for table `grade`
--

LOCK TABLES `grade` WRITE;
/*!40000 ALTER TABLE `grade` DISABLE KEYS */;
INSERT INTO `grade` VALUES (1,74,90.00,407,7000,'2017-08-04 17:31:11',89.25,89.25),(2,74,89.00,407,7001,'2017-08-04 17:31:11',89.25,89.25),(3,74,89.00,407,7002,'2017-08-04 17:31:11',89.25,89.25),(4,74,89.00,407,7003,'2017-08-04 17:31:11',89.25,89.25);
/*!40000 ALTER TABLE `grade` ENABLE KEYS */;
UNLOCK TABLES;

--
-- Table structure for table `gradelevel_mt`
--

DROP TABLE IF EXISTS `gradelevel_mt`;
/*!40101 SET @saved_cs_client     = @@character_set_client */;
/*!40101 SET character_set_client = utf8 */;
CREATE TABLE `gradelevel_mt` (
  `gradelevel_id` int(11) NOT NULL AUTO_INCREMENT,
  `grade_level` int(11) NOT NULL,
  `isActive` bit(1) NOT NULL DEFAULT b'1',
  PRIMARY KEY (`gradelevel_id`)
) ENGINE=InnoDB AUTO_INCREMENT=312 DEFAULT CHARSET=latin1;
/*!40101 SET character_set_client = @saved_cs_client */;

--
-- Dumping data for table `gradelevel_mt`
--

LOCK TABLES `gradelevel_mt` WRITE;
/*!40000 ALTER TABLE `gradelevel_mt` DISABLE KEYS */;
INSERT INTO `gradelevel_mt` VALUES (301,0,''),(302,1,''),(303,2,''),(304,3,''),(305,4,''),(306,5,''),(307,6,''),(308,7,''),(309,8,''),(310,9,''),(311,10,'');
/*!40000 ALTER TABLE `gradelevel_mt` ENABLE KEYS */;
UNLOCK TABLES;

--
-- Table structure for table `gradingperiod_mt`
--

DROP TABLE IF EXISTS `gradingperiod_mt`;
/*!40101 SET @saved_cs_client     = @@character_set_client */;
/*!40101 SET character_set_client = utf8 */;
CREATE TABLE `gradingperiod_mt` (
  `gradingperiod_id` int(11) NOT NULL AUTO_INCREMENT COMMENT 'Contains grading period names such as :\n\n1st Grading Period\n2nd Grading Period\n3rd Grading Period\n4th Grading Period',
  `gradeperiod` int(11) NOT NULL,
  `description` varchar(45) NOT NULL,
  `isActive` bit(1) NOT NULL DEFAULT b'1',
  `date_added` datetime NOT NULL DEFAULT CURRENT_TIMESTAMP,
  PRIMARY KEY (`gradingperiod_id`)
) ENGINE=InnoDB AUTO_INCREMENT=7004 DEFAULT CHARSET=latin1;
/*!40101 SET character_set_client = @saved_cs_client */;

--
-- Dumping data for table `gradingperiod_mt`
--

LOCK TABLES `gradingperiod_mt` WRITE;
/*!40000 ALTER TABLE `gradingperiod_mt` DISABLE KEYS */;
INSERT INTO `gradingperiod_mt` VALUES (7000,1,'1st Period','','2017-07-19 21:09:13'),(7001,2,'2nd Period','','2017-07-19 21:09:14'),(7002,3,'3rd Period','','2017-07-19 21:09:16'),(7003,4,'4th Period','','2017-07-19 21:09:17');
/*!40000 ALTER TABLE `gradingperiod_mt` ENABLE KEYS */;
UNLOCK TABLES;

--
-- Table structure for table `holiday_mt`
--

DROP TABLE IF EXISTS `holiday_mt`;
/*!40101 SET @saved_cs_client     = @@character_set_client */;
/*!40101 SET character_set_client = utf8 */;
CREATE TABLE `holiday_mt` (
  `holiday_id` int(11) NOT NULL AUTO_INCREMENT,
  `holiday_name` varchar(45) NOT NULL,
  `description` text,
  `date_created` datetime DEFAULT CURRENT_TIMESTAMP,
  `isActive` bit(1) NOT NULL DEFAULT b'1',
  `start_date` date NOT NULL,
  `end_date` date NOT NULL,
  PRIMARY KEY (`holiday_id`),
  UNIQUE KEY `holiday_name_UNIQUE` (`holiday_name`)
) ENGINE=InnoDB AUTO_INCREMENT=13 DEFAULT CHARSET=latin1;
/*!40101 SET character_set_client = @saved_cs_client */;

--
-- Dumping data for table `holiday_mt`
--

LOCK TABLES `holiday_mt` WRITE;
/*!40000 ALTER TABLE `holiday_mt` DISABLE KEYS */;
INSERT INTO `holiday_mt` VALUES (5,'Maundy Thursday','Maundy Thursday','2017-07-07 20:46:23','','2017-04-13','2017-04-13'),(6,'New Year\'s Day','New Year\'s Day','2017-07-07 20:48:01','','2017-01-01','2017-01-01'),(7,'Public Holiday','Public Holiday','2017-07-07 20:48:36','','2017-01-02','2017-01-02'),(8,'Chinese New Year','Chinese New Year','2017-07-07 20:49:21','','2017-01-28','2017-01-28'),(9,'People Power Revolution','People Power Revolution','2017-07-07 20:49:58','','2017-02-25','2017-02-25'),(10,'Labor Day','Labor Day','2017-07-07 20:50:37','','2017-05-01','2017-05-01'),(11,'National Heroes Day','National Heroes Day','2017-07-07 20:52:10','','2017-08-28','2017-08-28'),(12,'Eid Al Adha','Eid Al Adha','2017-07-07 20:53:31','','2017-09-01','2017-09-01');
/*!40000 ALTER TABLE `holiday_mt` ENABLE KEYS */;
UNLOCK TABLES;

--
-- Table structure for table `payment`
--

DROP TABLE IF EXISTS `payment`;
/*!40101 SET @saved_cs_client     = @@character_set_client */;
/*!40101 SET character_set_client = utf8 */;
CREATE TABLE `payment` (
  `payment_id` int(11) NOT NULL AUTO_INCREMENT,
  `balance_breakdown_fee_id` int(11) NOT NULL,
  `amount_tendered` decimal(10,2) NOT NULL,
  `date_of_payment` datetime NOT NULL DEFAULT CURRENT_TIMESTAMP,
  PRIMARY KEY (`payment_id`),
  KEY `fk_paymentTABLE_balance_breakdown_fee_idCOL_idx` (`balance_breakdown_fee_id`),
  CONSTRAINT `fk_paymentTABLE_balance_breakdown_fee_idCOL` FOREIGN KEY (`balance_breakdown_fee_id`) REFERENCES `balance_breakdown_fee` (`balance_breakdown_fee_id`) ON DELETE NO ACTION ON UPDATE NO ACTION
) ENGINE=InnoDB DEFAULT CHARSET=latin1;
/*!40101 SET character_set_client = @saved_cs_client */;

--
-- Dumping data for table `payment`
--

LOCK TABLES `payment` WRITE;
/*!40000 ALTER TABLE `payment` DISABLE KEYS */;
/*!40000 ALTER TABLE `payment` ENABLE KEYS */;
UNLOCK TABLES;

--
-- Table structure for table `paymentterm_deadline`
--

DROP TABLE IF EXISTS `paymentterm_deadline`;
/*!40101 SET @saved_cs_client     = @@character_set_client */;
/*!40101 SET character_set_client = utf8 */;
CREATE TABLE `paymentterm_deadline` (
  `payment_deadline_id` int(11) NOT NULL AUTO_INCREMENT,
  `schoolyear_id` int(11) NOT NULL,
  `paymentterm_id` int(11) NOT NULL,
  `period_id` int(11) NOT NULL,
  `deadline` date NOT NULL,
  `isActive` bit(1) NOT NULL DEFAULT b'1',
  PRIMARY KEY (`payment_deadline_id`),
  KEY `fk_payment_deadlineTABLE_paymentterm_idCOL_idx` (`paymentterm_id`),
  KEY `fk_payment_deadlineTABLE_schoolyear_idCOL_idx` (`schoolyear_id`),
  KEY `fk_payment_deadlineTABLE_period_idCOL_idx` (`period_id`),
  CONSTRAINT `fk_payment_deadlineTABLE_paymentterm_idCOL` FOREIGN KEY (`paymentterm_id`) REFERENCES `paymentterm_mt` (`paymentterm_id`) ON DELETE NO ACTION ON UPDATE NO ACTION,
  CONSTRAINT `fk_payment_deadlineTABLE_period_idCOL` FOREIGN KEY (`period_id`) REFERENCES `period` (`period_id`) ON DELETE NO ACTION ON UPDATE NO ACTION,
  CONSTRAINT `fk_payment_deadlineTABLE_schoolyear_idCOL` FOREIGN KEY (`schoolyear_id`) REFERENCES `schoolyear_mt` (`schoolyear_id`) ON DELETE NO ACTION ON UPDATE NO ACTION
) ENGINE=InnoDB AUTO_INCREMENT=33 DEFAULT CHARSET=latin1;
/*!40101 SET character_set_client = @saved_cs_client */;

--
-- Dumping data for table `paymentterm_deadline`
--

LOCK TABLES `paymentterm_deadline` WRITE;
/*!40000 ALTER TABLE `paymentterm_deadline` DISABLE KEYS */;
INSERT INTO `paymentterm_deadline` VALUES (17,408,4,6,'2018-01-02',''),(18,408,4,5,'2018-01-02',''),(19,408,3,4,'2018-01-04',''),(20,408,3,3,'2018-01-04',''),(21,408,3,2,'2018-01-04',''),(22,408,3,1,'2018-01-04',''),(23,408,5,7,'2018-01-12',''),(24,408,5,8,'2018-01-12',''),(25,408,5,9,'2018-01-12',''),(26,408,5,10,'2018-01-12',''),(27,408,5,11,'2018-01-12',''),(28,408,5,12,'2018-01-12',''),(29,408,5,13,'2018-01-12',''),(30,408,5,14,'2018-01-12',''),(31,408,5,15,'2018-01-12',''),(32,408,5,16,'2018-01-12','');
/*!40000 ALTER TABLE `paymentterm_deadline` ENABLE KEYS */;
UNLOCK TABLES;

--
-- Table structure for table `paymentterm_mt`
--

DROP TABLE IF EXISTS `paymentterm_mt`;
/*!40101 SET @saved_cs_client     = @@character_set_client */;
/*!40101 SET character_set_client = utf8 */;
CREATE TABLE `paymentterm_mt` (
  `paymentterm_id` int(11) NOT NULL AUTO_INCREMENT,
  `paymentterm` varchar(45) NOT NULL,
  `isActive` bit(1) NOT NULL DEFAULT b'1',
  `divisor` int(11) NOT NULL,
  PRIMARY KEY (`paymentterm_id`)
) ENGINE=InnoDB AUTO_INCREMENT=6 DEFAULT CHARSET=latin1;
/*!40101 SET character_set_client = @saved_cs_client */;

--
-- Dumping data for table `paymentterm_mt`
--

LOCK TABLES `paymentterm_mt` WRITE;
/*!40000 ALTER TABLE `paymentterm_mt` DISABLE KEYS */;
INSERT INTO `paymentterm_mt` VALUES (2,'Cash','',1),(3,'Quarterly','',4),(4,'Semestral','',2),(5,'Monthly','',12);
/*!40000 ALTER TABLE `paymentterm_mt` ENABLE KEYS */;
UNLOCK TABLES;

--
-- Table structure for table `paymentterm_penalty`
--

DROP TABLE IF EXISTS `paymentterm_penalty`;
/*!40101 SET @saved_cs_client     = @@character_set_client */;
/*!40101 SET character_set_client = utf8 */;
CREATE TABLE `paymentterm_penalty` (
  `penalty_id` int(11) NOT NULL AUTO_INCREMENT,
  `schoolyear_id` int(11) NOT NULL,
  `paymentterm_id` int(11) NOT NULL,
  `penalty_amount` decimal(10,2) NOT NULL,
  `isActive` bit(1) NOT NULL DEFAULT b'1',
  `date_added` datetime NOT NULL DEFAULT CURRENT_TIMESTAMP,
  PRIMARY KEY (`penalty_id`),
  UNIQUE KEY `uk_paymentterm_penaltyTABLE` (`schoolyear_id`,`paymentterm_id`),
  KEY `fk_paymentterm_penaltyTABLE_paymentterm_idCOL_idx` (`paymentterm_id`),
  KEY `fk_paymentterm_penaltyTABLE_schoolyear_idCOL_idx` (`schoolyear_id`),
  CONSTRAINT `fk_paymentterm_penaltyTABLE_paymentterm_idCOL` FOREIGN KEY (`paymentterm_id`) REFERENCES `paymentterm_mt` (`paymentterm_id`) ON DELETE NO ACTION ON UPDATE NO ACTION,
  CONSTRAINT `fk_paymentterm_penaltyTABLE_schoolyear_idCOL` FOREIGN KEY (`schoolyear_id`) REFERENCES `schoolyear_mt` (`schoolyear_id`) ON DELETE NO ACTION ON UPDATE NO ACTION
) ENGINE=InnoDB AUTO_INCREMENT=32 DEFAULT CHARSET=latin1 COMMENT='Stores how much penalty fee is charged for late payments per schoolyear.';
/*!40101 SET character_set_client = @saved_cs_client */;

--
-- Dumping data for table `paymentterm_penalty`
--

LOCK TABLES `paymentterm_penalty` WRITE;
/*!40000 ALTER TABLE `paymentterm_penalty` DISABLE KEYS */;
INSERT INTO `paymentterm_penalty` VALUES (22,407,3,500.00,'','2017-07-15 08:29:16'),(23,407,4,600.00,'','2017-07-15 08:29:16'),(24,407,5,700.00,'','2017-07-15 08:29:16'),(25,408,3,900.00,'','2017-07-15 09:13:04'),(26,408,4,950.00,'','2017-07-15 09:13:05'),(27,408,5,1000.00,'','2017-07-15 09:13:05'),(29,409,3,250.00,'','2017-07-15 09:32:30'),(30,409,4,250.00,'','2017-07-15 09:32:30'),(31,409,5,250.00,'','2017-07-15 09:32:30');
/*!40000 ALTER TABLE `paymentterm_penalty` ENABLE KEYS */;
UNLOCK TABLES;

--
-- Table structure for table `paymentterm_period`
--

DROP TABLE IF EXISTS `paymentterm_period`;
/*!40101 SET @saved_cs_client     = @@character_set_client */;
/*!40101 SET character_set_client = utf8 */;
CREATE TABLE `paymentterm_period` (
  `paymentterm_period_id` int(11) NOT NULL AUTO_INCREMENT,
  `paymentterm_id` int(11) NOT NULL,
  `period_id` int(11) NOT NULL,
  `date_added` datetime NOT NULL DEFAULT CURRENT_TIMESTAMP,
  PRIMARY KEY (`paymentterm_period_id`),
  KEY `fk_paymentterm_divisionTABLE_paymentterm_idCOL_idx` (`paymentterm_id`),
  KEY `fk_paymentterm_divisionTABLE_division_idCOL_idx` (`period_id`)
) ENGINE=InnoDB AUTO_INCREMENT=17 DEFAULT CHARSET=latin1;
/*!40101 SET character_set_client = @saved_cs_client */;

--
-- Dumping data for table `paymentterm_period`
--

LOCK TABLES `paymentterm_period` WRITE;
/*!40000 ALTER TABLE `paymentterm_period` DISABLE KEYS */;
INSERT INTO `paymentterm_period` VALUES (1,4,5,'2017-07-13 16:37:54'),(2,4,6,'2017-07-13 16:37:59'),(3,3,4,'2017-07-13 16:38:04'),(4,3,3,'2017-07-13 16:38:09'),(5,3,2,'2017-07-13 16:38:15'),(6,3,1,'2017-07-13 16:38:19'),(7,5,16,'2017-07-13 16:41:46'),(8,5,15,'2017-07-13 16:41:52'),(9,5,14,'2017-07-13 16:41:56'),(10,5,13,'2017-07-13 16:41:59'),(11,5,12,'2017-07-13 16:42:04'),(12,5,11,'2017-07-13 16:42:07'),(13,5,10,'2017-07-13 16:42:11'),(14,5,9,'2017-07-13 16:42:14'),(15,5,8,'2017-07-13 16:42:18'),(16,5,7,'2017-07-13 16:42:22');
/*!40000 ALTER TABLE `paymentterm_period` ENABLE KEYS */;
UNLOCK TABLES;

--
-- Table structure for table `period`
--

DROP TABLE IF EXISTS `period`;
/*!40101 SET @saved_cs_client     = @@character_set_client */;
/*!40101 SET character_set_client = utf8 */;
CREATE TABLE `period` (
  `period_id` int(11) NOT NULL AUTO_INCREMENT,
  `period_code` varchar(10) NOT NULL,
  `description` text NOT NULL,
  PRIMARY KEY (`period_id`),
  UNIQUE KEY `code_UNIQUE` (`period_code`)
) ENGINE=InnoDB AUTO_INCREMENT=17 DEFAULT CHARSET=latin1;
/*!40101 SET character_set_client = @saved_cs_client */;

--
-- Dumping data for table `period`
--

LOCK TABLES `period` WRITE;
/*!40000 ALTER TABLE `period` DISABLE KEYS */;
INSERT INTO `period` VALUES (1,'FOQ','Fourth Quarter'),(2,'TQ','Third Quarter'),(3,'SQ','Second Quarter'),(4,'FIQ','First Quarter'),(5,'SS','Second Semester'),(6,'FS','First Semester'),(7,'FM','First Month'),(8,'SECMO','Second Month'),(9,'THMO','Third Month'),(10,'FOM','Fourth Month'),(11,'FIM','Fifth Month'),(12,'SIM','Sixth Month'),(13,'SEVMO','Seventh Month'),(14,'EMO','Eighth Month'),(15,'NIMO','Ninth Month'),(16,'TEMO','Tenth Month');
/*!40000 ALTER TABLE `period` ENABLE KEYS */;
UNLOCK TABLES;

--
-- Table structure for table `quarter_mt`
--

DROP TABLE IF EXISTS `quarter_mt`;
/*!40101 SET @saved_cs_client     = @@character_set_client */;
/*!40101 SET character_set_client = utf8 */;
CREATE TABLE `quarter_mt` (
  `quarter_id` int(11) NOT NULL AUTO_INCREMENT,
  `quarter_no` int(11) NOT NULL,
  `isActive` bit(1) NOT NULL DEFAULT b'1',
  `description` text,
  `date_added` datetime NOT NULL DEFAULT CURRENT_TIMESTAMP,
  PRIMARY KEY (`quarter_id`)
) ENGINE=InnoDB AUTO_INCREMENT=53 DEFAULT CHARSET=latin1;
/*!40101 SET character_set_client = @saved_cs_client */;

--
-- Dumping data for table `quarter_mt`
--

LOCK TABLES `quarter_mt` WRITE;
/*!40000 ALTER TABLE `quarter_mt` DISABLE KEYS */;
INSERT INTO `quarter_mt` VALUES (29,1,'',NULL,'2017-07-07 22:56:30'),(30,2,'',NULL,'2017-07-07 22:56:31'),(31,3,'',NULL,'2017-07-07 22:56:31'),(32,4,'',NULL,'2017-07-07 22:56:31'),(33,1,'',NULL,'2017-07-08 09:48:00'),(34,2,'',NULL,'2017-07-08 09:48:00'),(35,3,'',NULL,'2017-07-08 09:48:00'),(36,4,'',NULL,'2017-07-08 09:48:00'),(37,1,'',NULL,'2017-07-08 09:57:05'),(38,2,'',NULL,'2017-07-08 09:57:05'),(39,3,'',NULL,'2017-07-08 09:57:06'),(40,4,'',NULL,'2017-07-08 09:57:06'),(41,1,'',NULL,'2017-07-08 10:30:33'),(42,2,'',NULL,'2017-07-08 10:30:34'),(43,3,'',NULL,'2017-07-08 10:30:34'),(44,4,'',NULL,'2017-07-08 10:30:34'),(45,1,'',NULL,'2017-07-08 10:36:19'),(46,2,'',NULL,'2017-07-08 10:36:19'),(47,3,'',NULL,'2017-07-08 10:36:19'),(48,4,'',NULL,'2017-07-08 10:36:19'),(49,1,'',NULL,'2017-08-12 10:40:55'),(50,2,'',NULL,'2017-08-12 10:40:55'),(51,3,'',NULL,'2017-08-12 10:40:56'),(52,4,'',NULL,'2017-08-12 10:40:56');
/*!40000 ALTER TABLE `quarter_mt` ENABLE KEYS */;
UNLOCK TABLES;

--
-- Table structure for table `registration_mt`
--

DROP TABLE IF EXISTS `registration_mt`;
/*!40101 SET @saved_cs_client     = @@character_set_client */;
/*!40101 SET character_set_client = utf8 */;
CREATE TABLE `registration_mt` (
  `registration_id` int(11) NOT NULL AUTO_INCREMENT,
  `student_type` varchar(45) NOT NULL,
  `lastname` varchar(45) NOT NULL,
  `firstname` varchar(45) NOT NULL,
  `middlename` varchar(45) NOT NULL,
  `dob` date NOT NULL,
  `pob` varchar(45) NOT NULL,
  `nationality` varchar(45) NOT NULL,
  `religion` varchar(45) NOT NULL,
  `gender` bit(1) NOT NULL,
  `father_firstname` varchar(45) NOT NULL,
  `father_middlename` varchar(45) NOT NULL,
  `father_lastname` varchar(45) NOT NULL,
  `father_occupation` varchar(45) NOT NULL,
  `father_officephone_no` varchar(45) NOT NULL,
  `father_mobile_no` varchar(45) DEFAULT NULL,
  `isFatherContactInCaseEmergency` bit(1) NOT NULL DEFAULT b'0',
  `mother_firstname` varchar(45) NOT NULL,
  `mother_middlename` varchar(45) DEFAULT NULL,
  `mother_lastname` varchar(45) NOT NULL,
  `mother_occupation` varchar(45) NOT NULL,
  `mother_officephone_no` varchar(45) NOT NULL,
  `mother_mobile_no` varchar(45) DEFAULT NULL,
  `isMotherContactInCaseEmergency` bit(1) NOT NULL DEFAULT b'0',
  `guardian_lastname` varchar(45) DEFAULT NULL,
  `guardian_firstname` varchar(45) DEFAULT NULL,
  `guardian_middlename` varchar(45) DEFAULT NULL,
  `guardian_occupation` varchar(45) DEFAULT NULL,
  `guardian_officephone_no` varchar(45) DEFAULT NULL,
  `guardian_mobile_no` varchar(45) DEFAULT NULL,
  `guardian_relation_to_student` varchar(45) DEFAULT NULL,
  `isGuardianContactInCaseEmergency` bit(1) DEFAULT b'0',
  `school_last_attended` varchar(45) DEFAULT NULL,
  `school_last_attended_address` varchar(100) DEFAULT NULL,
  `isDownpaymentPaid` bit(1) DEFAULT b'0',
  `room_or_house_no` varchar(45) DEFAULT NULL,
  `street` varchar(45) DEFAULT NULL,
  `brgy_or_subd` varchar(45) DEFAULT NULL,
  `city` varchar(45) DEFAULT NULL,
  `province` varchar(45) DEFAULT NULL,
  `gradelevel_id` int(11) NOT NULL,
  `schoolyear_id` int(11) DEFAULT NULL,
  `date_registered` datetime NOT NULL DEFAULT CURRENT_TIMESTAMP,
  `paymentterm_id` int(11) DEFAULT NULL,
  PRIMARY KEY (`registration_id`),
  KEY `fk_registration_mtTABLE_gradelevel_idCOL_idx` (`gradelevel_id`),
  KEY `fk_registration_mtTABLE_schoolyear_idCOL_idx` (`schoolyear_id`),
  KEY `fk_registration_mtTABLE_paymentterm_idCOL_idx` (`paymentterm_id`),
  CONSTRAINT `fk_gradelevel_mtTABLE_gradelevel_idCOL` FOREIGN KEY (`gradelevel_id`) REFERENCES `gradelevel_mt` (`gradelevel_id`) ON DELETE NO ACTION ON UPDATE NO ACTION,
  CONSTRAINT `fk_registration_mtTABLE_gradelevel_idCOL` FOREIGN KEY (`gradelevel_id`) REFERENCES `gradelevel_mt` (`gradelevel_id`) ON DELETE NO ACTION ON UPDATE NO ACTION,
  CONSTRAINT `fk_registration_mtTABLE_paymentterm_idCOL` FOREIGN KEY (`paymentterm_id`) REFERENCES `paymentterm_mt` (`paymentterm_id`) ON DELETE NO ACTION ON UPDATE NO ACTION,
  CONSTRAINT `fk_registration_mtTABLE_schoolyear_idCOL` FOREIGN KEY (`schoolyear_id`) REFERENCES `schoolyear_mt` (`schoolyear_id`) ON DELETE NO ACTION ON UPDATE NO ACTION
) ENGINE=InnoDB AUTO_INCREMENT=5887 DEFAULT CHARSET=latin1 COMMENT='Master Table for registration of new students and transferees ';
/*!40101 SET character_set_client = @saved_cs_client */;

--
-- Dumping data for table `registration_mt`
--

LOCK TABLES `registration_mt` WRITE;
/*!40000 ALTER TABLE `registration_mt` DISABLE KEYS */;
INSERT INTO `registration_mt` VALUES (4867,'Transferee','Signon','Erwin','Efrem','2003-10-25','Agusan del Norte','Somali','Protestant','\0','Joana','Scott','Mcnicol','Emcee','202-555-0179','202-555-0100','','Elma','Morley','Liss','Amusement Park Worker','202-555-0137','202-555-0197','',NULL,NULL,NULL,NULL,NULL,NULL,NULL,'\0',NULL,NULL,'\0',NULL,NULL,NULL,NULL,NULL,308,407,'2017-08-12 10:43:35',4),(4868,'New','Bertram','Idalia','Rogers','2002-08-22','Sarangani','EastTimorese','Born again','\0','Venetta','Simonette','Maddox','Amusement Park Worker','202-555-0145','202-555-0137','','Venetta','Darrick','Glider','Busser','202-555-0138','202 - 555 - 0150','',NULL,NULL,NULL,NULL,NULL,NULL,NULL,'\0',NULL,NULL,'\0',NULL,NULL,NULL,NULL,NULL,308,407,'2017-08-12 10:43:36',4),(4869,'Transferee','Zarate','Venetta','Indira','2003-11-10','Southern Leyte','Indian','Taoism','\0','Sibyl','Deborah','Leis','Freight Clerk','202-555-0163','202-555-0125','\0','Ed','Aurlie','Glider','Licensed Clinical Mental Health Counselor','202-555-0153','202-555-0184','\0',NULL,NULL,NULL,NULL,NULL,NULL,NULL,'\0',NULL,NULL,'\0',NULL,NULL,NULL,NULL,NULL,308,407,'2017-08-12 10:43:36',4),(4870,'Transferee','Valelly','Zena','Cthrine','2004-08-15','Leyte','Liechtensteiner','Protestant','\0','Apolonia','Maegan','Polya','Freight Clerk','202-555-0185','202-555-0195','\0','Carlton','Merrielle','Prentice','Line Haul Driver','202-555-0179','202-555-0184','',NULL,NULL,NULL,NULL,NULL,NULL,NULL,'\0',NULL,NULL,'\0',NULL,NULL,NULL,NULL,NULL,308,407,'2017-08-12 10:43:37',4),(4871,'New','Orfe','Erwin','Marchall','2005-04-19','Davao del Sur','Haitian','Muslim','\0','Jeanice','Riccardo','Upsdell','Ambulance Driver-Paramedic','202-555-0112','202-555-0153','\0','Celestine','Sidonia','Bilodeau','Professor of Communication and Writing','202-555-0177','202-555-0139','\0',NULL,NULL,NULL,NULL,NULL,NULL,NULL,'\0',NULL,NULL,'\0',NULL,NULL,NULL,NULL,NULL,308,407,'2017-08-12 10:43:37',4),(4872,'New','Amsden','Mariel','Claire','2003-04-21','Surigao del Sur','Fijian','Catholic','','Rona','Sidonia','Maddox','Drywall Applicator','202-555-0153','202-555-0105','\0','Tonja','Millie','Amsden','Molasses Preparer','202-555-0186','202-555-0181','',NULL,NULL,NULL,NULL,NULL,NULL,NULL,'\0',NULL,NULL,'\0',NULL,NULL,NULL,NULL,NULL,308,407,'2017-08-12 10:43:38',4),(4873,'New','Rickles','Ronda','Griffin','2006-11-15','Catanduanes','Somali','Catholic','\0','Elma','Burk','John Chiappini','Custom Wood Stair Builder','202-555-0104','202-555-0181','\0','Joana','Deborah','Trautman','Lead Abatement Worker','202-555-0190','202-555-0187','\0',NULL,NULL,NULL,NULL,NULL,NULL,NULL,'\0',NULL,NULL,'\0',NULL,NULL,NULL,NULL,NULL,308,407,'2017-08-12 10:43:38',4),(4874,'New','Fonseca','Ludivina','Asia','2002-08-18','Marinduque','Guinea-Bissauan','Taoism','\0','Shauna','Ransell','Glider','Strike Warfare/Missile Systems Officer','202-555-0183','202-555-0195','','Karrie','Deirdre','Prentice','Amusement Park Worker','202-555-0184','202-555-0105','',NULL,NULL,NULL,NULL,NULL,NULL,NULL,'\0',NULL,NULL,'\0',NULL,NULL,NULL,NULL,NULL,308,407,'2017-08-12 10:43:38',4),(4875,'New','Lubit','Marissa','Roderich','2002-08-12','Samar','Singaporean','Taoism','','Dorothea','Corliss','Lachenbruch','Freight Clerk','202-555-0183','202-555-0100','\0','Ed','Marchall','Verdile','Voice-Over Artist','202 - 555 - 0150','202-555-0116','\0',NULL,NULL,NULL,NULL,NULL,NULL,NULL,'\0',NULL,NULL,'\0',NULL,NULL,NULL,NULL,NULL,308,407,'2017-08-12 10:43:38',4),(4876,'New','Stewart','Serita','Merrielle','2002-07-18','Siquijor','Seychellois','Catholic','','Michaela','Harriot','Valdez','Nursing Service Director','202-555-0152','202-555-0132','','Vilma','Lindy','Clear','Professor of Communication and Writing','202-555-0123','202-555-0198','',NULL,NULL,NULL,NULL,NULL,NULL,NULL,'\0',NULL,NULL,'\0',NULL,NULL,NULL,NULL,NULL,308,407,'2017-08-12 10:43:39',4),(4877,'Transferee','Fuchs','Marshall','Townie','2002-06-16','Dinagat Islands','Gambian','Born again','\0','Michaela','Coralie','Mcnicol','Nursing Service Director','202-555-0197','202-555-0145','','Leonel','Craggie','Kasper','Licensed Clinical Mental Health Counselor','202-555-0173','202-555-0189','',NULL,NULL,NULL,NULL,NULL,NULL,NULL,'\0',NULL,NULL,'\0',NULL,NULL,NULL,NULL,NULL,308,407,'2017-08-12 10:43:39',4),(4878,'New','Persky','Sudie','Cathie','2003-10-14','Abra','Irish','Catholic','\0','Lynnette','Orion','Dernburg','Amusement Park Worker','202-555-0198','202-555-0162','','Eve','Clem','Norato','Nursing Service Director','202-555-0131','202-555-0131','',NULL,NULL,NULL,NULL,NULL,NULL,NULL,'\0',NULL,NULL,'\0',NULL,NULL,NULL,NULL,NULL,308,407,'2017-08-12 10:43:40',4),(4879,'Transferee','Cady','Rona','Harvey','2004-03-21','Bulacan','CapeVerdean','Catholic','','Donte','Frans','Decierdo','Ambulance Driver-Paramedic','202-555-0131','202-555-0167','\0','Marissa','Thornie','Badulescu','Emcee','202-555-0152','202-555-0199','\0',NULL,NULL,NULL,NULL,NULL,NULL,NULL,'\0',NULL,NULL,'\0',NULL,NULL,NULL,NULL,NULL,308,407,'2017-08-12 10:43:40',4),(4880,'New','Schluter','Margorie','Deborah','2003-09-23','Lanao del Norte','Serbian','Taoism','','Meghan','Ruddy','Scanlan','Professor of Communication and Writing','202-555-0163','202-555-0195','\0','Ed','Darrick','Mcnicol','Licensed Clinical Mental Health Counselor','202-555-0173','202-555-0148','',NULL,NULL,NULL,NULL,NULL,NULL,NULL,'\0',NULL,NULL,'\0',NULL,NULL,NULL,NULL,NULL,308,407,'2017-08-12 10:43:40',4),(4881,'Transferee','Maddox','Donte','Griffin','2006-06-16','Ifugao','Nicaraguan','Taoism','','Delcie','Craggie','Slosser','Social Psychologist','202-555-0102','202-555-0114','','Madeleine','Maegan','Wilkin','Statistical Analyst','202-555-0135','202-555-0165','',NULL,NULL,NULL,NULL,NULL,NULL,NULL,'\0',NULL,NULL,'\0',NULL,NULL,NULL,NULL,NULL,308,407,'2017-08-12 10:43:40',4),(4882,'New','Amadeo','Vilma','Skippie','2002-07-20','Lanao del Norte','Mongolian','Muslim','','Sudie','Oran','Fonseca','Tobacco Buyer','202-555-0150','202-555-0145','','Arica','Roderich','Yaqub','Emcee','202-555-0114','202-555-0123','\0',NULL,NULL,NULL,NULL,NULL,NULL,NULL,'\0',NULL,NULL,'\0',NULL,NULL,NULL,NULL,NULL,308,407,'2017-08-12 10:43:41',4),(4883,'Transferee','Lachenbruch','Pearle','Rogers','2002-08-10','Bataan','Palauan','Taoism','\0','Lezlie','Morley','Funcke','Social Psychologist','202-555-0197','202-555-0189','','Lillian','Clem','Alldredge','Custom Wood Stair Builder','202-555-0184','202-555-0199','\0',NULL,NULL,NULL,NULL,NULL,NULL,NULL,'\0',NULL,NULL,'\0',NULL,NULL,NULL,NULL,NULL,308,407,'2017-08-12 10:43:41',4),(4884,'Transferee','Sparda','Mariel','Barny','2002-11-12','Tawi-Tawi','Venezuelan','Born again','\0','Apolonia','Crissie','Sedcole','Short Story Writer','202-555-0163','202-555-0184','\0','Carisa','Ransell','Signon','Busser','202-555-0125','202-555-0177','',NULL,NULL,NULL,NULL,NULL,NULL,NULL,'\0',NULL,NULL,'\0',NULL,NULL,NULL,NULL,NULL,308,407,'2017-08-12 10:43:42',4),(4885,'New','Ulam','Stacee','Birgit','2002-03-20','Capiz','Jamaican','Born again','\0','Elmo','Florette','Clear','Cardroom Manager','202-555-0101','202-555-0100','\0','Elma','Casey','Upsdell','Lead Abatement Worker','202-555-0198','202-555-0183','',NULL,NULL,NULL,NULL,NULL,NULL,NULL,'\0',NULL,NULL,'\0',NULL,NULL,NULL,NULL,NULL,308,407,'2017-08-12 10:43:42',4),(4886,'New','Norato','Bridgette','Astra','2004-08-24','Metro Manila','SierraLeonean','Catholic','','Sudie','Townie','Flowers','AIDS Counselor','202-555-0138','202-555-0195','','Pearle','Sidonia','Bronicki','Multi-operation Forming Machine Setter','202-555-0100','202-555-0161','\0',NULL,NULL,NULL,NULL,NULL,NULL,NULL,'\0',NULL,NULL,'\0',NULL,NULL,NULL,NULL,NULL,308,407,'2017-08-12 10:43:42',4),(4887,'Transferee','John Chiappini','Lezlie','Latia','2002-10-22','Bukidnon','Iranian','Muslim','','Moses','Katerina','Wilkin','Molasses Preparer','202-555-0125','202-555-0198','\0','Lourie','Morley','Cady','Strike Warfare/Missile Systems Officer','202-555-0175','202-555-0102','\0',NULL,NULL,NULL,NULL,NULL,NULL,NULL,'\0',NULL,NULL,'\0',NULL,NULL,NULL,NULL,NULL,308,407,'2017-08-12 10:43:43',4),(4888,'New','Lord','Karrie','Efrem','2006-03-18','South Cotabato','Argentinean','Taoism','','Ed','Maegan','Morin','Freight Clerk','202-555-0146','202-555-0152','','Elena','Bernardo','Wilkin','Licensed Clinical Mental Health Counselor','202-555-0179','202-555-0135','',NULL,NULL,NULL,NULL,NULL,NULL,NULL,'\0',NULL,NULL,'\0',NULL,NULL,NULL,NULL,NULL,308,407,'2017-08-12 10:43:43',4),(4889,'Transferee','Glider','Loyce','Casey','2004-09-25','Catanduanes','Belarusian','Taoism','\0','Maudie','Alexio','Shanley','Piano Professor','202-555-0173','202-555-0167','\0','Moses','Deirdre','Pesavento','Gas Derrick Operator','202-555-0185','202-555-0135','',NULL,NULL,NULL,NULL,NULL,NULL,NULL,'\0',NULL,NULL,'\0',NULL,NULL,NULL,NULL,NULL,308,407,'2017-08-12 10:43:43',4),(4890,'Transferee','Schluter','Madeleine','Townie','2002-09-17','Misamis Occidental','PapuaNewGuinean','Muslim','','Marshall','Birgit','Brake','Social Psychologist','202-555-0102','202-555-0148','\0','Apolonia','Morley','Morin','Amusement Park Worker','202-555-0114','202-555-0199','\0',NULL,NULL,NULL,NULL,NULL,NULL,NULL,'\0',NULL,NULL,'\0',NULL,NULL,NULL,NULL,NULL,308,407,'2017-08-12 10:43:44',4),(4891,'Transferee','Trautman','Patricia','Morley','2003-05-14','Marinduque','Ethiopian','Protestant','','Bridgette','Conny','Verdile','Amusement Park Worker','202-555-0162','202-555-0148','\0','Ed','Charlotta','Maddox','Chiropractor','202-555-0139','202-555-0123','\0',NULL,NULL,NULL,NULL,NULL,NULL,NULL,'\0',NULL,NULL,'\0',NULL,NULL,NULL,NULL,NULL,308,407,'2017-08-12 10:43:44',4),(4892,'Transferee','Wilkin','Yoshiko','Audi','2003-10-16','Zamboanga del Sur','Tunisian','Catholic','\0','Venetta','Lindy','Prentice','Lead Abatement Worker','202-555-0185','202-555-0183','','Ai','Brinn','Persky','Short Story Writer','202-555-0199','202-555-0184','',NULL,NULL,NULL,NULL,NULL,NULL,NULL,'\0',NULL,NULL,'\0',NULL,NULL,NULL,NULL,NULL,308,407,'2017-08-12 10:43:45',4),(4893,'New','Amsden','Shavon','Griffin','2004-05-28','Batanes','Cuban','Born again','','Patricia','Townie','Deptula','Custom Wood Stair Builder','202-555-0137','202-555-0198','','Alecia','Phyllys','Dernburg','Busser','202-555-0112','202 - 555 - 0150','',NULL,NULL,NULL,NULL,NULL,NULL,NULL,'\0',NULL,NULL,'\0',NULL,NULL,NULL,NULL,NULL,308,407,'2017-08-12 10:43:45',4),(4894,'Transferee','Glider','Sean','Ransell','2006-09-28','Oriental Mindoro','Nigerien','Muslim','','Antionette','Riccardo','Venne','Drywall Applicator','202-555-0163','202-555-0102','','Lila','Morey','Funcke','Professor of Communication and Writing','202-555-0101','202-555-0197','\0',NULL,NULL,NULL,NULL,NULL,NULL,NULL,'\0',NULL,NULL,'\0',NULL,NULL,NULL,NULL,NULL,308,407,'2017-08-12 10:43:45',4),(4895,'Transferee','Deptula','Leonel','Riccardo','2002-11-16','Misamis Occidental','Indonesian','Muslim','\0','Latashia','Griffin','Still','Strike Warfare/Missile Systems Officer','202-555-0199','202-555-0125','\0','Marcellus','Marchall','Hulbert','Strike Warfare/Missile Systems Officer','202-555-0135','202-555-0145','',NULL,NULL,NULL,NULL,NULL,NULL,NULL,'\0',NULL,NULL,'\0',NULL,NULL,NULL,NULL,NULL,308,407,'2017-08-12 10:43:46',4),(4896,'Transferee','Lackner','Elma','Mano','2005-08-26','Tawi-Tawi','Liberian','Muslim','','Lynnette','Cecile','Kauppi','Voice-Over Artist','202-555-0112','202-555-0197','\0','Mandi','Lindy','Benvenisty','Amusement Park Worker','202-555-0181','202-555-0123','',NULL,NULL,NULL,NULL,NULL,NULL,NULL,'\0',NULL,NULL,'\0',NULL,NULL,NULL,NULL,NULL,308,407,'2017-08-12 10:43:46',4),(4897,'Transferee','Brake','Venetta','Millie','2012-05-18','Siquijor','Tongan','Catholic','\0','Pattie','Cecile','Hulbert','Statistical Analyst','202-555-0184','202-555-0131','','Moses','Maegan','Benvenisty','Gas Derrick Operator','202-555-0189','202-555-0199','',NULL,NULL,NULL,NULL,NULL,NULL,NULL,'\0',NULL,NULL,'\0',NULL,NULL,NULL,NULL,NULL,301,407,'2017-08-12 10:44:18',3),(4898,'Transferee','Giesbrecht','Donte','Lindy','2012-04-19','Dinagat Islands','Slovenian','Protestant','','Myles','Darrick','Sparda','Custom Wood Stair Builder','202-555-0189','202-555-0173','','Joana','Bernardo','Carty','Gas Derrick Operator','202-555-0100','202-555-0114','\0',NULL,NULL,NULL,NULL,NULL,NULL,NULL,'\0',NULL,NULL,'\0',NULL,NULL,NULL,NULL,NULL,301,407,'2017-08-12 10:44:18',3),(4899,'Transferee','Valdez','Carisa','Merrielle','2012-05-18','Davao del Norte','Israeli','Catholic','\0','Jeanice','Atlanta','Dernburg','Multi-operation Forming Machine Setter','202-555-0167','202-555-0199','\0','Eve','Roderich','Flowers','Amusement Park Worker','202-555-0123','202-555-0185','\0',NULL,NULL,NULL,NULL,NULL,NULL,NULL,'\0',NULL,NULL,'\0',NULL,NULL,NULL,NULL,NULL,301,407,'2017-08-12 10:44:18',3),(4900,'Transferee','Schluter','Sibyl','Townie','2012-02-24','Lanao del Sur','Armenian','Catholic','','Delcie','Barny','Plummer','Ambulance Driver-Paramedic','202-555-0135','202-555-0175','\0','Jana','Harriot','Cady','Strike Warfare/Missile Systems Officer','202-555-0183','202-555-0174','\0',NULL,NULL,NULL,NULL,NULL,NULL,NULL,'\0',NULL,NULL,'\0',NULL,NULL,NULL,NULL,NULL,301,407,'2017-08-12 10:44:19',3),(4901,'Transferee','Brewer','Lillian','Lindy','2012-11-28','Catanduanes','Burkinabe','Protestant','','Dorothea','Griffin','Lachenbruch','AIDS Counselor','202-555-0138','202-555-0150','','Mandi','Asia','Glider','Strike Warfare/Missile Systems Officer','202-555-0189','202-555-0186','',NULL,NULL,NULL,NULL,NULL,NULL,NULL,'\0',NULL,NULL,'\0',NULL,NULL,NULL,NULL,NULL,301,407,'2017-08-12 10:44:19',3),(4902,'Transferee','Yaqub','Mandi','Mallorie','2012-03-23','Aklan','Tuvaluan','Taoism','\0','Alecia','Thornie','Klipp','Molasses Preparer','202-555-0195','202-555-0138','\0','Serita','Clem','Scanlan','Busser','202-555-0174','202-555-0184','\0',NULL,NULL,NULL,NULL,NULL,NULL,NULL,'\0',NULL,NULL,'\0',NULL,NULL,NULL,NULL,NULL,301,407,'2017-08-12 10:44:20',3),(4903,'Transferee','Baskey','Frederick','Frans','2012-08-25','Pampanga','Bruneian','Born again','\0','Idalia','Oran','Valelly','Molasses Preparer','202-555-0185','202-555-0123','','Jeanice','Roderich','Burke','Emcee','202-555-0169','202-555-0161','\0',NULL,NULL,NULL,NULL,NULL,NULL,NULL,'\0',NULL,NULL,'\0',NULL,NULL,NULL,NULL,NULL,301,407,'2017-08-12 10:44:21',3),(4904,'Transferee','Marston','Tonja','Kendal','2012-07-13','Metro Manila','Syrian','Born again','\0','Idalia','Conny','Leis','Custom Wood Stair Builder','202-555-0198','202-555-0101','','Frederick','Townie','Lueders-booth','Busser','202-555-0135','202-555-0183','\0',NULL,NULL,NULL,NULL,NULL,NULL,NULL,'\0',NULL,NULL,'\0',NULL,NULL,NULL,NULL,NULL,301,407,'2017-08-12 10:44:21',3),(4905,'Transferee','Persky','Donte','Casey','2012-04-18','Dinagat Islands','Slovakian','Muslim','\0','Lila','Lindy','Lamarche','Amusement Park Worker','202-555-0152','202-555-0112','\0','Lourie','Asia','Hiles','Gas Derrick Operator','202-555-0131','202-555-0145','\0',NULL,NULL,NULL,NULL,NULL,NULL,NULL,'\0',NULL,NULL,'\0',NULL,NULL,NULL,NULL,NULL,301,407,'2017-08-12 10:44:21',3),(4906,'Transferee','Liss','Lynnette','Adaline','2012-02-10','Eastern Samar','CapeVerdean','Taoism','','Karrie','Kendal','Kauppi','Lead Abatement Worker','202-555-0100','202 - 555 - 0150','\0','Ludivina','Conny','Lachenbruch','Line Haul Driver','202-555-0125','202-555-0195','\0',NULL,NULL,NULL,NULL,NULL,NULL,NULL,'\0',NULL,NULL,'\0',NULL,NULL,NULL,NULL,NULL,301,407,'2017-08-12 10:44:21',3),(4907,'New','Sedcole','Lourie','Roderich','2012-06-12','Southern Leyte','Angolan','Muslim','\0','Marcellus','Marchall','Baino','Cardroom Manager','202-555-0186','202-555-0131','','Lilliana','Mano','Benvenisty','Statistical Analyst','202-555-0131','202 - 555 - 0150','',NULL,NULL,NULL,NULL,NULL,NULL,NULL,'\0',NULL,NULL,'\0',NULL,NULL,NULL,NULL,NULL,301,407,'2017-08-12 10:44:22',3),(4908,'Transferee','Russo','Ruth','Clim','2012-05-26','Zamboanga del Norte','Yemenite','Protestant','','Archie','Efrem','Norato','Emcee','202-555-0175','202-555-0173','\0','Janessa','Tedi','Funcke','Licensed Clinical Mental Health Counselor','202-555-0102','202-555-0179','\0',NULL,NULL,NULL,NULL,NULL,NULL,NULL,'\0',NULL,NULL,'\0',NULL,NULL,NULL,NULL,NULL,301,407,'2017-08-12 10:44:22',3),(4909,'New','Hamel','Sudie','Adaline','2012-09-27','Quezon','Spanish','Muslim','','Michaela','Frans','Hamel','Emcee','202-555-0174','202-555-0114','','Ingrid','Barny','Lamarche','Custom Wood Stair Builder','202-555-0139','202-555-0183','\0',NULL,NULL,NULL,NULL,NULL,NULL,NULL,'\0',NULL,NULL,'\0',NULL,NULL,NULL,NULL,NULL,301,407,'2017-08-12 10:44:22',3),(4910,'Transferee','Stewart','Alecia','Claire','2012-08-19','Palawan','Ethiopian','Born again','','Arica','Cathie','Teutsch','Line Haul Driver','202-555-0138','202-555-0189','\0','Elmo','Millie','Amadeo','Emcee','202-555-0114','202-555-0146','\0',NULL,NULL,NULL,NULL,NULL,NULL,NULL,'\0',NULL,NULL,'\0',NULL,NULL,NULL,NULL,NULL,301,407,'2017-08-12 10:44:23',3),(4911,'New','Cady','Janine','Cecile','2012-05-25','Abra','Malawian','Protestant','','Celestine','Latia','Baino','Social Psychologist','202-555-0185','202-555-0174','\0','Alecia','Mano','Still','Lead Abatement Worker','202-555-0170','202-555-0137','\0',NULL,NULL,NULL,NULL,NULL,NULL,NULL,'\0',NULL,NULL,'\0',NULL,NULL,NULL,NULL,NULL,301,407,'2017-08-12 10:44:23',3),(4912,'New','Baino','Moses','Brinn','2012-10-26','Camarines Sur','Gambian','Taoism','','Sibyl','Merrielle','Maddox','Tobacco Buyer','202-555-0190','202-555-0102','','Edith','Sidonia','Hiles','Amusement Park Worker','202-555-0100','202-555-0170','',NULL,NULL,NULL,NULL,NULL,NULL,NULL,'\0',NULL,NULL,'\0',NULL,NULL,NULL,NULL,NULL,301,407,'2017-08-12 10:44:23',3),(4913,'Transferee','Yaqub','Madeleine','Sidonia','2012-06-25','Camiguin','Ugandan','Taoism','\0','Jana','Frans','Glider','Molasses Preparer','202-555-0177','202-555-0184','\0','Ezra','Skippie','Zarate','Licensed Clinical Mental Health Counselor','202-555-0152','202-555-0138','\0',NULL,NULL,NULL,NULL,NULL,NULL,NULL,'\0',NULL,NULL,'\0',NULL,NULL,NULL,NULL,NULL,301,407,'2017-08-12 10:44:24',3),(4914,'Transferee','Tanenbaum','Lourie','Cecile','2012-03-23','Lanao del Sur','Tuvaluan','Born again','\0','Carlton','Mara','Naus','Tobacco Buyer','202-555-0195','202-555-0190','\0','Ed','Marchall','Hulbert','Statistical Analyst','202-555-0170','202-555-0189','\0',NULL,NULL,NULL,NULL,NULL,NULL,NULL,'\0',NULL,NULL,'\0',NULL,NULL,NULL,NULL,NULL,301,407,'2017-08-12 10:44:24',3),(4915,'New','Giesbrecht','Shavon','Quinton','2012-11-15','Dinagat Islands','Uzbekistani','Protestant','','Ed','Aubrey','Roussinos','Chiropractor','202-555-0197','202-555-0173','\0','Leonel','Casey','Marston','Busser','202-555-0179','202-555-0163','\0',NULL,NULL,NULL,NULL,NULL,NULL,NULL,'\0',NULL,NULL,'\0',NULL,NULL,NULL,NULL,NULL,301,407,'2017-08-12 10:44:24',3),(4916,'New','Verdile','Patricia','Yuma','2012-05-19','Aklan','CapeVerdean','Muslim','','Winter','Aubrey','Udall','Lead Abatement Worker','202-555-0169','202-555-0131','\0','Winter','Astra','Amsden','Gas Derrick Operator','202-555-0148','202-555-0138','',NULL,NULL,NULL,NULL,NULL,NULL,NULL,'\0',NULL,NULL,'\0',NULL,NULL,NULL,NULL,NULL,301,407,'2017-08-12 10:44:25',3),(4917,'New','Giesbrecht','Macy','Tull','2012-11-27','Bohol','Egyptian','Protestant','','Jeanice','Townie','Mcnicol','Drywall Applicator','202-555-0161','202-555-0123','\0','Zena','Latia','John Chiappini','Custom Wood Stair Builder','202-555-0125','202-555-0195','',NULL,NULL,NULL,NULL,NULL,NULL,NULL,'\0',NULL,NULL,'\0',NULL,NULL,NULL,NULL,NULL,301,407,'2017-08-12 10:44:25',3),(4918,'New','Brake','Ebonie','Sidonia','2012-02-25','Catanduanes','Guinea-Bissauan','Taoism','','Setsuko','Mano','Flowers','Custom Wood Stair Builder','202-555-0175','202-555-0173','\0','Rosa','Riccardo','Russo','Line Haul Driver','202-555-0116','202-555-0110','',NULL,NULL,NULL,NULL,NULL,NULL,NULL,'\0',NULL,NULL,'\0',NULL,NULL,NULL,NULL,NULL,301,407,'2017-08-12 10:44:25',3),(4919,'Transferee','Clear','Celestine','Darrick','2012-02-16','Lanao del Sur','Syrian','Catholic','\0','Kanisha','Sidonia','Carty','Busser','202-555-0100','202-555-0183','','Zena','Bernardo','Flowers','Tobacco Buyer','202 - 555 - 0150','202-555-0189','\0',NULL,NULL,NULL,NULL,NULL,NULL,NULL,'\0',NULL,NULL,'\0',NULL,NULL,NULL,NULL,NULL,301,407,'2017-08-12 10:44:25',3),(4920,'Transferee','Wilkin','Maude','Indira','2012-01-24','Quirino','Haitian','Catholic','\0','Soon','Indira','Zarate','Voice-Over Artist','202-555-0169','202-555-0105','','Tamekia','Jocelyn','Slosser','Drywall Applicator','202-555-0161','202-555-0112','\0',NULL,NULL,NULL,NULL,NULL,NULL,NULL,'\0',NULL,NULL,'\0',NULL,NULL,NULL,NULL,NULL,301,407,'2017-08-12 10:44:25',3),(4921,'Transferee','Deptula','Latashia','Riccardo','2012-07-27','Albay','Ethiopian','Protestant','','Ludivina','Tootsie','Brake','Nursing Service Director','202-555-0150','202-555-0162','','Shauna','Efrem','Amadeo','Tobacco Buyer','202-555-0173','202-555-0145','\0',NULL,NULL,NULL,NULL,NULL,NULL,NULL,'\0',NULL,NULL,'\0',NULL,NULL,NULL,NULL,NULL,301,407,'2017-08-12 10:44:26',3),(4922,'New','Liss','Setsuko','Coralie','2012-11-27','Sulu','Batswana','Muslim','','Elmo','Mano','Brewer','Nursing Service Director','202-555-0179','202-555-0190','','Zena','Harriot','Yaqub','Cardroom Manager','202-555-0163','202-555-0173','\0',NULL,NULL,NULL,NULL,NULL,NULL,NULL,'\0',NULL,NULL,'\0',NULL,NULL,NULL,NULL,NULL,301,407,'2017-08-12 10:44:26',3),(4923,'New','Leis','Rona','Melantha','2012-10-12','Surigao del Norte','Mongolian','Muslim','','Maragret','Lindy','Gurish','Voice-Over Artist','202-555-0170','202-555-0199','\0','Yoshiko','Darrick','Sedcole','Drywall Applicator','202-555-0102','202-555-0131','\0',NULL,NULL,NULL,NULL,NULL,NULL,NULL,'\0',NULL,NULL,'\0',NULL,NULL,NULL,NULL,NULL,301,407,'2017-08-12 10:44:26',3),(4924,'New','Stewart','Antionette','Ransell','2012-06-18','Marinduque','SaintLucian','Catholic','\0','Rosa','Charlotta','Fonseca','Gas Derrick Operator','202-555-0162','202-555-0173','','Donte','Jocelyn','Signon','Cardroom Manager','202-555-0162','202-555-0177','',NULL,NULL,NULL,NULL,NULL,NULL,NULL,'\0',NULL,NULL,'\0',NULL,NULL,NULL,NULL,NULL,301,407,'2017-08-12 10:44:26',3),(4925,'New','Udall','Winford','Birgit','2012-03-21','Aurora','Zambian','Born again','','Carlton','Casey','Morin','Multi-operation Forming Machine Setter','202-555-0146','202-555-0101','','Antionette','Quinton','Hulbert','Molasses Preparer','202-555-0125','202-555-0181','',NULL,NULL,NULL,NULL,NULL,NULL,NULL,'\0',NULL,NULL,'\0',NULL,NULL,NULL,NULL,NULL,301,407,'2017-08-12 10:44:26',3),(4926,'Transferee','Baskey','Carlton','Yuma','2012-08-16','Tawi-Tawi','Belgian','Catholic','','Dorothea','Melantha','Gurish','Statistical Analyst','202-555-0177','202-555-0170','\0','Elmo','Roderich','Sparda','Statistical Analyst','202-555-0125','202-555-0131','',NULL,NULL,NULL,NULL,NULL,NULL,NULL,'\0',NULL,NULL,'\0',NULL,NULL,NULL,NULL,NULL,301,407,'2017-08-12 10:44:27',3),(4927,'New','Lachenbruch','Elmo','Morley','2009-06-16','Camarines Sur','Slovakian','Muslim','\0','Melia','Corliss','Liss','Voice-Over Artist','202-555-0179','202-555-0148','\0','Maudie','Charlotta','Polya','Piano Professor','202-555-0152','202-555-0179','',NULL,NULL,NULL,NULL,NULL,NULL,NULL,'\0',NULL,NULL,'\0',NULL,NULL,NULL,NULL,NULL,302,407,'2017-08-12 10:45:12',4),(4928,'Transferee','Baino','Ruth','Morse','2006-08-14','Agusan del Norte','Chilean','Born again','','Odette','Clem','Korzennik','Ambulance Driver-Paramedic','202-555-0179','202-555-0131','\0','Kaleigh','Darrick','Courval','Emcee','202-555-0105','202-555-0138','',NULL,NULL,NULL,NULL,NULL,NULL,NULL,'\0',NULL,NULL,'\0',NULL,NULL,NULL,NULL,NULL,302,407,'2017-08-12 10:45:12',4),(4929,'New','Wallander','Moses','Morse','2009-07-15','Davao Oriental','Welsh','Protestant','','Teddy','Griffin','Cepko','Custom Wood Stair Builder','202-555-0114','202-555-0184','\0','Leonore','Crissie','Tanenbaum','Nursing Service Director','202-555-0197','202-555-0116','',NULL,NULL,NULL,NULL,NULL,NULL,NULL,'\0',NULL,NULL,'\0',NULL,NULL,NULL,NULL,NULL,302,407,'2017-08-12 10:45:12',4),(4930,'Transferee','Alldredge','Melia','Simonette','2009-09-26','Nueva Ecija','Dominican','Muslim','\0','Maragret','Derrik','Persky','Cardroom Manager','202-555-0135','202-555-0110','','Sunday','Morley','Carty','Busser','202-555-0110','202-555-0163','\0',NULL,NULL,NULL,NULL,NULL,NULL,NULL,'\0',NULL,NULL,'\0',NULL,NULL,NULL,NULL,NULL,302,407,'2017-08-12 10:45:13',4),(4931,'Transferee','Markussen','Celestine','Michele','2006-05-15','Biliran','Namibian','Muslim','\0','Dorothea','Corliss','Brake','Short Story Writer','202-555-0135','202-555-0112','','Vilma','Derrik','Upsdell','Freight Clerk','202-555-0175','202-555-0187','\0',NULL,NULL,NULL,NULL,NULL,NULL,NULL,'\0',NULL,NULL,'\0',NULL,NULL,NULL,NULL,NULL,302,407,'2017-08-12 10:45:13',4),(4932,'Transferee','Brewer','Pearle','Loydie','2010-01-22','Sarangani','Qatari','Catholic','','Elmo','Harriot','Brake','Piano Professor','202-555-0179','202-555-0179','','Joanie','Orion','Sassone','Custom Wood Stair Builder','202-555-0181','202-555-0135','',NULL,NULL,NULL,NULL,NULL,NULL,NULL,'\0',NULL,NULL,'\0',NULL,NULL,NULL,NULL,NULL,302,407,'2017-08-12 10:45:13',4),(4933,'New','Pesavento','Kaleigh','Efrem','2007-03-22','Aklan','Omani','Muslim','\0','Winter','Yuma','Clear','Short Story Writer','202-555-0153','202-555-0199','\0','Joana','Clim','Korzennik','AIDS Counselor','202-555-0186','202-555-0104','\0',NULL,NULL,NULL,NULL,NULL,NULL,NULL,'\0',NULL,NULL,'\0',NULL,NULL,NULL,NULL,NULL,302,407,'2017-08-12 10:45:13',4),(4934,'New','Bronicki','Setsuko','Jessie','2006-06-17','Rizal','Malagasy','Muslim','\0','Janessa','Cthrine','Brake','Statistical Analyst','202-555-0177','202-555-0131','\0','Soon','Brinn','Wallander','Amusement Park Worker','202-555-0162','202-555-0185','\0',NULL,NULL,NULL,NULL,NULL,NULL,NULL,'\0',NULL,NULL,'\0',NULL,NULL,NULL,NULL,NULL,302,407,'2017-08-12 10:45:13',4),(4935,'Transferee','Sassone','Marshall','Atlanta','2007-09-12','Leyte','Tunisian','Taoism','','Marshall','Rogers','Markussen','Tobacco Buyer','202-555-0110','202-555-0175','\0','Odette','Tull','Glider','Line Haul Driver','202-555-0131','202-555-0137','',NULL,NULL,NULL,NULL,NULL,NULL,NULL,'\0',NULL,NULL,'\0',NULL,NULL,NULL,NULL,NULL,302,407,'2017-08-12 10:45:14',4),(4936,'New','Lamarche','Teddy','Loydie','2011-10-12','Zamboanga del Norte','Jamaican','Protestant','','Arica','Tootsie','Carty','Drywall Applicator','202-555-0123','202-555-0181','\0','Lynnette','Roderich','Venne','Tobacco Buyer','202-555-0197','202-555-0132','',NULL,NULL,NULL,NULL,NULL,NULL,NULL,'\0',NULL,NULL,'\0',NULL,NULL,NULL,NULL,NULL,302,407,'2017-08-12 10:45:14',4),(4937,'Transferee','Lamarche','Elmo','Asia','2011-09-25','Maguindanao','Marshallese','Protestant','\0','Marshall','Ruddy','Naus','Freight Clerk','202-555-0177','202-555-0179','','Erwin','Atlanta','Marston','Line Haul Driver','202-555-0181','202-555-0189','',NULL,NULL,NULL,NULL,NULL,NULL,NULL,'\0',NULL,NULL,'\0',NULL,NULL,NULL,NULL,NULL,302,407,'2017-08-12 10:45:14',4),(4938,'New','Valelly','Archie','Tull','2011-06-15','Batanes','Bolivian','Muslim','\0','Winter','Astra','Shanley','Emcee','202-555-0137','202-555-0177','\0','Yoshiko','Astra','Amadeo','Freight Clerk','202 - 555 - 0150','202-555-0167','',NULL,NULL,NULL,NULL,NULL,NULL,NULL,'\0',NULL,NULL,'\0',NULL,NULL,NULL,NULL,NULL,302,407,'2017-08-12 10:45:15',4),(4939,'New','Morin','Leonore','Harvey','2011-06-28','Basilan','Samoan','Muslim','\0','Ruth','Adaline','Slosser','AIDS Counselor','202-555-0100','202-555-0135','','Dorothea','Charlotta','Scanlan','Licensed Clinical Mental Health Counselor','202-555-0162','202-555-0190','',NULL,NULL,NULL,NULL,NULL,NULL,NULL,'\0',NULL,NULL,'\0',NULL,NULL,NULL,NULL,NULL,302,407,'2017-08-12 10:45:15',4),(4940,'New','Ebeling','Elsie','Sidonia','2006-09-19','Agusan del Sur','Canadian','Muslim','','Soon','Skippie','Sedcole','Chiropractor','202-555-0145','202 - 555 - 0150','\0','Bridgette','Latia','Shanley','Line Haul Driver','202-555-0116','202-555-0195','\0',NULL,NULL,NULL,NULL,NULL,NULL,NULL,'\0',NULL,NULL,'\0',NULL,NULL,NULL,NULL,NULL,302,407,'2017-08-12 10:45:15',4),(4941,'New','Slosser','Moses','Townie','2007-06-21','Oriental Mindoro','Salvadoran','Born again','','Leonel','Deirdre','Shanley','Piano Professor','202-555-0148','202-555-0195','\0','Lourie','Kendal','Plummer','Custom Wood Stair Builder','202-555-0183','202-555-0112','',NULL,NULL,NULL,NULL,NULL,NULL,NULL,'\0',NULL,NULL,'\0',NULL,NULL,NULL,NULL,NULL,302,407,'2017-08-12 10:45:16',4),(4942,'Transferee','Lubit','Elena','Cecile','2007-02-19','Isabela','Surinamer','Protestant','','Carlton','Katerina','Lubit','Nursing Service Director','202-555-0110','202-555-0177','','Jeanice','Birgit','Hiles','Licensed Clinical Mental Health Counselor','202-555-0100','202-555-0170','\0',NULL,NULL,NULL,NULL,NULL,NULL,NULL,'\0',NULL,NULL,'\0',NULL,NULL,NULL,NULL,NULL,302,407,'2017-08-12 10:45:16',4),(4943,'Transferee','Roussinos','Rosa','Bernardo','2007-02-14','Metro Manila','Pakistani','Born again','\0','Myles','Florette','Kauppi','Cardroom Manager','202-555-0174','202-555-0187','\0','Rikki','Merrielle','Thibodeau','Professor of Communication and Writing','202-555-0174','202-555-0152','',NULL,NULL,NULL,NULL,NULL,NULL,NULL,'\0',NULL,NULL,'\0',NULL,NULL,NULL,NULL,NULL,302,407,'2017-08-12 10:45:16',4),(4944,'New','Benvenisty','Archie','Audi','2008-05-20','Camarines Sur','Ugandan','Born again','\0','Lynnette','Burk','Cocuzzo','Gas Derrick Operator','202-555-0169','202-555-0145','','Karrie','Cathie','Gurish','Licensed Clinical Mental Health Counselor','202-555-0162','202-555-0185','',NULL,NULL,NULL,NULL,NULL,NULL,NULL,'\0',NULL,NULL,'\0',NULL,NULL,NULL,NULL,NULL,302,407,'2017-08-12 10:45:17',4),(4945,'Transferee','Sedcole','Janine','Barny','2006-02-12','Surigao del Norte','Mosotho','Muslim','\0','Vilma','Morey','Orfe','Drywall Applicator','202-555-0146','202-555-0195','\0','Edith','Roderich','Lubit','Chiropractor','202-555-0161','202-555-0177','\0',NULL,NULL,NULL,NULL,NULL,NULL,NULL,'\0',NULL,NULL,'\0',NULL,NULL,NULL,NULL,NULL,302,407,'2017-08-12 10:45:17',4),(4946,'New','Klipp','Ed','Barny','2009-01-20','Davao del Sur','German','Taoism','','Antionette','Oran','Roussinos','Strike Warfare/Missile Systems Officer','202-555-0161','202-555-0167','\0','Tamekia','Adaline','Upsdell','Emcee','202-555-0145','202-555-0152','\0',NULL,NULL,NULL,NULL,NULL,NULL,NULL,'\0',NULL,NULL,'\0',NULL,NULL,NULL,NULL,NULL,302,407,'2017-08-12 10:45:17',4),(4947,'Transferee','Plummer','Carisa','Corliss','2009-04-18','La Union','Herzegovinian','Muslim','','Maudie','Burk','Sparda','AIDS Counselor','202-555-0104','202-555-0109','\0','Rosa','Coralie','Cepko','Lead Abatement Worker','202-555-0175','202-555-0138','\0',NULL,NULL,NULL,NULL,NULL,NULL,NULL,'\0',NULL,NULL,'\0',NULL,NULL,NULL,NULL,NULL,302,407,'2017-08-12 10:45:18',4),(4948,'New','Cocuzzo','Ai','Charlotta','2008-02-28','Zamboanga del Sur','CapeVerdean','Taoism','\0','Bridgette','Claire','Liss','Voice-Over Artist','202-555-0138','202-555-0125','\0','Meghan','Birgit','Balshaw','Tobacco Buyer','202-555-0185','202-555-0123','\0',NULL,NULL,NULL,NULL,NULL,NULL,NULL,'\0',NULL,NULL,'\0',NULL,NULL,NULL,NULL,NULL,302,407,'2017-08-12 10:45:18',4),(4949,'New','Udall','Ruth','Tootsie','2011-07-14','Lanao del Sur','Japanese','Protestant','\0','Frederick','Asia','Plummer','Lead Abatement Worker','202-555-0177','202-555-0185','\0','Jana','Tootsie','Flowers','Multi-operation Forming Machine Setter','202-555-0109','202-555-0125','\0',NULL,NULL,NULL,NULL,NULL,NULL,NULL,'\0',NULL,NULL,'\0',NULL,NULL,NULL,NULL,NULL,302,407,'2017-08-12 10:45:18',4),(4950,'New','Thibodeau','Marissa','Harvey','2008-03-28','Zambales','Danish','Muslim','\0','Marshall','Yuma','Sedcole','Social Psychologist','202-555-0131','202-555-0173','\0','Venetta','Tootsie','Scanlan','Molasses Preparer','202-555-0131','202-555-0152','',NULL,NULL,NULL,NULL,NULL,NULL,NULL,'\0',NULL,NULL,'\0',NULL,NULL,NULL,NULL,NULL,302,407,'2017-08-12 10:45:18',4),(4951,'New','Yaqub','Merissa','Tootsie','2008-04-17','Nueva Ecija','Nicaraguan','Born again','\0','Myles','Derrik','Bilodeau','Custom Wood Stair Builder','202-555-0163','202-555-0189','','Marissa','Phyllys','Scanlan','Lead Abatement Worker','202-555-0177','202-555-0132','\0',NULL,NULL,NULL,NULL,NULL,NULL,NULL,'\0',NULL,NULL,'\0',NULL,NULL,NULL,NULL,NULL,302,407,'2017-08-12 10:45:18',4),(4952,'New','Flowers','Denna','Mano','2011-07-27','Pampanga','Barbadian','Catholic','\0','Madeleine','Clem','El-shaarawi','Cardroom Manager','202-555-0198','202-555-0170','','Mariel','Ransell','Kauppi','Line Haul Driver','202-555-0110','202-555-0190','\0',NULL,NULL,NULL,NULL,NULL,NULL,NULL,'\0',NULL,NULL,'\0',NULL,NULL,NULL,NULL,NULL,302,407,'2017-08-12 10:45:19',4),(4953,'Transferee','Morin','Jeanice','Ruddy','2010-11-27','Northern Samar','Bolivian','Taoism','','Venetta','Deirdre','Ebeling','Tobacco Buyer','202-555-0179','202-555-0123','\0','Maudie','Phyllys','Alldredge','Statistical Analyst','202-555-0184','202-555-0190','\0',NULL,NULL,NULL,NULL,NULL,NULL,NULL,'\0',NULL,NULL,'\0',NULL,NULL,NULL,NULL,NULL,302,407,'2017-08-12 10:45:19',4),(4954,'Transferee','Stilo','Leonore','Aubrey','2007-07-20','Sultan Kudarat','Iranian','Muslim','\0','Joanie','Frans','Rickles','Line Haul Driver','202-555-0104','202-555-0110','','Venetta','Morse','Flowers','Chiropractor','202-555-0174','202-555-0186','\0',NULL,NULL,NULL,NULL,NULL,NULL,NULL,'\0',NULL,NULL,'\0',NULL,NULL,NULL,NULL,NULL,302,407,'2017-08-12 10:45:19',4),(4955,'New','Gurish','Tamekia','Clim','2009-06-11','Iloilo','Bolivian','Protestant','\0','Celestine','Kendal','Teutsch','Lead Abatement Worker','202-555-0125','202-555-0175','\0','Mariel','Derrik','Naus','Licensed Clinical Mental Health Counselor','202-555-0185','202-555-0114','\0',NULL,NULL,NULL,NULL,NULL,NULL,NULL,'\0',NULL,NULL,'\0',NULL,NULL,NULL,NULL,NULL,302,407,'2017-08-12 10:45:19',4),(4956,'Transferee','Persky','Marcellus','Harriot','2010-09-15','Quirino','Laotian','Protestant','\0','Maude','Pen','Signon','Busser','202-555-0116','202-555-0174','\0','Venetta','Claire','Wilkin','Nursing Service Director','202-555-0123','202-555-0170','',NULL,NULL,NULL,NULL,NULL,NULL,NULL,'\0',NULL,NULL,'\0',NULL,NULL,NULL,NULL,NULL,302,407,'2017-08-12 10:45:19',4),(4957,'New','Giesbrecht','Elsie','Barny','2010-10-19','Biliran','Malawian','Catholic','\0','Janine','Coralie','Lubit','Molasses Preparer','202-555-0100','202-555-0146','\0','Celestine','Crissie','Trautman','Strike Warfare/Missile Systems Officer','202-555-0109','202-555-0161','',NULL,NULL,NULL,NULL,NULL,NULL,NULL,'\0',NULL,NULL,'\0',NULL,NULL,NULL,NULL,NULL,303,407,'2017-08-12 10:45:38',4),(4958,'Transferee','Sedcole','Johnsie','Cecile','2009-03-17','Samar','Motswana','Muslim','\0','Sibyl','Deborah','Cady','Strike Warfare/Missile Systems Officer','202-555-0131','202-555-0189','\0','Tonja','Simonette','John Chiappini','Molasses Preparer','202-555-0138','202-555-0187','\0',NULL,NULL,NULL,NULL,NULL,NULL,NULL,'\0',NULL,NULL,'\0',NULL,NULL,NULL,NULL,NULL,303,407,'2017-08-12 10:45:39',4),(4959,'Transferee','Clear','Shavon','Riccardo','2007-02-27','Ilocos Norte','Zimbabwean','Born again','\0','Yoshiko','Brinn','Brake','Multi-operation Forming Machine Setter','202-555-0189','202-555-0102','','Winford','Atlanta','Maddox','Nursing Service Director','202-555-0179','202-555-0131','',NULL,NULL,NULL,NULL,NULL,NULL,NULL,'\0',NULL,NULL,'\0',NULL,NULL,NULL,NULL,NULL,303,407,'2017-08-12 10:45:40',4),(4960,'Transferee','Metropolis','Edith','Derrik','2008-03-13','Mountain Province','Moroccan','Born again','\0','Melia','Katerina','Milioli','Licensed Clinical Mental Health Counselor','202-555-0169','202-555-0112','','Antionette','Griffin','Trautman','Gas Derrick Operator','202-555-0145','202-555-0102','',NULL,NULL,NULL,NULL,NULL,NULL,NULL,'\0',NULL,NULL,'\0',NULL,NULL,NULL,NULL,NULL,303,407,'2017-08-12 10:45:40',4),(4961,'Transferee','Cady','Bridgette','Katerina','2006-02-16','Apayao','Micronesian','Protestant','\0','Winford','Florette','Brewer','Strike Warfare/Missile Systems Officer','202-555-0150','202-555-0150','\0','Lillian','Burk','Brewer','Freight Clerk','202-555-0145','202-555-0174','\0',NULL,NULL,NULL,NULL,NULL,NULL,NULL,'\0',NULL,NULL,'\0',NULL,NULL,NULL,NULL,NULL,303,407,'2017-08-12 10:45:40',4),(4962,'New','Amsden','Eve','Birgit','2010-09-28','Misamis Oriental','SierraLeonean','Muslim','','Janine','Clim','Deptula','Drywall Applicator','202-555-0195','202-555-0116','\0','Venetta','Alexio','Russo','Cardroom Manager','202-555-0175','202-555-0181','\0',NULL,NULL,NULL,NULL,NULL,NULL,NULL,'\0',NULL,NULL,'\0',NULL,NULL,NULL,NULL,NULL,303,407,'2017-08-12 10:45:40',4),(4963,'Transferee','Clear','Elmo','Morley','2010-06-20','Basilan','Moroccan','Muslim','','Kanisha','Cthrine','Hulbert','Chiropractor','202-555-0123','202-555-0189','\0','Kaleigh','Deirdre','Tanenbaum','Ambulance Driver-Paramedic','202-555-0100','202-555-0170','',NULL,NULL,NULL,NULL,NULL,NULL,NULL,'\0',NULL,NULL,'\0',NULL,NULL,NULL,NULL,NULL,303,407,'2017-08-12 10:45:41',4),(4964,'New','Kauppi','Macy','Ruddy','2010-02-18','Catanduanes','Gambian','Taoism','','Sean','Marchall','Benvenisty','Freight Clerk','202-555-0105','202-555-0187','\0','Ronda','Roderich','John Chiappini','Lead Abatement Worker','202-555-0101','202-555-0186','',NULL,NULL,NULL,NULL,NULL,NULL,NULL,'\0',NULL,NULL,'\0',NULL,NULL,NULL,NULL,NULL,303,407,'2017-08-12 10:45:41',4),(4965,'New','Zarate','Merissa','Thornie','2007-04-18','Quezon','Italian','Taoism','','Janine','Tull','Courval','Strike Warfare/Missile Systems Officer','202-555-0145','202-555-0189','','Carlota','Deborah','Bronicki','Busser','202-555-0195','202-555-0179','\0',NULL,NULL,NULL,NULL,NULL,NULL,NULL,'\0',NULL,NULL,'\0',NULL,NULL,NULL,NULL,NULL,303,407,'2017-08-12 10:45:41',4),(4966,'New','Metropolis','Odette','Mallorie','2011-04-27','Bukidnon','Zambian','Muslim','','Stacee','Mara','Valdez','AIDS Counselor','202-555-0187','202-555-0137','\0','Denna','Aurlie','Zarate','Strike Warfare/Missile Systems Officer','202-555-0161','202-555-0137','\0',NULL,NULL,NULL,NULL,NULL,NULL,NULL,'\0',NULL,NULL,'\0',NULL,NULL,NULL,NULL,NULL,303,407,'2017-08-12 10:45:42',4),(4967,'New','Prentice','Jesica','Darrick','2008-02-13','Apayao','Congolese','Catholic','\0','Sibyl','Tull','Lord','Molasses Preparer','202-555-0185','202-555-0116','\0','Idalia','Derrik','Ebeling','Piano Professor','202-555-0169','202-555-0131','\0',NULL,NULL,NULL,NULL,NULL,NULL,NULL,'\0',NULL,NULL,'\0',NULL,NULL,NULL,NULL,NULL,303,407,'2017-08-12 10:45:42',4),(4968,'New','Lamarche','Venetta','Cathie','2009-06-16','Shariff Kabunsuan','Bahraini','Catholic','\0','Loyce','Tedi','Leis','Strike Warfare/Missile Systems Officer','202-555-0139','202-555-0185','','Elmo','Mara','Flowers','Emcee','202-555-0181','202-555-0190','',NULL,NULL,NULL,NULL,NULL,NULL,NULL,'\0',NULL,NULL,'\0',NULL,NULL,NULL,NULL,NULL,303,407,'2017-08-12 10:45:42',4),(4969,'New','Mccarty','Marissa','Lindy','2010-01-22','Albay','Malagasy','Born again','','Teddy','Frans','Stigler','Voice-Over Artist','202-555-0109','202-555-0100','','Elena','Morse','Amadeo','Amusement Park Worker','202-555-0190','202-555-0173','',NULL,NULL,NULL,NULL,NULL,NULL,NULL,'\0',NULL,NULL,'\0',NULL,NULL,NULL,NULL,NULL,303,407,'2017-08-12 10:45:42',4),(4970,'New','Cady','Erwin','Katerina','2009-09-13','Biliran','Cameroonian','Born again','','Antionette','Mallorie','Metropolis','Busser','202-555-0175','202-555-0181','','Leonore','Melantha','Upsdell','Custom Wood Stair Builder','202-555-0173','202-555-0123','\0',NULL,NULL,NULL,NULL,NULL,NULL,NULL,'\0',NULL,NULL,'\0',NULL,NULL,NULL,NULL,NULL,303,407,'2017-08-12 10:45:43',4),(4971,'New','Von mehren','Elmo','Morey','2010-07-14','Quezon','Zimbabwean','Protestant','','Shauna','Florette','Deptula','Statistical Analyst','202-555-0146','202-555-0102','','Hae','Marchall','Gurish','Molasses Preparer','202-555-0173','202-555-0145','',NULL,NULL,NULL,NULL,NULL,NULL,NULL,'\0',NULL,NULL,'\0',NULL,NULL,NULL,NULL,NULL,303,407,'2017-08-12 10:45:43',4),(4972,'Transferee','Hiles','Melia','Frans','2007-02-19','Samar','Salvadoran','Protestant','\0','Odette','Audi','Lackner','Statistical Analyst','202-555-0187','202-555-0170','','Joana','Rogers','Signon','Licensed Clinical Mental Health Counselor','202-555-0104','202-555-0123','',NULL,NULL,NULL,NULL,NULL,NULL,NULL,'\0',NULL,NULL,'\0',NULL,NULL,NULL,NULL,NULL,303,407,'2017-08-12 10:45:43',4),(4973,'Transferee','Amsden','Rona','Mallorie','2009-01-27','Iloilo','Cambodian','Catholic','','Jade','Clem','Morin','Emcee','202-555-0135','202-555-0145','','Leonore','Tedi','Lubit','Busser','202-555-0112','202-555-0125','',NULL,NULL,NULL,NULL,NULL,NULL,NULL,'\0',NULL,NULL,'\0',NULL,NULL,NULL,NULL,NULL,303,407,'2017-08-12 10:45:43',4),(4974,'New','Sedcole','Serita','Kendal','2009-11-15','Aurora','Scottish','Muslim','\0','Bridgette','Darrick','Amadeo','Amusement Park Worker','202-555-0183','202 - 555 - 0150','\0','Ruth','Katerina','Pesavento','Voice-Over Artist','202-555-0100','202-555-0189','',NULL,NULL,NULL,NULL,NULL,NULL,NULL,'\0',NULL,NULL,'\0',NULL,NULL,NULL,NULL,NULL,303,407,'2017-08-12 10:45:44',4),(4975,'Transferee','Maddox','Donte','Burk','2009-04-21','Marinduque','Spanish','Taoism','','Ai','Barny','Courval','Lead Abatement Worker','202-555-0186','202-555-0169','\0','Winter','Cthrine','Markussen','Ambulance Driver-Paramedic','202-555-0174','202-555-0167','',NULL,NULL,NULL,NULL,NULL,NULL,NULL,'\0',NULL,NULL,'\0',NULL,NULL,NULL,NULL,NULL,303,407,'2017-08-12 10:45:44',4),(4976,'New','Lubit','Yoshiko','Corliss','2006-06-15','Oriental Mindoro','TrinidadianorTobagonian','Muslim','\0','Soon','Michele','Decierdo','Drywall Applicator','202-555-0116','202-555-0175','\0','Denna','Mara','Hamel','Busser','202-555-0114','202-555-0135','\0',NULL,NULL,NULL,NULL,NULL,NULL,NULL,'\0',NULL,NULL,'\0',NULL,NULL,NULL,NULL,NULL,303,407,'2017-08-12 10:45:44',4),(4977,'New','Carty','Leonel','Adaline','2010-10-20','Zamboanga Sibugay','Antiguans','Taoism','\0','Zena','Tedi','Teutsch','Cardroom Manager','202-555-0170','202-555-0137','','Ai','Tull','Yaqub','Freight Clerk','202-555-0131','202-555-0169','\0',NULL,NULL,NULL,NULL,NULL,NULL,NULL,'\0',NULL,NULL,'\0',NULL,NULL,NULL,NULL,NULL,303,407,'2017-08-12 10:45:44',4),(4978,'Transferee','Ebeling','Brinda','Rogers','2011-10-25','Camarines Norte','British','Taoism','','Shavon','Clim','Alldredge','Professor of Communication and Writing','202-555-0173','202-555-0187','','Zena','Cathie','Bertram','Chiropractor','202-555-0173','202-555-0183','\0',NULL,NULL,NULL,NULL,NULL,NULL,NULL,'\0',NULL,NULL,'\0',NULL,NULL,NULL,NULL,NULL,303,407,'2017-08-12 10:45:44',4),(4979,'New','Korzennik','Maragret','Tedi','2011-02-20','Cavite','Burkinabe','Catholic','\0','Leonore','Casey','Arreguin','Tobacco Buyer','202-555-0173','202-555-0183','\0','Leonel','Townie','Norato','Piano Professor','202-555-0102','202-555-0169','',NULL,NULL,NULL,NULL,NULL,NULL,NULL,'\0',NULL,NULL,'\0',NULL,NULL,NULL,NULL,NULL,303,407,'2017-08-12 10:45:45',4),(4980,'Transferee','Courval','Jesica','Maegan','2008-09-28','Benguet','Ugandan','Catholic','','Joanie','Morley','Lubit','Emcee','202-555-0145','202-555-0165','\0','Arica','Lindy','Thibodeau','Lead Abatement Worker','202-555-0184','202-555-0189','\0',NULL,NULL,NULL,NULL,NULL,NULL,NULL,'\0',NULL,NULL,'\0',NULL,NULL,NULL,NULL,NULL,303,407,'2017-08-12 10:45:46',4),(4981,'New','Signon','Myles','Conny','2009-03-14','Batanes','Welsh','Catholic','\0','Lila','Mallorie','Kasper','Professor of Communication and Writing','202-555-0125','202-555-0125','','Arica','Sidonia','Orfe','Short Story Writer','202-555-0153','202-555-0104','',NULL,NULL,NULL,NULL,NULL,NULL,NULL,'\0',NULL,NULL,'\0',NULL,NULL,NULL,NULL,NULL,303,407,'2017-08-12 10:45:46',4),(4982,'Transferee','Bilodeau','Moses','Harvey','2009-07-25','Apayao','Moldovan','Catholic','\0','Dorothea','Katerina','Norato','Lead Abatement Worker','202-555-0105','202-555-0114','','Zena','Morley','Wilkin','Custom Wood Stair Builder','202-555-0195','202-555-0101','',NULL,NULL,NULL,NULL,NULL,NULL,NULL,'\0',NULL,NULL,'\0',NULL,NULL,NULL,NULL,NULL,303,407,'2017-08-12 10:45:47',4),(4983,'New','Compton','Ebonie','Burk','2011-10-15','Catanduanes','SaoTomean','Protestant','','Kaleigh','Mara','Fuchs','Busser','202-555-0145','202-555-0100','','Sunday','Burk','Liss','Cardroom Manager','202-555-0125','202-555-0175','\0',NULL,NULL,NULL,NULL,NULL,NULL,NULL,'\0',NULL,NULL,'\0',NULL,NULL,NULL,NULL,NULL,303,407,'2017-08-12 10:45:47',4),(4984,'Transferee','Bertram','Zena','Alexio','2008-06-21','Agusan del Sur','Grenadian','Taoism','\0','Pattie','Conny','Zarate','Piano Professor','202-555-0173','202-555-0197','\0','Elmo','Simonette','Cady','Ambulance Driver-Paramedic','202-555-0183','202-555-0179','\0',NULL,NULL,NULL,NULL,NULL,NULL,NULL,'\0',NULL,NULL,'\0',NULL,NULL,NULL,NULL,NULL,303,407,'2017-08-12 10:45:47',4),(4985,'New','Ulam','Lilliana','Ruddy','2011-10-16','Aklan','EquatorialGuinean','Born again','\0','Winford','Morley','Markussen','Busser','202-555-0175','202-555-0116','\0','Elmo','Riccardo','Klipp','Social Psychologist','202-555-0162','202-555-0162','\0',NULL,NULL,NULL,NULL,NULL,NULL,NULL,'\0',NULL,NULL,'\0',NULL,NULL,NULL,NULL,NULL,303,407,'2017-08-12 10:45:48',4),(4986,'New','Shanley','Jeanice','Alexio','2008-03-12','Pampanga','Georgian','Taoism','','Rikki','Michele','Valdez','Tobacco Buyer','202-555-0189','202-555-0175','\0','Joanie','Cthrine','Glider','Cardroom Manager','202-555-0199','202-555-0137','\0',NULL,NULL,NULL,NULL,NULL,NULL,NULL,'\0',NULL,NULL,'\0',NULL,NULL,NULL,NULL,NULL,303,407,'2017-08-12 10:45:48',4),(4987,'New','Funcke','Karrie','Deirdre','2007-02-18','Masbate','Guyanese','Muslim','','Yoshiko','Ransell','Wilkin','Gas Derrick Operator','202-555-0163','202-555-0131','\0','Frederick','Quinton','Arreguin','Statistical Analyst','202-555-0101','202-555-0150','',NULL,NULL,NULL,NULL,NULL,NULL,NULL,'\0',NULL,NULL,'\0',NULL,NULL,NULL,NULL,NULL,304,407,'2017-08-12 10:47:06',3),(4988,'New','Mccarty','Hae','Jessie','2006-01-21','Isabela','Iraqi','Muslim','\0','Joana','Griffin','Korzennik','Multi-operation Forming Machine Setter','202-555-0161','202-555-0165','','Setsuko','Aubrey','Lubit','Social Psychologist','202-555-0125','202-555-0177','\0',NULL,NULL,NULL,NULL,NULL,NULL,NULL,'\0',NULL,NULL,'\0',NULL,NULL,NULL,NULL,NULL,304,407,'2017-08-12 10:47:06',3),(4989,'Transferee','Glider','Lila','Corliss','2008-02-21','Maguindanao','Algerian','Catholic','\0','Kaleigh','Roderich','Teutsch','Voice-Over Artist','202-555-0131','202-555-0114','\0','Archie','Aubrey','Lackner','Strike Warfare/Missile Systems Officer','202-555-0123','202 - 555 - 0150','',NULL,NULL,NULL,NULL,NULL,NULL,NULL,'\0',NULL,NULL,'\0',NULL,NULL,NULL,NULL,NULL,304,407,'2017-08-12 10:47:06',3),(4990,'New','Flowers','Hae','Phyllys','2008-11-23','Samar','Dominican','Born again','\0','Maudie','Burk','Hiles','AIDS Counselor','202 - 555 - 0150','202-555-0145','\0','Ronda','Maegan','Thibodeau','Short Story Writer','202-555-0169','202-555-0145','\0',NULL,NULL,NULL,NULL,NULL,NULL,NULL,'\0',NULL,NULL,'\0',NULL,NULL,NULL,NULL,NULL,304,407,'2017-08-12 10:47:06',3),(4991,'New','Trautman','Ai','Harriot','2009-04-13','Zamboanga del Sur','Panamanian','Protestant','\0','Delcie','Kendal','Flowers','Emcee','202-555-0109','202-555-0173','','Pearle','Frans','Norato','Amusement Park Worker','202-555-0183','202-555-0148','',NULL,NULL,NULL,NULL,NULL,NULL,NULL,'\0',NULL,NULL,'\0',NULL,NULL,NULL,NULL,NULL,304,407,'2017-08-12 10:47:08',3),(4992,'Transferee','Baskey','Teddy','Skippie','2008-11-25','Bukidnon','Kyrgyz','Muslim','\0','Michaela','Riccardo','Venne','Cardroom Manager','202-555-0175','202-555-0145','','Soon','Barny','Arreguin','Freight Clerk','202-555-0173','202-555-0145','\0',NULL,NULL,NULL,NULL,NULL,NULL,NULL,'\0',NULL,NULL,'\0',NULL,NULL,NULL,NULL,NULL,304,407,'2017-08-12 10:47:08',3),(4993,'Transferee','Still','Arica','Maegan','2010-05-28','Pangasinan','Barbudans','Muslim','\0','Archie','Frans','Wallander','Professor of Communication and Writing','202-555-0179','202-555-0189','','Marshall','Yuma','Schluter','AIDS Counselor','202-555-0162','202-555-0114','\0',NULL,NULL,NULL,NULL,NULL,NULL,NULL,'\0',NULL,NULL,'\0',NULL,NULL,NULL,NULL,NULL,304,407,'2017-08-12 10:47:08',3),(4994,'Transferee','Clear','Stormy','Oran','2007-10-18','Camarines Sur','Tuvaluan','Taoism','','Bridgette','Lindy','Cocuzzo','Voice-Over Artist','202-555-0132','202-555-0114','','Loyce','Craggie','Lamarche','Licensed Clinical Mental Health Counselor','202-555-0199','202-555-0135','',NULL,NULL,NULL,NULL,NULL,NULL,NULL,'\0',NULL,NULL,'\0',NULL,NULL,NULL,NULL,NULL,304,407,'2017-08-12 10:47:08',3),(4995,'New','Morin','Stormy','Marchall','2010-01-27','Ilocos Norte','Moroccan','Catholic','','Vilma','Quinton','Valelly','Cardroom Manager','202-555-0179','202-555-0110','','Lynnette','Tull','Lueders-booth','Strike Warfare/Missile Systems Officer','202-555-0162','202-555-0174','',NULL,NULL,NULL,NULL,NULL,NULL,NULL,'\0',NULL,NULL,'\0',NULL,NULL,NULL,NULL,NULL,304,407,'2017-08-12 10:47:09',3),(4996,'New','Bertram','Myles','Burk','2010-06-19','Quezon','Rwandan','Muslim','\0','Mandi','Katerina','Cady','Piano Professor','202-555-0100','202-555-0181','','Tamekia','Millie','Slosser','Amusement Park Worker','202-555-0161','202-555-0173','',NULL,NULL,NULL,NULL,NULL,NULL,NULL,'\0',NULL,NULL,'\0',NULL,NULL,NULL,NULL,NULL,304,407,'2017-08-12 10:47:09',3),(4997,'New','Russo','Loyce','Asia','2009-06-16','Zamboanga del Sur','Burmese','Catholic','','Zena','Efrem','Udall','Nursing Service Director','202-555-0152','202-555-0148','\0','Carlota','Katerina','Balshaw','Professor of Communication and Writing','202-555-0183','202-555-0162','',NULL,NULL,NULL,NULL,NULL,NULL,NULL,'\0',NULL,NULL,'\0',NULL,NULL,NULL,NULL,NULL,304,407,'2017-08-12 10:47:10',3),(4998,'New','Cocuzzo','Lourie','Conny','2008-02-25','Palawan','Croatian','Protestant','','Jesica','Ransell','Signon','Short Story Writer','202-555-0109','202-555-0189','','Kaleigh','Oran','Venne','Amusement Park Worker','202-555-0125','202-555-0190','',NULL,NULL,NULL,NULL,NULL,NULL,NULL,'\0',NULL,NULL,'\0',NULL,NULL,NULL,NULL,NULL,304,407,'2017-08-12 10:47:10',3),(4999,'New','Balshaw','Yoshiko','Atlanta','2011-11-26','Eastern Samar','Bulgarian','Born again','\0','Lourie','Cathie','Lueders-booth','Amusement Park Worker','202-555-0189','202-555-0135','','Mariel','Craggie','Bilodeau','Drywall Applicator','202-555-0175','202-555-0189','\0',NULL,NULL,NULL,NULL,NULL,NULL,NULL,'\0',NULL,NULL,'\0',NULL,NULL,NULL,NULL,NULL,304,407,'2017-08-12 10:47:10',3),(5000,'New','Ebeling','Mariel','Phyllys','2007-01-18','Guimaras','Italian','Protestant','\0','Sunday','Charlotta','Valelly','Busser','202-555-0105','202-555-0197','','Ezra','Atlanta','Morin','Multi-operation Forming Machine Setter','202-555-0162','202-555-0189','\0',NULL,NULL,NULL,NULL,NULL,NULL,NULL,'\0',NULL,NULL,'\0',NULL,NULL,NULL,NULL,NULL,304,407,'2017-08-12 10:47:10',3),(5001,'New','Carty','Ebonie','Deborah','2007-11-23','Metro Manila','Serbian','Catholic','\0','Tamekia','Melantha','Badulescu','Line Haul Driver','202 - 555 - 0150','202-555-0153','','Margorie','Thornie','Baskey','Drywall Applicator','202-555-0123','202-555-0145','',NULL,NULL,NULL,NULL,NULL,NULL,NULL,'\0',NULL,NULL,'\0',NULL,NULL,NULL,NULL,NULL,304,407,'2017-08-12 10:47:10',3),(5002,'Transferee','Sparda','Erwin','Melantha','2008-09-14','Misamis Occidental','Guinea-Bissauan','Taoism','\0','Joana','Brinn','Wallander','Licensed Clinical Mental Health Counselor','202-555-0125','202-555-0152','','Ed','Alexio','Hiles','Molasses Preparer','202-555-0125','202-555-0195','',NULL,NULL,NULL,NULL,NULL,NULL,NULL,'\0',NULL,NULL,'\0',NULL,NULL,NULL,NULL,NULL,304,407,'2017-08-12 10:47:11',3),(5003,'Transferee','Arreguin','Vilma','Efrem','2010-09-25','Metro Manila','Norwegian','Born again','','Sudie','Harvey','Kasper','Piano Professor','202-555-0114','202-555-0138','\0','Latashia','Cthrine','Rickles','Piano Professor','202-555-0174','202-555-0195','\0',NULL,NULL,NULL,NULL,NULL,NULL,NULL,'\0',NULL,NULL,'\0',NULL,NULL,NULL,NULL,NULL,304,407,'2017-08-12 10:47:11',3),(5004,'Transferee','Metropolis','Ludivina','Tootsie','2010-05-28','Bataan','Marshallese','Taoism','','Michaela','Roderich','Wallander','Freight Clerk','202-555-0135','202-555-0131','','Denna','Harriot','Maddox','Chiropractor','202-555-0199','202-555-0148','\0',NULL,NULL,NULL,NULL,NULL,NULL,NULL,'\0',NULL,NULL,'\0',NULL,NULL,NULL,NULL,NULL,304,407,'2017-08-12 10:47:12',3),(5005,'Transferee','Lackner','Madeleine','Yuma','2010-05-13','Bataan','Estonian','Muslim','','Tonja','Astra','Lord','Ambulance Driver-Paramedic','202-555-0100','202-555-0123','','Ludivina','Casey','Benvenisty','Nursing Service Director','202-555-0181','202-555-0197','',NULL,NULL,NULL,NULL,NULL,NULL,NULL,'\0',NULL,NULL,'\0',NULL,NULL,NULL,NULL,NULL,304,407,'2017-08-12 10:47:12',3),(5006,'New','Compton','Rosa','Indira','2011-01-27','Negros Oriental','Romanian','Catholic','\0','Setsuko','Morey','Yaqub','Short Story Writer','202-555-0101','202-555-0198','\0','Meghan','Burk','Stewart','Lead Abatement Worker','202-555-0146','202-555-0169','\0',NULL,NULL,NULL,NULL,NULL,NULL,NULL,'\0',NULL,NULL,'\0',NULL,NULL,NULL,NULL,NULL,304,407,'2017-08-12 10:47:12',3),(5007,'Transferee','Sparda','Myles','Jessie','2008-03-28','Davao del Sur','Namibian','Catholic','\0','Melia','Tootsie','Valdez','Strike Warfare/Missile Systems Officer','202-555-0173','202-555-0104','','Jeanice','Mallorie','Teutsch','Ambulance Driver-Paramedic','202 - 555 - 0150','202-555-0167','',NULL,NULL,NULL,NULL,NULL,NULL,NULL,'\0',NULL,NULL,'\0',NULL,NULL,NULL,NULL,NULL,304,407,'2017-08-12 10:47:13',3),(5008,'New','Giesbrecht','Donte','Merrielle','2011-05-28','Aurora','EastTimorese','Muslim','','Bridgette','Millie','Clear','Licensed Clinical Mental Health Counselor','202-555-0175','202-555-0100','','Margorie','Conny','Leis','Short Story Writer','202-555-0131','202-555-0195','\0',NULL,NULL,NULL,NULL,NULL,NULL,NULL,'\0',NULL,NULL,'\0',NULL,NULL,NULL,NULL,NULL,304,407,'2017-08-12 10:47:13',3),(5009,'Transferee','Orfe','Pearle','Millie','2009-10-21','Quirino','Ecuadorean','Protestant','\0','Edith','Morey','Deptula','Licensed Clinical Mental Health Counselor','202-555-0186','202-555-0137','','Donte','Aurlie','Burke','Statistical Analyst','202-555-0145','202-555-0132','',NULL,NULL,NULL,NULL,NULL,NULL,NULL,'\0',NULL,NULL,'\0',NULL,NULL,NULL,NULL,NULL,304,407,'2017-08-12 10:47:14',3),(5010,'Transferee','Lockhart','Mandi','Kendal','2006-01-27','Davao del Sur','Saudi','Taoism','\0','Edith','Harriot','Marston','Line Haul Driver','202-555-0189','202-555-0174','','Jesica','Indira','Pesavento','Cardroom Manager','202-555-0183','202-555-0104','',NULL,NULL,NULL,NULL,NULL,NULL,NULL,'\0',NULL,NULL,'\0',NULL,NULL,NULL,NULL,NULL,304,407,'2017-08-12 10:47:14',3),(5011,'New','Baino','Lila','Kendal','2010-10-11','Masbate','Burundian','Protestant','','Elena','Sidonia','Glider','Piano Professor','202 - 555 - 0150','202-555-0132','\0','Jesica','Craggie','Funcke','Social Psychologist','202-555-0199','202-555-0187','',NULL,NULL,NULL,NULL,NULL,NULL,NULL,'\0',NULL,NULL,'\0',NULL,NULL,NULL,NULL,NULL,304,407,'2017-08-12 10:47:14',3),(5012,'Transferee','Ebeling','Frederick','Cathie','2010-01-13','Aurora','Indian','Taoism','','Patricia','Rogers','Tanenbaum','Molasses Preparer','202-555-0177','202-555-0195','\0','Carlton','Mano','Hulbert','Busser','202 - 555 - 0150','202-555-0175','\0',NULL,NULL,NULL,NULL,NULL,NULL,NULL,'\0',NULL,NULL,'\0',NULL,NULL,NULL,NULL,NULL,304,407,'2017-08-12 10:47:15',3),(5013,'New','Plummer','Odette','Cthrine','2009-01-12','Kalinga','Belizean','Taoism','\0','Lillian','Sidonia','Venne','AIDS Counselor','202-555-0184','202-555-0135','','Frederick','Melantha','Plummer','Emcee','202-555-0170','202-555-0153','\0',NULL,NULL,NULL,NULL,NULL,NULL,NULL,'\0',NULL,NULL,'\0',NULL,NULL,NULL,NULL,NULL,304,407,'2017-08-12 10:47:16',3),(5014,'New','Orfe','Lillian','Tedi','2008-11-26','Eastern Samar','NorthernIrish','Protestant','\0','Bridgette','Marchall','Brake','Voice-Over Artist','202-555-0167','202-555-0195','','Elmo','Cecile','Marston','Statistical Analyst','202-555-0100','202-555-0197','\0',NULL,NULL,NULL,NULL,NULL,NULL,NULL,'\0',NULL,NULL,'\0',NULL,NULL,NULL,NULL,NULL,304,407,'2017-08-12 10:47:16',3),(5015,'New','Compton','Tamekia','Atlanta','2007-10-19','Maguindanao','Cuban','Taoism','','Alecia','Harriot','John Chiappini','Custom Wood Stair Builder','202-555-0175','202-555-0169','','Bridgette','Cthrine','Sassone','Busser','202-555-0195','202-555-0145','',NULL,NULL,NULL,NULL,NULL,NULL,NULL,'\0',NULL,NULL,'\0',NULL,NULL,NULL,NULL,NULL,304,407,'2017-08-12 10:47:16',3),(5016,'Transferee','Lubit','Eve','Clim','2008-07-24','Kalinga','Motswana','Taoism','','Leonel','Clem','Lockhart','Licensed Clinical Mental Health Counselor','202-555-0112','202-555-0132','','Donte','Mallorie','Brewer','Gas Derrick Operator','202-555-0181','202-555-0198','\0',NULL,NULL,NULL,NULL,NULL,NULL,NULL,'\0',NULL,NULL,'\0',NULL,NULL,NULL,NULL,NULL,304,407,'2017-08-12 10:47:16',3),(5017,'New','Marston','Macy','Harvey','2009-04-21','Bataan','Liechtensteiner','Catholic','','Jana','Latia','Korzennik','Strike Warfare/Missile Systems Officer','202 - 555 - 0150','202-555-0175','\0','Bridgette','Pen','Slosser','Nursing Service Director','202-555-0104','202-555-0100','\0',NULL,NULL,NULL,NULL,NULL,NULL,NULL,'\0',NULL,NULL,'\0',NULL,NULL,NULL,NULL,NULL,305,407,'2017-08-12 10:47:48',4),(5018,'Transferee','Wilkin','Macy','Phyllys','2008-04-28','Laguna','Filipino','Catholic','\0','Meghan','Asia','Rickles','Statistical Analyst','202-555-0183','202-555-0131','\0','Lilliana','Birgit','Pesavento','Custom Wood Stair Builder','202-555-0184','202-555-0181','',NULL,NULL,NULL,NULL,NULL,NULL,NULL,'\0',NULL,NULL,'\0',NULL,NULL,NULL,NULL,NULL,305,407,'2017-08-12 10:47:48',4),(5019,'New','Decierdo','Marcellus','Coralie','2008-04-19','Benguet','Honduran','Born again','','Ludivina','Kendal','Fuchs','Piano Professor','202-555-0123','202-555-0195','\0','Denna','Darrick','Lamarche','Cardroom Manager','202-555-0137','202-555-0186','\0',NULL,NULL,NULL,NULL,NULL,NULL,NULL,'\0',NULL,NULL,'\0',NULL,NULL,NULL,NULL,NULL,305,407,'2017-08-12 10:47:49',4),(5020,'Transferee','Maddox','Mariel','Tedi','2007-06-15','Lanao del Norte','Guatemalan','Protestant','','Jeanice','Townie','Metropolis','Short Story Writer','202-555-0138','202-555-0110','','Ronda','Kendal','Scanlan','Short Story Writer','202-555-0190','202-555-0173','',NULL,NULL,NULL,NULL,NULL,NULL,NULL,'\0',NULL,NULL,'\0',NULL,NULL,NULL,NULL,NULL,305,407,'2017-08-12 10:47:49',4),(5021,'Transferee','Ebeling','Ai','Mara','2009-01-22','Albay','Czech','Born again','','Denna','Marchall','Maddox','Short Story Writer','202-555-0197','202-555-0123','','Maudie','Atlanta','Markussen','Statistical Analyst','202-555-0125','202-555-0145','',NULL,NULL,NULL,NULL,NULL,NULL,NULL,'\0',NULL,NULL,'\0',NULL,NULL,NULL,NULL,NULL,305,407,'2017-08-12 10:47:49',4),(5022,'Transferee','Valelly','Ai','Burk','2009-10-16','Batanes','Namibian','Catholic','','Idalia','Bernardo','Roussinos','Amusement Park Worker','202-555-0186','202-555-0112','\0','Maragret','Jocelyn','Badulescu','Professor of Communication and Writing','202-555-0186','202-555-0173','',NULL,NULL,NULL,NULL,NULL,NULL,NULL,'\0',NULL,NULL,'\0',NULL,NULL,NULL,NULL,NULL,305,407,'2017-08-12 10:47:50',4),(5023,'Transferee','Brake','Karrie','Audi','2011-09-21','Misamis Occidental','Cypriot','Catholic','\0','Odette','Aurlie','Cepko','Freight Clerk','202-555-0114','202-555-0135','','Kaleigh','Thornie','Bronicki','Short Story Writer','202-555-0184','202-555-0189','',NULL,NULL,NULL,NULL,NULL,NULL,NULL,'\0',NULL,NULL,'\0',NULL,NULL,NULL,NULL,NULL,305,407,'2017-08-12 10:47:50',4),(5024,'New','Brewer','Antionette','Audi','2011-07-28','Negros Occidental','Ukrainian','Taoism','','Winford','Adaline','Gurish','Busser','202-555-0131','202-555-0101','\0','Elsie','Harvey','Mcnicol','Amusement Park Worker','202-555-0186','202-555-0173','',NULL,NULL,NULL,NULL,NULL,NULL,NULL,'\0',NULL,NULL,'\0',NULL,NULL,NULL,NULL,NULL,305,407,'2017-08-12 10:47:50',4),(5025,'Transferee','Valdez','Celestine','Cathie','2010-08-20','Southern Leyte','Bruneian','Protestant','','Serita','Charlotta','Shanley','Nursing Service Director','202 - 555 - 0150','202-555-0184','\0','Janine','Lindy','Marston','Ambulance Driver-Paramedic','202-555-0167','202-555-0161','\0',NULL,NULL,NULL,NULL,NULL,NULL,NULL,'\0',NULL,NULL,'\0',NULL,NULL,NULL,NULL,NULL,305,407,'2017-08-12 10:47:51',4),(5026,'New','Brake','Marshall','Maegan','2009-05-14','Agusan del Norte','Malawian','Catholic','','Zena','Crissie','Klipp','Strike Warfare/Missile Systems Officer','202-555-0104','202-555-0181','\0','Loyce','Jocelyn','Hiles','Gas Derrick Operator','202-555-0112','202-555-0190','',NULL,NULL,NULL,NULL,NULL,NULL,NULL,'\0',NULL,NULL,'\0',NULL,NULL,NULL,NULL,NULL,305,407,'2017-08-12 10:47:51',4),(5027,'New','Zarate','Myles','Jessie','2008-04-24','Zambales','Burundian','Muslim','','Macy','Ransell','Carty','Cardroom Manager','202-555-0186','202-555-0148','\0','Meghan','Darrick','Markussen','Lead Abatement Worker','202-555-0146','202-555-0170','\0',NULL,NULL,NULL,NULL,NULL,NULL,NULL,'\0',NULL,NULL,'\0',NULL,NULL,NULL,NULL,NULL,305,407,'2017-08-12 10:47:52',4),(5028,'Transferee','Alldredge','Madeleine','Harriot','2011-04-14','Antique','Croatian','Protestant','','Patricia','Tull','Ulam','Voice-Over Artist','202-555-0195','202-555-0114','','Bridgette','Millie','Korzennik','Busser','202-555-0187','202 - 555 - 0150','\0',NULL,NULL,NULL,NULL,NULL,NULL,NULL,'\0',NULL,NULL,'\0',NULL,NULL,NULL,NULL,NULL,305,407,'2017-08-12 10:47:52',4),(5029,'New','Compton','Ezra','Kendal','2006-07-20','Capiz','Nigerian','Protestant','','Frederick','Merrielle','Arreguin','Ambulance Driver-Paramedic','202-555-0195','202-555-0174','','Rikki','Latia','Naus','Cardroom Manager','202-555-0173','202-555-0150','\0',NULL,NULL,NULL,NULL,NULL,NULL,NULL,'\0',NULL,NULL,'\0',NULL,NULL,NULL,NULL,NULL,305,407,'2017-08-12 10:47:52',4),(5030,'New','Wallander','Joana','Rogers','2009-02-19','Davao del Norte','Tajik','Catholic','\0','Serita','Bernardo','Valelly','Chiropractor','202-555-0152','202-555-0161','\0','Melia','Oran','Gurish','Social Psychologist','202-555-0162','202-555-0105','',NULL,NULL,NULL,NULL,NULL,NULL,NULL,'\0',NULL,NULL,'\0',NULL,NULL,NULL,NULL,NULL,305,407,'2017-08-12 10:47:52',4),(5031,'Transferee','Flowers','Rona','Aubrey','2010-08-28','Sarangani','Pakistani','Muslim','','Leonel','Derrik','Giesbrecht','Tobacco Buyer','202-555-0114','202-555-0132','\0','Moses','Roderich','Valdez','Multi-operation Forming Machine Setter','202-555-0152','202-555-0114','',NULL,NULL,NULL,NULL,NULL,NULL,NULL,'\0',NULL,NULL,'\0',NULL,NULL,NULL,NULL,NULL,305,407,'2017-08-12 10:47:53',4),(5032,'New','Orfe','Carlton','Jessie','2008-03-10','Compostela Valley','Kuwaiti','Catholic','','Denna','Frans','Amsden','AIDS Counselor','202-555-0187','202-555-0137','\0','Serita','Kendal','Stewart','Licensed Clinical Mental Health Counselor','202-555-0132','202-555-0179','',NULL,NULL,NULL,NULL,NULL,NULL,NULL,'\0',NULL,NULL,'\0',NULL,NULL,NULL,NULL,NULL,305,407,'2017-08-12 10:47:53',4),(5033,'Transferee','Lord','Marshall','Cthrine','2007-03-17','Nueva Ecija','Austrian','Catholic','','Marshall','Latia','Zarate','Statistical Analyst','202-555-0184','202-555-0195','\0','Tonja','Sidonia','Amadeo','Professor of Communication and Writing','202-555-0135','202-555-0161','\0',NULL,NULL,NULL,NULL,NULL,NULL,NULL,'\0',NULL,NULL,'\0',NULL,NULL,NULL,NULL,NULL,305,407,'2017-08-12 10:47:53',4),(5034,'Transferee','Markussen','Marissa','Rogers','2011-01-27','Mountain Province','Monacan','Protestant','','Zena','Ransell','Russo','Lead Abatement Worker','202-555-0173','202-555-0145','\0','Macy','Craggie','Scanlan','Professor of Communication and Writing','202-555-0102','202-555-0116','\0',NULL,NULL,NULL,NULL,NULL,NULL,NULL,'\0',NULL,NULL,'\0',NULL,NULL,NULL,NULL,NULL,305,407,'2017-08-12 10:47:53',4),(5035,'New','Metropolis','Archie','Audi','2010-06-13','Lanao del Sur','EastTimorese','Taoism','\0','Leonel','Oran','Gurish','Chiropractor','202-555-0112','202-555-0179','','Pearle','Cathie','Korzennik','Statistical Analyst','202-555-0195','202-555-0175','\0',NULL,NULL,NULL,NULL,NULL,NULL,NULL,'\0',NULL,NULL,'\0',NULL,NULL,NULL,NULL,NULL,305,407,'2017-08-12 10:47:54',4),(5036,'New','Trautman','Melia','Tootsie','2007-04-11','Camarines Norte','Moldovan','Born again','\0','Ed','Skippie','Signon','Strike Warfare/Missile Systems Officer','202-555-0135','202-555-0186','\0','Alecia','Audi','Scanlan','Strike Warfare/Missile Systems Officer','202-555-0177','202-555-0184','\0',NULL,NULL,NULL,NULL,NULL,NULL,NULL,'\0',NULL,NULL,'\0',NULL,NULL,NULL,NULL,NULL,305,407,'2017-08-12 10:47:54',4),(5037,'New','Brewer','Pearle','Clim','2008-01-28','Basilan','Uruguayan','Muslim','\0','Karrie','Clim','Bertram','Lead Abatement Worker','202-555-0145','202-555-0197','','Donte','Morey','Funcke','Professor of Communication and Writing','202-555-0145','202-555-0184','\0',NULL,NULL,NULL,NULL,NULL,NULL,NULL,'\0',NULL,NULL,'\0',NULL,NULL,NULL,NULL,NULL,305,407,'2017-08-12 10:47:55',4),(5038,'Transferee','Brewer','Tamekia','Morey','2010-03-26','Biliran','Brazilian','Protestant','\0','Edith','Cecile','Signon','Drywall Applicator','202-555-0102','202-555-0105','\0','Carlota','Orion','Polya','Molasses Preparer','202-555-0110','202-555-0190','\0',NULL,NULL,NULL,NULL,NULL,NULL,NULL,'\0',NULL,NULL,'\0',NULL,NULL,NULL,NULL,NULL,305,407,'2017-08-12 10:47:56',4),(5039,'Transferee','Wilkin','Donte','Brinn','2008-05-23','Cagayan','British','Muslim','','Lourie','Ransell','Yaqub','Social Psychologist','202-555-0189','202-555-0112','','Loyce','Deirdre','Maddox','Amusement Park Worker','202-555-0173','202-555-0145','',NULL,NULL,NULL,NULL,NULL,NULL,NULL,'\0',NULL,NULL,'\0',NULL,NULL,NULL,NULL,NULL,305,407,'2017-08-12 10:47:56',4),(5040,'Transferee','Scanlan','Mariel','Morley','2007-06-14','Bataan','Panamanian','Taoism','','Ed','Mallorie','Cady','Strike Warfare/Missile Systems Officer','202-555-0197','202-555-0163','\0','Ai','Ruddy','Stewart','Ambulance Driver-Paramedic','202-555-0101','202-555-0179','',NULL,NULL,NULL,NULL,NULL,NULL,NULL,'\0',NULL,NULL,'\0',NULL,NULL,NULL,NULL,NULL,305,407,'2017-08-12 10:47:56',4),(5041,'Transferee','Ebeling','Johnsie','Derrik','2009-01-27','Guimaras','Mozambican','Muslim','','Setsuko','Birgit','Compton','Tobacco Buyer','202-555-0100','202-555-0100','\0','Donte','Melantha','Schluter','Statistical Analyst','202-555-0100','202-555-0165','',NULL,NULL,NULL,NULL,NULL,NULL,NULL,'\0',NULL,NULL,'\0',NULL,NULL,NULL,NULL,NULL,305,407,'2017-08-12 10:47:56',4),(5042,'Transferee','Sassone','Lillian','Cathie','2010-05-26','Apayao','Yemenite','Protestant','\0','Antionette','Oran','Sparda','AIDS Counselor','202-555-0162','202-555-0174','\0','Setsuko','Mano','Sedcole','Short Story Writer','202-555-0101','202-555-0131','',NULL,NULL,NULL,NULL,NULL,NULL,NULL,'\0',NULL,NULL,'\0',NULL,NULL,NULL,NULL,NULL,305,407,'2017-08-12 10:47:57',4),(5043,'Transferee','Ulam','Janine','Crissie','2011-11-18','Dinagat Islands','EquatorialGuinean','Muslim','','Joana','Claire','Persky','Statistical Analyst','202-555-0110','202-555-0109','','Jeanice','Craggie','Dernburg','Multi-operation Forming Machine Setter','202-555-0131','202-555-0153','',NULL,NULL,NULL,NULL,NULL,NULL,NULL,'\0',NULL,NULL,'\0',NULL,NULL,NULL,NULL,NULL,305,407,'2017-08-12 10:47:57',4),(5044,'New','Funcke','Margorie','Cthrine','2010-11-10','Cotabato','Maldivan','Protestant','','Elmo','Scott','Mcnicol','Lead Abatement Worker','202-555-0179','202-555-0162','\0','Sean','Quinton','Giesbrecht','Short Story Writer','202-555-0179','202-555-0162','',NULL,NULL,NULL,NULL,NULL,NULL,NULL,'\0',NULL,NULL,'\0',NULL,NULL,NULL,NULL,NULL,305,407,'2017-08-12 10:47:57',4),(5045,'New','Markussen','Madeleine','Frans','2010-09-14','Sorsogon','Ukrainian','Muslim','\0','Karrie','Clem','Pesavento','Custom Wood Stair Builder','202-555-0190','202-555-0145','\0','Bridgette','Pen','Thibodeau','AIDS Counselor','202-555-0170','202-555-0153','',NULL,NULL,NULL,NULL,NULL,NULL,NULL,'\0',NULL,NULL,'\0',NULL,NULL,NULL,NULL,NULL,305,407,'2017-08-12 10:47:57',4),(5046,'New','Morin','Serita','Clem','2008-11-12','Palawan','Mauritian','Muslim','\0','Arica','Audi','Sedcole','Strike Warfare/Missile Systems Officer','202-555-0132','202-555-0167','','Maude','Phyllys','Zarate','Statistical Analyst','202-555-0145','202-555-0105','',NULL,NULL,NULL,NULL,NULL,NULL,NULL,'\0',NULL,NULL,'\0',NULL,NULL,NULL,NULL,NULL,305,407,'2017-08-12 10:47:58',4),(5047,'New','Leis','Shavon','Simonette','2011-04-16','Davao del Norte','KittianandNevisian','Protestant','\0','Joanie','Mara','Lueders-booth','Professor of Communication and Writing','202-555-0105','202-555-0184','','Michaela','Barny','Deptula','Molasses Preparer','202-555-0186','202-555-0135','\0',NULL,NULL,NULL,NULL,NULL,NULL,NULL,'\0',NULL,NULL,'\0',NULL,NULL,NULL,NULL,NULL,306,407,'2017-08-12 10:48:14',3),(5048,'New','Compton','Lila','Cecile','2006-01-16','Benguet','Vietnamese','Muslim','','Leonore','Morey','Amsden','Emcee','202-555-0100','202-555-0125','','Marcellus','Harvey','Fuchs','Ambulance Driver-Paramedic','202-555-0161','202-555-0198','',NULL,NULL,NULL,NULL,NULL,NULL,NULL,'\0',NULL,NULL,'\0',NULL,NULL,NULL,NULL,NULL,306,407,'2017-08-12 10:48:15',3),(5049,'Transferee','Wilkin','Kaleigh','Clim','2009-03-23','Mountain Province','Omani','Catholic','','Tamekia','Ransell','Ulam','Gas Derrick Operator','202-555-0116','202-555-0162','\0','Sunday','Oran','Badulescu','Molasses Preparer','202-555-0170','202-555-0123','\0',NULL,NULL,NULL,NULL,NULL,NULL,NULL,'\0',NULL,NULL,'\0',NULL,NULL,NULL,NULL,NULL,306,407,'2017-08-12 10:48:15',3),(5050,'Transferee','Slosser','Bridgette','Burk','2010-02-18','Sarangani','Yemenite','Catholic','\0','Ingrid','Roderich','Gurish','Amusement Park Worker','202-555-0162','202-555-0190','','Tonja','Pen','Korzennik','AIDS Counselor','202-555-0145','202-555-0163','',NULL,NULL,NULL,NULL,NULL,NULL,NULL,'\0',NULL,NULL,'\0',NULL,NULL,NULL,NULL,NULL,306,407,'2017-08-12 10:48:16',3),(5051,'New','Signon','Winter','Pen','2006-06-28','Negros Occidental','Mauritanian','Born again','\0','Jeanice','Quinton','Liss','Statistical Analyst','202-555-0190','202-555-0179','','Vilma','Latia','Signon','Tobacco Buyer','202-555-0123','202-555-0162','\0',NULL,NULL,NULL,NULL,NULL,NULL,NULL,'\0',NULL,NULL,'\0',NULL,NULL,NULL,NULL,NULL,306,407,'2017-08-12 10:48:16',3),(5052,'Transferee','Maddox','Moses','Derrik','2009-01-11','Shariff Kabunsuan','CapeVerdean','Born again','\0','Maren','Morse','Stewart','Line Haul Driver','202-555-0175','202-555-0123','\0','Ruth','Jessie','Stilo','Busser','202-555-0109','202-555-0199','\0',NULL,NULL,NULL,NULL,NULL,NULL,NULL,'\0',NULL,NULL,'\0',NULL,NULL,NULL,NULL,NULL,306,407,'2017-08-12 10:48:16',3),(5053,'New','Norato','Shauna','Charlotta','2009-05-13','Maguindanao','Armenian','Catholic','\0','Ezra','Sidonia','Cady','AIDS Counselor','202-555-0199','202-555-0179','\0','Soon','Deborah','Kasper','Emcee','202 - 555 - 0150','202-555-0199','',NULL,NULL,NULL,NULL,NULL,NULL,NULL,'\0',NULL,NULL,'\0',NULL,NULL,NULL,NULL,NULL,306,407,'2017-08-12 10:48:16',3),(5054,'Transferee','Maddox','Ezra','Burk','2007-11-15','Bulacan','Indonesian','Catholic','','Ingrid','Deborah','Balshaw','Cardroom Manager','202-555-0189','202-555-0163','','Elena','Mara','Naus','Nursing Service Director','202-555-0163','202-555-0112','\0',NULL,NULL,NULL,NULL,NULL,NULL,NULL,'\0',NULL,NULL,'\0',NULL,NULL,NULL,NULL,NULL,306,407,'2017-08-12 10:48:17',3),(5055,'Transferee','Compton','Archie','Kendal','2010-10-19','Tarlac','Polish','Protestant','','Jeanice','Merrielle','Naus','Tobacco Buyer','202-555-0150','202-555-0131','\0','Lourie','Corliss','Norato','Nursing Service Director','202-555-0102','202-555-0123','\0',NULL,NULL,NULL,NULL,NULL,NULL,NULL,'\0',NULL,NULL,'\0',NULL,NULL,NULL,NULL,NULL,306,407,'2017-08-12 10:48:17',3),(5056,'New','Wilkin','Mariel','Sidonia','2008-02-19','Negros Occidental','SierraLeonean','Taoism','','Macy','Simonette','Lackner','Molasses Preparer','202-555-0189','202-555-0112','','Carisa','Morey','Flowers','Emcee','202-555-0175','202-555-0197','\0',NULL,NULL,NULL,NULL,NULL,NULL,NULL,'\0',NULL,NULL,'\0',NULL,NULL,NULL,NULL,NULL,306,407,'2017-08-12 10:48:18',3),(5057,'Transferee','Dernburg','Ruth','Quinton','2009-07-20','Maguindanao','Taiwanese','Muslim','\0','Michaela','Aubrey','Badulescu','Gas Derrick Operator','202-555-0112','202-555-0195','\0','Ezra','Clim','Carty','Strike Warfare/Missile Systems Officer','202-555-0116','202-555-0145','\0',NULL,NULL,NULL,NULL,NULL,NULL,NULL,'\0',NULL,NULL,'\0',NULL,NULL,NULL,NULL,NULL,306,407,'2017-08-12 10:48:18',3),(5058,'New','Wallander','Brinda','Jessie','2009-06-26','Camiguin','Australian','Taoism','','Ruth','Millie','Fonseca','Cardroom Manager','202-555-0101','202-555-0102','','Madeleine','Latia','Bronicki','Drywall Applicator','202-555-0190','202-555-0181','',NULL,NULL,NULL,NULL,NULL,NULL,NULL,'\0',NULL,NULL,'\0',NULL,NULL,NULL,NULL,NULL,306,407,'2017-08-12 10:48:18',3),(5059,'New','Plummer','Moses','Alexio','2008-06-21','Batangas','Malawian','Born again','','Kaleigh','Morey','Shanley','Short Story Writer','202-555-0137','202-555-0125','','Idalia','Derrik','Mcnicol','Nursing Service Director','202-555-0114','202-555-0116','',NULL,NULL,NULL,NULL,NULL,NULL,NULL,'\0',NULL,NULL,'\0',NULL,NULL,NULL,NULL,NULL,306,407,'2017-08-12 10:48:19',3),(5060,'New','Prentice','Leonore','Lindy','2006-04-18','Bohol','Belizean','Born again','\0','Rona','Astra','Norato','Busser','202-555-0181','202-555-0148','','Leonel','Scott','Zarate','Licensed Clinical Mental Health Counselor','202-555-0183','202-555-0185','\0',NULL,NULL,NULL,NULL,NULL,NULL,NULL,'\0',NULL,NULL,'\0',NULL,NULL,NULL,NULL,NULL,306,407,'2017-08-12 10:48:19',3),(5061,'New','Dernburg','Denna','Marchall','2009-11-14','Catanduanes','Icelander','Born again','','Apolonia','Clim','Mcnicol','Nursing Service Director','202-555-0179','202-555-0148','','Sudie','Yuma','Morin','Piano Professor','202-555-0185','202-555-0199','',NULL,NULL,NULL,NULL,NULL,NULL,NULL,'\0',NULL,NULL,'\0',NULL,NULL,NULL,NULL,NULL,306,407,'2017-08-12 10:48:20',3),(5062,'New','Dernburg','Melia','Marchall','2011-01-27','Antique','Armenian','Protestant','','Jesica','Tedi','Lachenbruch','Multi-operation Forming Machine Setter','202-555-0102','202-555-0102','','Margorie','Simonette','Bertram','Statistical Analyst','202-555-0137','202-555-0198','\0',NULL,NULL,NULL,NULL,NULL,NULL,NULL,'\0',NULL,NULL,'\0',NULL,NULL,NULL,NULL,NULL,306,407,'2017-08-12 10:48:20',3),(5063,'New','Prentice','Joana','Burk','2008-05-14','Negros Occidental','Latvian','Born again','','Elsie','Bernardo','Still','Lead Abatement Worker','202-555-0184','202-555-0179','','Shauna','Deborah','Lord','Amusement Park Worker','202-555-0138','202-555-0179','\0',NULL,NULL,NULL,NULL,NULL,NULL,NULL,'\0',NULL,NULL,'\0',NULL,NULL,NULL,NULL,NULL,306,407,'2017-08-12 10:48:21',3),(5064,'Transferee','Orfe','Carlota','Harriot','2008-10-15','Catanduanes','Chadian','Catholic','\0','Tonja','Barny','Courval','Amusement Park Worker','202-555-0189','202-555-0135','','Kanisha','Derrik','Bertram','Voice-Over Artist','202-555-0190','202-555-0169','',NULL,NULL,NULL,NULL,NULL,NULL,NULL,'\0',NULL,NULL,'\0',NULL,NULL,NULL,NULL,NULL,306,407,'2017-08-12 10:48:21',3),(5065,'Transferee','Norato','Joanie','Alexio','2011-05-21','Pangasinan','EastTimorese','Muslim','','Sibyl','Ruddy','Lackner','Professor of Communication and Writing','202-555-0150','202-555-0181','','Ezra','Morley','Signon','Molasses Preparer','202-555-0125','202-555-0148','\0',NULL,NULL,NULL,NULL,NULL,NULL,NULL,'\0',NULL,NULL,'\0',NULL,NULL,NULL,NULL,NULL,306,407,'2017-08-12 10:48:21',3),(5066,'New','Compton','Mariel','Mallorie','2009-11-21','Cavite','Bangladeshi','Taoism','\0','Elsie','Frans','Rickles','Gas Derrick Operator','202-555-0195','202-555-0190','\0','Carlota','Crissie','Lachenbruch','Piano Professor','202-555-0131','202-555-0162','\0',NULL,NULL,NULL,NULL,NULL,NULL,NULL,'\0',NULL,NULL,'\0',NULL,NULL,NULL,NULL,NULL,306,407,'2017-08-12 10:48:21',3),(5067,'Transferee','Korzennik','Joanie','Derrik','2007-08-16','Aklan','Albanian','Protestant','\0','Ai','Conny','Bilodeau','Gas Derrick Operator','202-555-0152','202-555-0135','','Meghan','Morey','Signon','AIDS Counselor','202-555-0102','202-555-0114','\0',NULL,NULL,NULL,NULL,NULL,NULL,NULL,'\0',NULL,NULL,'\0',NULL,NULL,NULL,NULL,NULL,306,407,'2017-08-12 10:48:22',3),(5068,'Transferee','Benvenisty','Mandi','Ruddy','2006-02-14','Batangas','Ethiopian','Catholic','','Ruth','Mallorie','Milioli','Gas Derrick Operator','202-555-0109','202-555-0179','\0','Edith','Simonette','Plummer','Molasses Preparer','202-555-0189','202-555-0198','\0',NULL,NULL,NULL,NULL,NULL,NULL,NULL,'\0',NULL,NULL,'\0',NULL,NULL,NULL,NULL,NULL,306,407,'2017-08-12 10:48:22',3),(5069,'New','Gurish','Marissa','Casey','2006-04-27','Sarangani','Taiwanese','Catholic','\0','Alecia','Aubrey','Burke','Voice-Over Artist','202-555-0145','202-555-0189','','Elma','Melantha','Sassone','Drywall Applicator','202-555-0102','202-555-0187','\0',NULL,NULL,NULL,NULL,NULL,NULL,NULL,'\0',NULL,NULL,'\0',NULL,NULL,NULL,NULL,NULL,306,407,'2017-08-12 10:48:22',3),(5070,'New','Balshaw','Archie','Tedi','2010-10-26','Nueva Ecija','CentralAfrican','Catholic','\0','Idalia','Michele','Compton','Nursing Service Director','202-555-0185','202-555-0181','','Jeanice','Phyllys','Mccarty','Nursing Service Director','202-555-0174','202-555-0125','\0',NULL,NULL,NULL,NULL,NULL,NULL,NULL,'\0',NULL,NULL,'\0',NULL,NULL,NULL,NULL,NULL,306,407,'2017-08-12 10:48:22',3),(5071,'Transferee','Lord','Pattie','Harriot','2007-11-21','Nueva Ecija','Honduran','Taoism','','Ruth','Mara','Shanley','Nursing Service Director','202-555-0173','202-555-0102','\0','Marcellus','Alexio','Prentice','Professor of Communication and Writing','202-555-0195','202-555-0187','',NULL,NULL,NULL,NULL,NULL,NULL,NULL,'\0',NULL,NULL,'\0',NULL,NULL,NULL,NULL,NULL,306,407,'2017-08-12 10:48:23',3),(5072,'Transferee','Amadeo','Elena','Cecile','2009-07-13','Nueva Vizcaya','CentralAfrican','Muslim','','Donte','Skippie','Sedcole','Professor of Communication and Writing','202-555-0197','202-555-0114','\0','Elmo','Morley','Flowers','Custom Wood Stair Builder','202-555-0167','202-555-0175','',NULL,NULL,NULL,NULL,NULL,NULL,NULL,'\0',NULL,NULL,'\0',NULL,NULL,NULL,NULL,NULL,306,407,'2017-08-12 10:48:23',3),(5073,'New','Deptula','Johnsie','Coralie','2009-05-27','Bataan','Angolan','Born again','','Ezra','Quinton','Kasper','Social Psychologist','202-555-0170','202-555-0145','\0','Loyce','Brinn','Rickles','Strike Warfare/Missile Systems Officer','202-555-0175','202-555-0183','',NULL,NULL,NULL,NULL,NULL,NULL,NULL,'\0',NULL,NULL,'\0',NULL,NULL,NULL,NULL,NULL,306,407,'2017-08-12 10:48:23',3),(5074,'Transferee','Shanley','Winter','Roderich','2008-08-26','Davao del Sur','Nigerien','Born again','\0','Lourie','Ruddy','Giesbrecht','Gas Derrick Operator','202-555-0145','202-555-0173','','Lillian','Katerina','Hiles','Professor of Communication and Writing','202-555-0125','202-555-0179','',NULL,NULL,NULL,NULL,NULL,NULL,NULL,'\0',NULL,NULL,'\0',NULL,NULL,NULL,NULL,NULL,306,407,'2017-08-12 10:48:23',3),(5075,'Transferee','Baino','Rona','Jessie','2007-02-22','Basilan','Mongolian','Taoism','','Joanie','Craggie','Lachenbruch','Social Psychologist','202-555-0189','202-555-0185','\0','Frederick','Claire','Amadeo','Busser','202-555-0105','202-555-0197','',NULL,NULL,NULL,NULL,NULL,NULL,NULL,'\0',NULL,NULL,'\0',NULL,NULL,NULL,NULL,NULL,306,407,'2017-08-12 10:48:24',3),(5076,'New','Dernburg','Elena','Craggie','2007-11-12','Agusan del Norte','Argentinean','Catholic','\0','Myles','Atlanta','Sedcole','Piano Professor','202-555-0100','202-555-0165','\0','Pattie','Craggie','Baskey','Busser','202-555-0185','202-555-0198','',NULL,NULL,NULL,NULL,NULL,NULL,NULL,'\0',NULL,NULL,'\0',NULL,NULL,NULL,NULL,NULL,306,407,'2017-08-12 10:48:24',3),(5077,'New','Wallander','Carlota','Casey','2006-08-25','Basilan','Algerian','Catholic','\0','Frederick','Simonette','Kauppi','Line Haul Driver','202-555-0125','202-555-0131','\0','Mariel','Conny','Cepko','Line Haul Driver','202-555-0104','202-555-0195','',NULL,NULL,NULL,NULL,NULL,NULL,NULL,'\0',NULL,NULL,'\0',NULL,NULL,NULL,NULL,NULL,307,407,'2017-08-12 10:48:41',3),(5078,'New','Pesavento','Madeleine','Indira','2006-04-26','Iloilo','KittianandNevisian','Protestant','\0','Bridgette','Adaline','Valdez','Multi-operation Forming Machine Setter','202-555-0195','202-555-0112','\0','Ebonie','Rogers','Hamel','Tobacco Buyer','202-555-0123','202 - 555 - 0150','\0',NULL,NULL,NULL,NULL,NULL,NULL,NULL,'\0',NULL,NULL,'\0',NULL,NULL,NULL,NULL,NULL,307,407,'2017-08-12 10:48:41',3),(5079,'New','Naus','Ed','Crissie','2011-07-25','Bohol','Laotian','Born again','\0','Lourie','Deborah','John Chiappini','Chiropractor','202-555-0152','202-555-0116','\0','Sudie','Asia','Maddox','Licensed Clinical Mental Health Counselor','202-555-0184','202-555-0198','',NULL,NULL,NULL,NULL,NULL,NULL,NULL,'\0',NULL,NULL,'\0',NULL,NULL,NULL,NULL,NULL,307,407,'2017-08-12 10:48:42',3),(5080,'Transferee','Zarate','Ed','Morey','2009-04-22','Kalinga','Batswana','Muslim','','Serita','Adaline','Upsdell','Short Story Writer','202-555-0131','202-555-0177','','Shauna','Cthrine','Kauppi','Emcee','202-555-0163','202-555-0104','\0',NULL,NULL,NULL,NULL,NULL,NULL,NULL,'\0',NULL,NULL,'\0',NULL,NULL,NULL,NULL,NULL,307,407,'2017-08-12 10:48:42',3),(5081,'Transferee','Lueders-booth','Stormy','Florette','2007-09-23','Masbate','Liechtensteiner','Taoism','\0','Maudie','Deirdre','Baskey','Nursing Service Director','202-555-0102','202-555-0123','','Setsuko','Barny','Still','Social Psychologist','202-555-0177','202-555-0198','',NULL,NULL,NULL,NULL,NULL,NULL,NULL,'\0',NULL,NULL,'\0',NULL,NULL,NULL,NULL,NULL,307,407,'2017-08-12 10:48:43',3),(5082,'Transferee','Fonseca','Rosa','Birgit','2010-03-25','Nueva Vizcaya','Kazakhstani','Protestant','','Elma','Atlanta','Ebeling','Social Psychologist','202-555-0132','202-555-0146','','Bridgette','Yuma','Zarate','Voice-Over Artist','202-555-0184','202-555-0139','\0',NULL,NULL,NULL,NULL,NULL,NULL,NULL,'\0',NULL,NULL,'\0',NULL,NULL,NULL,NULL,NULL,307,407,'2017-08-12 10:48:43',3),(5083,'Transferee','Russo','Madeleine','Audi','2006-02-27','Camarines Sur','Malian','Catholic','','Tonja','Corliss','Ebeling','Nursing Service Director','202-555-0152','202-555-0146','','Teddy','Mallorie','Prentice','Amusement Park Worker','202-555-0112','202-555-0131','',NULL,NULL,NULL,NULL,NULL,NULL,NULL,'\0',NULL,NULL,'\0',NULL,NULL,NULL,NULL,NULL,307,407,'2017-08-12 10:48:44',3),(5084,'Transferee','Stigler','Mariel','Kendal','2011-02-16','Ilocos Sur','Monacan','Taoism','','Ed','Aubrey','Yaqub','Strike Warfare/Missile Systems Officer','202-555-0101','202-555-0125','\0','Ezra','Loydie','Sparda','Statistical Analyst','202-555-0137','202-555-0195','\0',NULL,NULL,NULL,NULL,NULL,NULL,NULL,'\0',NULL,NULL,'\0',NULL,NULL,NULL,NULL,NULL,307,407,'2017-08-12 10:48:44',3),(5085,'New','Alldredge','Stormy','Conny','2007-03-24','Occidental Mindoro','Argentinean','Catholic','\0','Sunday','Phyllys','Funcke','Drywall Applicator','202-555-0135','202-555-0153','\0','Joanie','Derrik','Funcke','Piano Professor','202-555-0112','202-555-0184','',NULL,NULL,NULL,NULL,NULL,NULL,NULL,'\0',NULL,NULL,'\0',NULL,NULL,NULL,NULL,NULL,307,407,'2017-08-12 10:48:45',3),(5086,'New','Giesbrecht','Marissa','Conny','2007-10-18','Camiguin','Malagasy','Taoism','\0','Meghan','Barny','Trautman','Strike Warfare/Missile Systems Officer','202-555-0185','202-555-0183','\0','Antionette','Rogers','Benvenisty','Line Haul Driver','202-555-0195','202-555-0161','',NULL,NULL,NULL,NULL,NULL,NULL,NULL,'\0',NULL,NULL,'\0',NULL,NULL,NULL,NULL,NULL,307,407,'2017-08-12 10:48:45',3),(5087,'New','Pesavento','Carlton','Efrem','2008-06-24','Romblon','Pakistani','Born again','\0','Carlton','Latia','Alldredge','Tobacco Buyer','202-555-0138','202-555-0146','','Moses','Tull','Kasper','Molasses Preparer','202-555-0135','202-555-0189','',NULL,NULL,NULL,NULL,NULL,NULL,NULL,'\0',NULL,NULL,'\0',NULL,NULL,NULL,NULL,NULL,307,407,'2017-08-12 10:48:45',3),(5088,'New','Gurish','Kanisha','Tootsie','2008-11-19','Surigao del Norte','Burundian','Muslim','\0','Joanie','Indira','Korzennik','Emcee','202-555-0190','202-555-0105','\0','Ingrid','Griffin','Milioli','Nursing Service Director','202-555-0195','202-555-0104','',NULL,NULL,NULL,NULL,NULL,NULL,NULL,'\0',NULL,NULL,'\0',NULL,NULL,NULL,NULL,NULL,307,407,'2017-08-12 10:48:45',3),(5089,'Transferee','Tanenbaum','Idalia','Ransell','2008-09-11','Benguet','EquatorialGuinean','Protestant','','Ai','Derrik','Lamarche','Ambulance Driver-Paramedic','202-555-0148','202-555-0173','\0','Carlton','Darrick','Plummer','Voice-Over Artist','202-555-0102','202-555-0109','\0',NULL,NULL,NULL,NULL,NULL,NULL,NULL,'\0',NULL,NULL,'\0',NULL,NULL,NULL,NULL,NULL,307,407,'2017-08-12 10:48:45',3),(5090,'New','Dernburg','Ludivina','Claire','2007-07-17','Kalinga','Scottish','Born again','\0','Marshall','Rogers','Decierdo','Tobacco Buyer','202-555-0125','202-555-0104','','Lezlie','Merrielle','Plummer','Multi-operation Forming Machine Setter','202-555-0145','202-555-0167','\0',NULL,NULL,NULL,NULL,NULL,NULL,NULL,'\0',NULL,NULL,'\0',NULL,NULL,NULL,NULL,NULL,307,407,'2017-08-12 10:48:46',3),(5091,'Transferee','Valelly','Melia','Craggie','2006-01-22','Sulu','Indonesian','Muslim','','Apolonia','Cecile','Valelly','Cardroom Manager','202-555-0179','202-555-0138','\0','Johnsie','Maegan','Sassone','Social Psychologist','202-555-0137','202-555-0179','\0',NULL,NULL,NULL,NULL,NULL,NULL,NULL,'\0',NULL,NULL,'\0',NULL,NULL,NULL,NULL,NULL,307,407,'2017-08-12 10:48:46',3),(5092,'Transferee','Markussen','Venetta','Skippie','2009-03-20','Negros Oriental','Nigerian','Born again','\0','Joanie','Astra','Brake','Lead Abatement Worker','202-555-0132','202-555-0112','\0','Carisa','Sidonia','Sassone','Emcee','202-555-0170','202-555-0109','\0',NULL,NULL,NULL,NULL,NULL,NULL,NULL,'\0',NULL,NULL,'\0',NULL,NULL,NULL,NULL,NULL,307,407,'2017-08-12 10:48:46',3),(5093,'New','Hulbert','Odette','Crissie','2010-09-12','Dinagat Islands','Icelander','Catholic','','Vilma','Lindy','Naus','Ambulance Driver-Paramedic','202-555-0197','202-555-0105','\0','Elma','Harvey','Deptula','Emcee','202-555-0162','202-555-0138','\0',NULL,NULL,NULL,NULL,NULL,NULL,NULL,'\0',NULL,NULL,'\0',NULL,NULL,NULL,NULL,NULL,307,407,'2017-08-12 10:48:47',3),(5094,'New','Udall','Ezra','Barny','2009-09-24','Isabela','EastTimorese','Muslim','','Antionette','Adaline','Fonseca','Short Story Writer','202-555-0125','202-555-0153','\0','Ebonie','Bernardo','Hulbert','Drywall Applicator','202-555-0110','202-555-0161','',NULL,NULL,NULL,NULL,NULL,NULL,NULL,'\0',NULL,NULL,'\0',NULL,NULL,NULL,NULL,NULL,307,407,'2017-08-12 10:48:47',3),(5095,'Transferee','Tanenbaum','Vilma','Lindy','2008-08-27','Biliran','Cameroonian','Protestant','','Michaela','Audi','Stilo','Lead Abatement Worker','202-555-0102','202-555-0183','','Latashia','Morse','Benvenisty','Drywall Applicator','202-555-0123','202-555-0114','',NULL,NULL,NULL,NULL,NULL,NULL,NULL,'\0',NULL,NULL,'\0',NULL,NULL,NULL,NULL,NULL,307,407,'2017-08-12 10:48:48',3),(5096,'Transferee','Mcnicol','Serita','Simonette','2007-11-20','Surigao del Sur','Barbudans','Protestant','','Jade','Thornie','Korzennik','Licensed Clinical Mental Health Counselor','202-555-0165','202-555-0198','','Sean','Alexio','Wilkin','Cardroom Manager','202-555-0131','202-555-0102','',NULL,NULL,NULL,NULL,NULL,NULL,NULL,'\0',NULL,NULL,'\0',NULL,NULL,NULL,NULL,NULL,307,407,'2017-08-12 10:48:48',3),(5097,'Transferee','Flowers','Ebonie','Conny','2011-07-21','Camiguin','Bulgarian','Muslim','','Leonore','Skippie','Udall','Tobacco Buyer','202-555-0183','202-555-0114','','Lynnette','Jessie','Balshaw','Custom Wood Stair Builder','202-555-0116','202-555-0110','',NULL,NULL,NULL,NULL,NULL,NULL,NULL,'\0',NULL,NULL,'\0',NULL,NULL,NULL,NULL,NULL,307,407,'2017-08-12 10:48:49',3),(5098,'New','Tanenbaum','Bridgette','Darrick','2010-10-11','Abra','Haitian','Catholic','\0','Rikki','Merrielle','Benvenisty','Custom Wood Stair Builder','202-555-0179','202-555-0114','','Maude','Crissie','Deptula','Social Psychologist','202-555-0100','202-555-0195','',NULL,NULL,NULL,NULL,NULL,NULL,NULL,'\0',NULL,NULL,'\0',NULL,NULL,NULL,NULL,NULL,307,407,'2017-08-12 10:48:49',3),(5099,'Transferee','Arreguin','Erwin','Craggie','2008-09-27','Batanes','Colombian','Protestant','','Ebonie','Jocelyn','Korzennik','Chiropractor','202-555-0152','202-555-0145','\0','Apolonia','Deborah','Balshaw','Piano Professor','202-555-0199','202-555-0174','\0',NULL,NULL,NULL,NULL,NULL,NULL,NULL,'\0',NULL,NULL,'\0',NULL,NULL,NULL,NULL,NULL,307,407,'2017-08-12 10:48:49',3),(5100,'New','Lord','Madeleine','Derrik','2010-04-13','Siquijor','Hungarian','Catholic','\0','Tonja','Coralie','Benvenisty','Nursing Service Director','202-555-0175','202-555-0116','','Marcellus','Audi','Orfe','Nursing Service Director','202-555-0131','202-555-0125','\0',NULL,NULL,NULL,NULL,NULL,NULL,NULL,'\0',NULL,NULL,'\0',NULL,NULL,NULL,NULL,NULL,307,407,'2017-08-12 10:48:50',3),(5101,'New','Maddox','Johnsie','Morley','2011-04-15','Apayao','Cuban','Born again','\0','Janine','Astra','Badulescu','Chiropractor','202-555-0173','202-555-0162','\0','Marissa','Indira','Alldredge','Molasses Preparer','202-555-0125','202-555-0100','\0',NULL,NULL,NULL,NULL,NULL,NULL,NULL,'\0',NULL,NULL,'\0',NULL,NULL,NULL,NULL,NULL,307,407,'2017-08-12 10:48:50',3),(5102,'New','Amsden','Madeleine','Lindy','2011-06-28','Romblon','Bahamian','Born again','\0','Frederick','Cathie','Polya','Social Psychologist','202-555-0190','202-555-0139','\0','Ludivina','Cthrine','Cady','Drywall Applicator','202-555-0186','202-555-0132','',NULL,NULL,NULL,NULL,NULL,NULL,NULL,'\0',NULL,NULL,'\0',NULL,NULL,NULL,NULL,NULL,307,407,'2017-08-12 10:48:50',3),(5103,'Transferee','Verdile','Mandi','Casey','2011-06-13','Isabela','Fijian','Protestant','','Ruth','Deborah','Russo','Cardroom Manager','202-555-0125','202-555-0123','','Maude','Indira','Milioli','Custom Wood Stair Builder','202-555-0102','202-555-0116','\0',NULL,NULL,NULL,NULL,NULL,NULL,NULL,'\0',NULL,NULL,'\0',NULL,NULL,NULL,NULL,NULL,307,407,'2017-08-12 10:48:51',3),(5104,'New','Markussen','Jade','Morley','2007-10-12','Sultan Kudarat','Togolese','Catholic','','Brinda','Melantha','Amsden','Strike Warfare/Missile Systems Officer','202-555-0185','202-555-0179','\0','Denna','Tedi','Von mehren','Voice-Over Artist','202-555-0100','202-555-0189','',NULL,NULL,NULL,NULL,NULL,NULL,NULL,'\0',NULL,NULL,'\0',NULL,NULL,NULL,NULL,NULL,307,407,'2017-08-12 10:48:52',3),(5105,'Transferee','Marston','Alecia','Crissie','2010-06-24','Quezon','Qatari','Born again','','Celestine','Adaline','Von mehren','Licensed Clinical Mental Health Counselor','202-555-0146','202-555-0183','','Sibyl','Aubrey','Flowers','Molasses Preparer','202-555-0102','202-555-0101','\0',NULL,NULL,NULL,NULL,NULL,NULL,NULL,'\0',NULL,NULL,'\0',NULL,NULL,NULL,NULL,NULL,307,407,'2017-08-12 10:48:52',3),(5106,'New','Lackner','Jeanice','Rogers','2010-08-21','Sorsogon','Grenadian','Catholic','','Moses','Merrielle','Gurish','Molasses Preparer','202-555-0145','202-555-0145','','Merissa','Jocelyn','Brake','Freight Clerk','202-555-0131','202-555-0153','\0',NULL,NULL,NULL,NULL,NULL,NULL,NULL,'\0',NULL,NULL,'\0',NULL,NULL,NULL,NULL,NULL,307,407,'2017-08-12 10:48:52',3),(5107,'Transferee','Milioli','Apolonia','Charlotta','2003-02-26','Lanao del Sur','Omani','Muslim','\0','Idalia','Aurlie','Scanlan','Chiropractor','202-555-0195','202 - 555 - 0150','\0','Vilma','Cathie','Compton','Custom Wood Stair Builder','202-555-0145','202-555-0125','',NULL,NULL,NULL,NULL,NULL,NULL,NULL,'\0',NULL,NULL,'\0',NULL,NULL,NULL,NULL,NULL,309,407,'2017-08-12 10:49:36',4),(5108,'New','Still','Alecia','Roderich','2006-03-10','Biliran','Ghanaian','Catholic','\0','Hae','Clim','Scanlan','Busser','202-555-0175','202 - 555 - 0150','','Stormy','Simonette','Orfe','Voice-Over Artist','202-555-0163','202-555-0101','\0',NULL,NULL,NULL,NULL,NULL,NULL,NULL,'\0',NULL,NULL,'\0',NULL,NULL,NULL,NULL,NULL,309,407,'2017-08-12 10:49:36',4),(5109,'Transferee','Scanlan','Archie','Claire','2003-03-16','Sultan Kudarat','Jamaican','Muslim','\0','Setsuko','Marchall','Glider','Professor of Communication and Writing','202-555-0186','202-555-0195','','Patricia','Cthrine','Udall','Social Psychologist','202-555-0116','202-555-0132','\0',NULL,NULL,NULL,NULL,NULL,NULL,NULL,'\0',NULL,NULL,'\0',NULL,NULL,NULL,NULL,NULL,309,407,'2017-08-12 10:49:37',4),(5110,'New','Glider','Janine','Burk','2003-03-13','Metro Manila','Malaysian','Catholic','\0','Lourie','Tull','Baskey','Cardroom Manager','202-555-0162','202-555-0110','','Erwin','Millie','Lockhart','AIDS Counselor','202-555-0199','202-555-0179','',NULL,NULL,NULL,NULL,NULL,NULL,NULL,'\0',NULL,NULL,'\0',NULL,NULL,NULL,NULL,NULL,309,407,'2017-08-12 10:49:37',4),(5111,'New','Amsden','Shavon','Riccardo','2003-04-27','Albay','Welsh','Catholic','\0','Michaela','Asia','Funcke','Statistical Analyst','202-555-0145','202-555-0153','','Donte','Morse','Alldredge','Cardroom Manager','202-555-0189','202-555-0197','',NULL,NULL,NULL,NULL,NULL,NULL,NULL,'\0',NULL,NULL,'\0',NULL,NULL,NULL,NULL,NULL,309,407,'2017-08-12 10:49:37',4),(5112,'Transferee','Clear','Tonja','Florette','2002-10-10','Agusan del Norte','Luxembourger','Protestant','','Kaleigh','Indira','Von mehren','Professor of Communication and Writing','202-555-0161','202-555-0181','\0','Rona','Charlotta','Sassone','Nursing Service Director','202-555-0102','202-555-0123','',NULL,NULL,NULL,NULL,NULL,NULL,NULL,'\0',NULL,NULL,'\0',NULL,NULL,NULL,NULL,NULL,309,407,'2017-08-12 10:49:37',4),(5113,'Transferee','Cepko','Loyce','Riccardo','2002-11-17','La Union','Italian','Born again','\0','Marshall','Claire','Rickles','Social Psychologist','202-555-0177','202-555-0195','','Stormy','Mano','Arreguin','Freight Clerk','202-555-0131','202-555-0123','',NULL,NULL,NULL,NULL,NULL,NULL,NULL,'\0',NULL,NULL,'\0',NULL,NULL,NULL,NULL,NULL,309,407,'2017-08-12 10:49:38',4),(5114,'New','Arreguin','Serita','Morley','2006-05-20','Biliran','Welsh','Catholic','\0','Janessa','Michele','Lockhart','Licensed Clinical Mental Health Counselor','202-555-0189','202-555-0109','','Shauna','Orion','Deptula','Nursing Service Director','202-555-0152','202-555-0138','',NULL,NULL,NULL,NULL,NULL,NULL,NULL,'\0',NULL,NULL,'\0',NULL,NULL,NULL,NULL,NULL,309,407,'2017-08-12 10:49:38',4),(5115,'New','Clear','Soon','Melantha','2005-02-15','Biliran','Hungarian','Born again','\0','Leonore','Deborah','Kauppi','Multi-operation Forming Machine Setter','202-555-0153','202-555-0102','\0','Jana','Rogers','Milioli','Ambulance Driver-Paramedic','202-555-0131','202-555-0109','\0',NULL,NULL,NULL,NULL,NULL,NULL,NULL,'\0',NULL,NULL,'\0',NULL,NULL,NULL,NULL,NULL,309,407,'2017-08-12 10:49:38',4),(5116,'New','Hamel','Eve','Skippie','2005-03-10','Marinduque','Belizean','Catholic','\0','Serita','Phyllys','Orfe','Voice-Over Artist','202-555-0100','202-555-0179','','Jesica','Morley','Flowers','Statistical Analyst','202-555-0179','202-555-0184','\0',NULL,NULL,NULL,NULL,NULL,NULL,NULL,'\0',NULL,NULL,'\0',NULL,NULL,NULL,NULL,NULL,309,407,'2017-08-12 10:49:38',4),(5117,'New','Lamarche','Merissa','Charlotta','2003-11-24','Leyte','Belarusian','Catholic','','Stormy','Lindy','Lubit','AIDS Counselor','202-555-0199','202-555-0114','\0','Leonel','Clim','Brake','Busser','202-555-0138','202-555-0167','',NULL,NULL,NULL,NULL,NULL,NULL,NULL,'\0',NULL,NULL,'\0',NULL,NULL,NULL,NULL,NULL,309,407,'2017-08-12 10:49:39',4),(5118,'New','Signon','Alecia','Ruddy','2004-01-15','Camiguin','American','Protestant','','Johnsie','Casey','Shanley','Cardroom Manager','202-555-0189','202-555-0137','\0','Tamekia','Marchall','Milioli','Drywall Applicator','202-555-0109','202-555-0148','',NULL,NULL,NULL,NULL,NULL,NULL,NULL,'\0',NULL,NULL,'\0',NULL,NULL,NULL,NULL,NULL,309,407,'2017-08-12 10:49:39',4),(5119,'Transferee','Stewart','Ruth','Michele','2003-10-18','Zambales','Croatian','Protestant','\0','Jeanice','Simonette','Roussinos','Cardroom Manager','202-555-0100','202-555-0101','','Marshall','Adaline','Fuchs','AIDS Counselor','202-555-0173','202-555-0152','\0',NULL,NULL,NULL,NULL,NULL,NULL,NULL,'\0',NULL,NULL,'\0',NULL,NULL,NULL,NULL,NULL,309,407,'2017-08-12 10:49:39',4),(5120,'Transferee','Hamel','Lillian','Phyllys','2006-05-12','Oriental Mindoro','Tajik','Muslim','\0','Jeanice','Asia','John Chiappini','Nursing Service Director','202-555-0197','202-555-0135','\0','Karrie','Darrick','Tanenbaum','Custom Wood Stair Builder','202-555-0195','202-555-0145','\0',NULL,NULL,NULL,NULL,NULL,NULL,NULL,'\0',NULL,NULL,'\0',NULL,NULL,NULL,NULL,NULL,309,407,'2017-08-12 10:49:40',4),(5121,'Transferee','Venne','Maragret','Corliss','2005-06-11','Guimaras','Serbian','Protestant','\0','Ruth','Casey','Amadeo','Social Psychologist','202-555-0123','202-555-0123','','Jeanice','Atlanta','Mcnicol','Cardroom Manager','202-555-0138','202-555-0116','\0',NULL,NULL,NULL,NULL,NULL,NULL,NULL,'\0',NULL,NULL,'\0',NULL,NULL,NULL,NULL,NULL,309,407,'2017-08-12 10:49:40',4),(5122,'New','Leis','Ruth','Griffin','2005-06-28','Cotabato','Bhutanese','Born again','\0','Winford','Clim','Valelly','Freight Clerk','202-555-0116','202-555-0145','','Sean','Michele','Stigler','Strike Warfare/Missile Systems Officer','202-555-0187','202 - 555 - 0150','',NULL,NULL,NULL,NULL,NULL,NULL,NULL,'\0',NULL,NULL,'\0',NULL,NULL,NULL,NULL,NULL,309,407,'2017-08-12 10:49:40',4),(5123,'Transferee','Flowers','Eve','Riccardo','2002-06-22','Dinagat Islands','Luxembourger','Catholic','\0','Apolonia','Burk','Brewer','Amusement Park Worker','202-555-0185','202-555-0102','\0','Carlota','Bernardo','Cady','Amusement Park Worker','202 - 555 - 0150','202-555-0150','',NULL,NULL,NULL,NULL,NULL,NULL,NULL,'\0',NULL,NULL,'\0',NULL,NULL,NULL,NULL,NULL,309,407,'2017-08-12 10:49:41',4),(5124,'Transferee','Carty','Mandi','Yuma','2005-02-23','Southern Leyte','Cambodian','Catholic','','Merissa','Phyllys','Burke','Short Story Writer','202-555-0179','202-555-0104','\0','Lilliana','Morley','Naus','Ambulance Driver-Paramedic','202-555-0139','202-555-0165','\0',NULL,NULL,NULL,NULL,NULL,NULL,NULL,'\0',NULL,NULL,'\0',NULL,NULL,NULL,NULL,NULL,309,407,'2017-08-12 10:49:41',4),(5125,'Transferee','Rickles','Bridgette','Harvey','2005-04-27','Batangas','Cuban','Muslim','','Kaleigh','Griffin','Carty','Emcee','202-555-0186','202-555-0177','\0','Hae','Michele','Upsdell','Gas Derrick Operator','202-555-0100','202-555-0183','',NULL,NULL,NULL,NULL,NULL,NULL,NULL,'\0',NULL,NULL,'\0',NULL,NULL,NULL,NULL,NULL,309,407,'2017-08-12 10:49:41',4),(5126,'New','Cepko','Denna','Lindy','2004-10-21','Davao del Norte','Uzbekistani','Taoism','\0','Latashia','Charlotta','Balshaw','Freight Clerk','202-555-0102','202-555-0104','\0','Rona','Morey','Benvenisty','Professor of Communication and Writing','202-555-0150','202-555-0145','',NULL,NULL,NULL,NULL,NULL,NULL,NULL,'\0',NULL,NULL,'\0',NULL,NULL,NULL,NULL,NULL,309,407,'2017-08-12 10:49:42',4),(5127,'New','Naus','Loyce','Yuma','2002-05-21','Benguet','Maldivan','Catholic','\0','Venetta','Mallorie','Korzennik','Licensed Clinical Mental Health Counselor','202-555-0162','202-555-0105','\0','Lilliana','Claire','Stewart','Professor of Communication and Writing','202-555-0152','202-555-0162','',NULL,NULL,NULL,NULL,NULL,NULL,NULL,'\0',NULL,NULL,'\0',NULL,NULL,NULL,NULL,NULL,309,407,'2017-08-12 10:49:43',4),(5128,'New','Hulbert','Margorie','Conny','2006-06-12','Lanao del Sur','Ni-Vanuatu','Born again','','Rosa','Deborah','Mcnicol','Emcee','202-555-0131','202-555-0153','','Pearle','Jessie','Courval','Short Story Writer','202-555-0167','202-555-0123','\0',NULL,NULL,NULL,NULL,NULL,NULL,NULL,'\0',NULL,NULL,'\0',NULL,NULL,NULL,NULL,NULL,309,407,'2017-08-12 10:49:43',4),(5129,'New','Stewart','Venetta','Mallorie','2003-09-17','Guimaras','Bangladeshi','Muslim','','Hae','Mara','Bertram','Multi-operation Forming Machine Setter','202-555-0137','202-555-0198','','Stormy','Jessie','Metropolis','Custom Wood Stair Builder','202-555-0112','202-555-0145','\0',NULL,NULL,NULL,NULL,NULL,NULL,NULL,'\0',NULL,NULL,'\0',NULL,NULL,NULL,NULL,NULL,309,407,'2017-08-12 10:49:43',4),(5130,'New','El-shaarawi','Mariel','Corliss','2004-07-16','Negros Occidental','Greek','Catholic','','Bridgette','Asia','Dernburg','Freight Clerk','202-555-0179','202-555-0189','\0','Karrie','Casey','Amadeo','Chiropractor','202-555-0190','202-555-0114','\0',NULL,NULL,NULL,NULL,NULL,NULL,NULL,'\0',NULL,NULL,'\0',NULL,NULL,NULL,NULL,NULL,309,407,'2017-08-12 10:49:43',4),(5131,'New','Sassone','Stacee','Townie','2002-09-16','Albay','Libyan','Muslim','','Mariel','Aubrey','Morin','AIDS Counselor','202-555-0150','202-555-0102','','Ronda','Rogers','Giesbrecht','Nursing Service Director','202-555-0177','202-555-0163','\0',NULL,NULL,NULL,NULL,NULL,NULL,NULL,'\0',NULL,NULL,'\0',NULL,NULL,NULL,NULL,NULL,309,407,'2017-08-12 10:49:44',4),(5132,'New','Persky','Lynnette','Simonette','2004-05-22','Agusan del Norte','NorthKorean','Born again','\0','Ruth','Ransell','Badulescu','Freight Clerk','202-555-0102','202-555-0163','','Odette','Craggie','Tanenbaum','Nursing Service Director','202-555-0150','202-555-0123','',NULL,NULL,NULL,NULL,NULL,NULL,NULL,'\0',NULL,NULL,'\0',NULL,NULL,NULL,NULL,NULL,309,407,'2017-08-12 10:49:44',4),(5133,'New','Rickles','Dorothea','Katerina','2002-11-22','Antique','Omani','Muslim','','Sunday','Cecile','Dernburg','Voice-Over Artist','202-555-0150','202-555-0146','\0','Alecia','Marchall','Kasper','Amusement Park Worker','202-555-0145','202-555-0167','',NULL,NULL,NULL,NULL,NULL,NULL,NULL,'\0',NULL,NULL,'\0',NULL,NULL,NULL,NULL,NULL,309,407,'2017-08-12 10:49:44',4),(5134,'New','Persky','Sunday','Asia','2003-03-11','Davao del Norte','Uruguayan','Catholic','','Alecia','Frans','Bronicki','Line Haul Driver','202-555-0167','202-555-0114','','Lezlie','Aurlie','Schluter','Licensed Clinical Mental Health Counselor','202-555-0123','202-555-0145','',NULL,NULL,NULL,NULL,NULL,NULL,NULL,'\0',NULL,NULL,'\0',NULL,NULL,NULL,NULL,NULL,309,407,'2017-08-12 10:49:44',4),(5135,'Transferee','Baino','Winter','Sidonia','2003-10-12','Isabela','Malaysian','Protestant','','Ruth','Coralie','Carty','Lead Abatement Worker','202-555-0131','202-555-0148','','Rosa','Bernardo','Korzennik','Chiropractor','202 - 555 - 0150','202-555-0195','\0',NULL,NULL,NULL,NULL,NULL,NULL,NULL,'\0',NULL,NULL,'\0',NULL,NULL,NULL,NULL,NULL,309,407,'2017-08-12 10:49:45',4),(5136,'New','Deptula','Jade','Aubrey','2004-10-13','Ifugao','Namibian','Born again','\0','Serita','Mara','Stigler','Drywall Applicator','202-555-0105','202-555-0173','','Lilliana','Orion','Verdile','Professor of Communication and Writing','202-555-0185','202-555-0145','\0',NULL,NULL,NULL,NULL,NULL,NULL,NULL,'\0',NULL,NULL,'\0',NULL,NULL,NULL,NULL,NULL,309,407,'2017-08-12 10:49:45',4),(5137,'Transferee','Amsden','Pattie','Michele','2002-01-26','Lanao del Norte','Uruguayan','Born again','','Lynnette','Tedi','Plummer','Emcee','202-555-0197','202-555-0102','\0','Lourie','Simonette','Deptula','Chiropractor','202-555-0125','202-555-0110','',NULL,NULL,NULL,NULL,NULL,NULL,NULL,'\0',NULL,NULL,'\0',NULL,NULL,NULL,NULL,NULL,310,407,'2017-08-12 10:50:14',4),(5138,'Transferee','Benvenisty','Mariel','Adaline','2004-05-25','Guimaras','Swiss','Muslim','','Mandi','Deborah','Leis','Piano Professor','202-555-0112','202-555-0177','\0','Kanisha','Maegan','Von mehren','Line Haul Driver','202-555-0175','202-555-0100','\0',NULL,NULL,NULL,NULL,NULL,NULL,NULL,'\0',NULL,NULL,'\0',NULL,NULL,NULL,NULL,NULL,310,407,'2017-08-12 10:50:14',4),(5139,'New','Von mehren','Zena','Rogers','2005-04-18','Nueva Ecija','Burundian','Taoism','','Edith','Orion','Glider','Voice-Over Artist','202-555-0175','202-555-0189','\0','Brinda','Jocelyn','Rickles','Piano Professor','202-555-0183','202-555-0187','',NULL,NULL,NULL,NULL,NULL,NULL,NULL,'\0',NULL,NULL,'\0',NULL,NULL,NULL,NULL,NULL,310,407,'2017-08-12 10:50:14',4),(5140,'New','Alldredge','Loyce','Frans','2003-08-12','Eastern Samar','Ethiopian','Taoism','\0','Alecia','Efrem','Von mehren','Strike Warfare/Missile Systems Officer','202-555-0195','202-555-0175','\0','Marissa','Casey','Hiles','Multi-operation Forming Machine Setter','202-555-0195','202-555-0161','\0',NULL,NULL,NULL,NULL,NULL,NULL,NULL,'\0',NULL,NULL,'\0',NULL,NULL,NULL,NULL,NULL,310,407,'2017-08-12 10:50:15',4),(5141,'New','Lackner','Carlton','Barny','2006-10-28','Shariff Kabunsuan','Danish','Protestant','','Janine','Ransell','Clear','Busser','202-555-0139','202-555-0167','','Antionette','Oran','Arreguin','Professor of Communication and Writing','202-555-0199','202-555-0183','\0',NULL,NULL,NULL,NULL,NULL,NULL,NULL,'\0',NULL,NULL,'\0',NULL,NULL,NULL,NULL,NULL,310,407,'2017-08-12 10:50:15',4),(5142,'Transferee','Metropolis','Pearle','Alexio','2005-06-19','Davao del Norte','Cuban','Born again','','Carisa','Michele','Liss','Piano Professor','202-555-0198','202-555-0181','\0','Maude','Pen','Klipp','Piano Professor','202-555-0152','202-555-0181','\0',NULL,NULL,NULL,NULL,NULL,NULL,NULL,'\0',NULL,NULL,'\0',NULL,NULL,NULL,NULL,NULL,310,407,'2017-08-12 10:50:15',4),(5143,'New','Valdez','Stacee','Millie','2006-05-17','La Union','Syrian','Taoism','\0','Ludivina','Townie','Balshaw','Strike Warfare/Missile Systems Officer','202-555-0114','202-555-0184','','Leonore','Tull','Funcke','Piano Professor','202-555-0183','202-555-0175','',NULL,NULL,NULL,NULL,NULL,NULL,NULL,'\0',NULL,NULL,'\0',NULL,NULL,NULL,NULL,NULL,310,407,'2017-08-12 10:50:15',4),(5144,'New','Cepko','Yoshiko','Loydie','2003-02-14','Catanduanes','Malian','Born again','\0','Rikki','Asia','Brewer','Line Haul Driver','202-555-0114','202-555-0137','\0','Maren','Michele','Amsden','Gas Derrick Operator','202-555-0101','202-555-0195','\0',NULL,NULL,NULL,NULL,NULL,NULL,NULL,'\0',NULL,NULL,'\0',NULL,NULL,NULL,NULL,NULL,310,407,'2017-08-12 10:50:16',4),(5145,'New','Udall','Marcellus','Cathie','2006-06-11','Leyte','Latvian','Muslim','','Odette','Morse','Alldredge','Voice-Over Artist','202-555-0179','202-555-0123','\0','Zena','Lindy','Mccarty','Busser','202-555-0175','202-555-0123','',NULL,NULL,NULL,NULL,NULL,NULL,NULL,'\0',NULL,NULL,'\0',NULL,NULL,NULL,NULL,NULL,310,407,'2017-08-12 10:50:16',4),(5146,'Transferee','El-shaarawi','Winford','Morse','2004-06-10','Ifugao','Venezuelan','Catholic','\0','Eve','Melantha','Maddox','Gas Derrick Operator','202-555-0123','202-555-0152','\0','Mandi','Florette','Cepko','Lead Abatement Worker','202-555-0146','202-555-0123','',NULL,NULL,NULL,NULL,NULL,NULL,NULL,'\0',NULL,NULL,'\0',NULL,NULL,NULL,NULL,NULL,310,407,'2017-08-12 10:50:16',4),(5147,'New','Lachenbruch','Marissa','Cthrine','2003-08-18','Kalinga','Zambian','Taoism','\0','Johnsie','Merrielle','Shanley','Professor of Communication and Writing','202-555-0100','202-555-0184','','Rikki','Phyllys','Shanley','Line Haul Driver','202-555-0195','202-555-0184','',NULL,NULL,NULL,NULL,NULL,NULL,NULL,'\0',NULL,NULL,'\0',NULL,NULL,NULL,NULL,NULL,310,407,'2017-08-12 10:50:16',4),(5148,'New','Brewer','Joanie','Derrik','2006-03-19','Northern Samar','Bhutanese','Catholic','\0','Brinda','Sidonia','Giesbrecht','Cardroom Manager','202-555-0186','202-555-0195','','Jade','Crissie','Maddox','Ambulance Driver-Paramedic','202-555-0162','202-555-0112','',NULL,NULL,NULL,NULL,NULL,NULL,NULL,'\0',NULL,NULL,'\0',NULL,NULL,NULL,NULL,NULL,310,407,'2017-08-12 10:50:16',4),(5149,'Transferee','Decierdo','Venetta','Millie','2003-01-19','Surigao del Sur','Vietnamese','Catholic','','Marshall','Kendal','Carty','Lead Abatement Worker','202-555-0197','202-555-0114','\0','Ingrid','Conny','Bertram','Lead Abatement Worker','202-555-0102','202-555-0125','',NULL,NULL,NULL,NULL,NULL,NULL,NULL,'\0',NULL,NULL,'\0',NULL,NULL,NULL,NULL,NULL,310,407,'2017-08-12 10:50:17',4),(5150,'Transferee','Morin','Kanisha','Pen','2003-02-15','Batangas','Nepalese','Muslim','\0','Maudie','Adaline','Valelly','Molasses Preparer','202-555-0145','202-555-0195','\0','Stormy','Simonette','Benvenisty','Custom Wood Stair Builder','202-555-0114','202-555-0195','\0',NULL,NULL,NULL,NULL,NULL,NULL,NULL,'\0',NULL,NULL,'\0',NULL,NULL,NULL,NULL,NULL,310,407,'2017-08-12 10:50:18',4),(5151,'New','Teutsch','Ebonie','Audi','2004-07-21','Dinagat Islands','Iranian','Catholic','\0','Lourie','Brinn','Sedcole','Nursing Service Director','202-555-0123','202-555-0170','\0','Lynnette','Aubrey','Clear','Emcee','202-555-0195','202-555-0148','',NULL,NULL,NULL,NULL,NULL,NULL,NULL,'\0',NULL,NULL,'\0',NULL,NULL,NULL,NULL,NULL,310,407,'2017-08-12 10:50:18',4),(5152,'Transferee','Sassone','Archie','Atlanta','2003-05-15','Zambales','Slovenian','Protestant','','Macy','Adaline','Clear','Molasses Preparer','202-555-0187','202-555-0104','\0','Joanie','Corliss','Glider','Busser','202 - 555 - 0150','202-555-0186','\0',NULL,NULL,NULL,NULL,NULL,NULL,NULL,'\0',NULL,NULL,'\0',NULL,NULL,NULL,NULL,NULL,310,407,'2017-08-12 10:50:18',4),(5153,'New','Flowers','Mariel','Audi','2006-08-12','Kalinga','Peruvian','Muslim','','Venetta','Coralie','Sedcole','Multi-operation Forming Machine Setter','202-555-0105','202-555-0198','','Lezlie','Loydie','Slosser','Licensed Clinical Mental Health Counselor','202-555-0179','202-555-0125','',NULL,NULL,NULL,NULL,NULL,NULL,NULL,'\0',NULL,NULL,'\0',NULL,NULL,NULL,NULL,NULL,310,407,'2017-08-12 10:50:19',4),(5154,'New','Prentice','Alecia','Atlanta','2003-10-12','Shariff Kabunsuan','SaoTomean','Muslim','','Zena','Morey','Stewart','Multi-operation Forming Machine Setter','202-555-0110','202-555-0114','','Stormy','Orion','Clear','Freight Clerk','202-555-0195','202-555-0145','\0',NULL,NULL,NULL,NULL,NULL,NULL,NULL,'\0',NULL,NULL,'\0',NULL,NULL,NULL,NULL,NULL,310,407,'2017-08-12 10:50:19',4),(5155,'New','Amsden','Jesica','Coralie','2002-02-14','Northern Samar','Yemenite','Born again','','Maude','Clem','Kauppi','Gas Derrick Operator','202-555-0104','202-555-0137','','Carisa','Claire','Verdile','Freight Clerk','202-555-0145','202-555-0195','\0',NULL,NULL,NULL,NULL,NULL,NULL,NULL,'\0',NULL,NULL,'\0',NULL,NULL,NULL,NULL,NULL,310,407,'2017-08-12 10:50:19',4),(5156,'Transferee','Brake','Idalia','Mallorie','2005-08-16','Zamboanga Sibugay','Azerbaijani','Catholic','','Mandi','Riccardo','Lord','Statistical Analyst','202-555-0167','202-555-0186','\0','Sibyl','Ransell','Trautman','Lead Abatement Worker','202-555-0101','202-555-0177','',NULL,NULL,NULL,NULL,NULL,NULL,NULL,'\0',NULL,NULL,'\0',NULL,NULL,NULL,NULL,NULL,310,407,'2017-08-12 10:50:19',4),(5157,'New','Brewer','Ezra','Clem','2003-02-11','Samar','SolomonIslander','Muslim','\0','Rona','Aurlie','Bertram','AIDS Counselor','202-555-0186','202-555-0125','','Jeanice','Astra','Lachenbruch','AIDS Counselor','202-555-0163','202-555-0102','\0',NULL,NULL,NULL,NULL,NULL,NULL,NULL,'\0',NULL,NULL,'\0',NULL,NULL,NULL,NULL,NULL,310,407,'2017-08-12 10:50:20',4),(5158,'Transferee','Glider','Moses','Clem','2004-01-24','Camiguin','Libyan','Taoism','','Arica','Townie','Mccarty','Short Story Writer','202-555-0170','202-555-0145','','Eve','Bernardo','Burke','Molasses Preparer','202-555-0177','202-555-0195','\0',NULL,NULL,NULL,NULL,NULL,NULL,NULL,'\0',NULL,NULL,'\0',NULL,NULL,NULL,NULL,NULL,310,407,'2017-08-12 10:50:20',4),(5159,'New','Alldredge','Maude','Griffin','2006-03-26','Davao del Sur','Bahamian','Muslim','','Sibyl','Alexio','Leis','Cardroom Manager','202-555-0184','202-555-0153','\0','Leonore','Tull','Glider','Piano Professor','202-555-0175','202-555-0189','',NULL,NULL,NULL,NULL,NULL,NULL,NULL,'\0',NULL,NULL,'\0',NULL,NULL,NULL,NULL,NULL,310,407,'2017-08-12 10:50:21',4),(5160,'Transferee','Zarate','Ai','Melantha','2003-01-18','Lanao del Norte','Azerbaijani','Born again','','Setsuko','Roderich','Baskey','Voice-Over Artist','202-555-0199','202-555-0179','\0','Celestine','Craggie','Lockhart','Amusement Park Worker','202-555-0179','202-555-0145','\0',NULL,NULL,NULL,NULL,NULL,NULL,NULL,'\0',NULL,NULL,'\0',NULL,NULL,NULL,NULL,NULL,310,407,'2017-08-12 10:50:22',4),(5161,'Transferee','Pesavento','Tamekia','Derrik','2002-02-15','Bataan','Guinea-Bissauan','Born again','','Winford','Harriot','Courval','Licensed Clinical Mental Health Counselor','202-555-0123','202-555-0100','\0','Maude','Yuma','Slosser','Tobacco Buyer','202-555-0199','202-555-0102','',NULL,NULL,NULL,NULL,NULL,NULL,NULL,'\0',NULL,NULL,'\0',NULL,NULL,NULL,NULL,NULL,310,407,'2017-08-12 10:50:22',4),(5162,'New','Valelly','Donte','Lindy','2004-04-21','Quirino','Beninese','Catholic','','Moses','Clem','Teutsch','AIDS Counselor','202-555-0114','202-555-0187','\0','Merissa','Frans','Scanlan','Ambulance Driver-Paramedic','202-555-0145','202-555-0104','',NULL,NULL,NULL,NULL,NULL,NULL,NULL,'\0',NULL,NULL,'\0',NULL,NULL,NULL,NULL,NULL,310,407,'2017-08-12 10:50:23',4),(5163,'Transferee','Prentice','Latashia','Corliss','2005-09-27','Cavite','Emirian','Catholic','','Brinda','Clem','Arreguin','Amusement Park Worker','202-555-0102','202-555-0165','','Moses','Florette','Upsdell','Tobacco Buyer','202-555-0184','202-555-0189','\0',NULL,NULL,NULL,NULL,NULL,NULL,NULL,'\0',NULL,NULL,'\0',NULL,NULL,NULL,NULL,NULL,310,407,'2017-08-12 10:50:23',4),(5164,'Transferee','Venne','Antionette','Latia','2006-02-26','Basilan','Swazi','Muslim','\0','Delcie','Skippie','Maddox','AIDS Counselor','202-555-0185','202-555-0183','','Tonja','Rogers','Alldredge','Molasses Preparer','202-555-0163','202-555-0138','\0',NULL,NULL,NULL,NULL,NULL,NULL,NULL,'\0',NULL,NULL,'\0',NULL,NULL,NULL,NULL,NULL,310,407,'2017-08-12 10:50:23',4),(5165,'New','Carty','Mariel','Indira','2004-01-26','Camiguin','Jordanian','Protestant','','Zena','Deborah','Amsden','Busser','202-555-0114','202-555-0145','\0','Brinda','Cthrine','Amadeo','Line Haul Driver','202-555-0169','202-555-0198','\0',NULL,NULL,NULL,NULL,NULL,NULL,NULL,'\0',NULL,NULL,'\0',NULL,NULL,NULL,NULL,NULL,310,407,'2017-08-12 10:50:24',4),(5166,'Transferee','Kauppi','Apolonia','Scott','2002-02-10','Davao Oriental','Tuvaluan','Taoism','','Lilliana','Mano','Baino','AIDS Counselor','202-555-0123','202-555-0131','\0','Ebonie','Derrik','Bertram','Cardroom Manager','202-555-0100','202-555-0131','',NULL,NULL,NULL,NULL,NULL,NULL,NULL,'\0',NULL,NULL,'\0',NULL,NULL,NULL,NULL,NULL,310,407,'2017-08-12 10:50:25',4),(5167,'Transferee','Liss','Maren','Cecile','2005-10-14','Zamboanga del Sur','Bolivian','Muslim','\0','Jade','Asia','Glider','Statistical Analyst','202-555-0173','202-555-0148','','Pattie','Alexio','Ebeling','Custom Wood Stair Builder','202-555-0139','202-555-0102','',NULL,NULL,NULL,NULL,NULL,NULL,NULL,'\0',NULL,NULL,'\0',NULL,NULL,NULL,NULL,NULL,311,407,'2017-08-12 10:53:51',4),(5168,'New','Benvenisty','Jana','Harriot','2004-01-18','Sorsogon','Bahamian','Catholic','\0','Venetta','Sidonia','Russo','Short Story Writer','202-555-0153','202-555-0146','','Stormy','Morey','Kauppi','Cardroom Manager','202-555-0197','202-555-0139','',NULL,NULL,NULL,NULL,NULL,NULL,NULL,'\0',NULL,NULL,'\0',NULL,NULL,NULL,NULL,NULL,311,407,'2017-08-12 10:53:51',4),(5169,'New','Badulescu','Ruth','Millie','2003-01-12','Cotabato','Nigerian','Born again','','Carisa','Ruddy','Hiles','Professor of Communication and Writing','202-555-0181','202 - 555 - 0150','\0','Elma','Morley','Upsdell','Nursing Service Director','202-555-0181','202-555-0123','\0',NULL,NULL,NULL,NULL,NULL,NULL,NULL,'\0',NULL,NULL,'\0',NULL,NULL,NULL,NULL,NULL,311,407,'2017-08-12 10:53:52',4),(5170,'Transferee','Zarate','Leonore','Charlotta','2005-07-19','Cebu','Mosotho','Muslim','','Teddy','Birgit','Valelly','Short Story Writer','202-555-0139','202-555-0145','','Marissa','Clim','Brake','Amusement Park Worker','202-555-0110','202-555-0101','\0',NULL,NULL,NULL,NULL,NULL,NULL,NULL,'\0',NULL,NULL,'\0',NULL,NULL,NULL,NULL,NULL,311,407,'2017-08-12 10:53:52',4),(5171,'Transferee','Baino','Apolonia','Jocelyn','2006-09-12','Pangasinan','Rwandan','Born again','','Shavon','Melantha','Ebeling','Busser','202-555-0145','202-555-0161','','Vilma','Tull','Alldredge','Strike Warfare/Missile Systems Officer','202-555-0110','202-555-0163','\0',NULL,NULL,NULL,NULL,NULL,NULL,NULL,'\0',NULL,NULL,'\0',NULL,NULL,NULL,NULL,NULL,311,407,'2017-08-12 10:53:52',4),(5172,'New','Brake','Frederick','Merrielle','2002-04-10','Dinagat Islands','Herzegovinian','Taoism','\0','Eve','Millie','Courval','Drywall Applicator','202-555-0195','202-555-0190','','Vilma','Claire','Arreguin','Short Story Writer','202-555-0123','202-555-0190','\0',NULL,NULL,NULL,NULL,NULL,NULL,NULL,'\0',NULL,NULL,'\0',NULL,NULL,NULL,NULL,NULL,311,407,'2017-08-12 10:53:52',4),(5173,'New','Korzennik','Setsuko','Derrik','2006-02-25','Occidental Mindoro','Cuban','Taoism','\0','Maude','Melantha','Upsdell','Strike Warfare/Missile Systems Officer','202-555-0146','202-555-0179','\0','Macy','Maegan','Badulescu','Voice-Over Artist','202-555-0199','202-555-0110','',NULL,NULL,NULL,NULL,NULL,NULL,NULL,'\0',NULL,NULL,'\0',NULL,NULL,NULL,NULL,NULL,311,407,'2017-08-12 10:53:52',4),(5174,'Transferee','Hulbert','Lynnette','Frans','2002-11-18','Romblon','Swedish','Protestant','\0','Rosa','Audi','Amsden','Short Story Writer','202-555-0161','202-555-0170','','Ezra','Adaline','Sedcole','Lead Abatement Worker','202-555-0131','202-555-0179','',NULL,NULL,NULL,NULL,NULL,NULL,NULL,'\0',NULL,NULL,'\0',NULL,NULL,NULL,NULL,NULL,311,407,'2017-08-12 10:53:53',4),(5175,'Transferee','Morin','Myles','Melantha','2006-01-21','Ilocos Sur','Angolan','Protestant','\0','Ludivina','Frans','Lubit','Busser','202-555-0195','202-555-0100','','Ronda','Morey','Dernburg','Chiropractor','202-555-0123','202-555-0123','',NULL,NULL,NULL,NULL,NULL,NULL,NULL,'\0',NULL,NULL,'\0',NULL,NULL,NULL,NULL,NULL,311,407,'2017-08-12 10:53:53',4),(5176,'New','Kauppi','Macy','Tull','2006-11-20','La Union','Afghan','Catholic','','Carlton','Cecile','Venne','Multi-operation Forming Machine Setter','202-555-0110','202-555-0123','','Idalia','Adaline','Stewart','AIDS Counselor','202-555-0137','202-555-0101','\0',NULL,NULL,NULL,NULL,NULL,NULL,NULL,'\0',NULL,NULL,'\0',NULL,NULL,NULL,NULL,NULL,311,407,'2017-08-12 10:53:53',4),(5177,'Transferee','Stilo','Ronda','Alexio','2002-06-23','Mountain Province','Rwandan','Born again','','Alecia','Audi','Kauppi','Line Haul Driver','202-555-0173','202-555-0175','\0','Antionette','Kendal','Russo','Cardroom Manager','202-555-0132','202-555-0167','\0',NULL,NULL,NULL,NULL,NULL,NULL,NULL,'\0',NULL,NULL,'\0',NULL,NULL,NULL,NULL,NULL,311,407,'2017-08-12 10:53:54',4),(5178,'New','Polya','Odette','Thornie','2002-10-23','Siquijor','Armenian','Catholic','\0','Leonore','Astra','Bronicki','Nursing Service Director','202-555-0198','202 - 555 - 0150','\0','Idalia','Casey','Balshaw','AIDS Counselor','202-555-0169','202-555-0163','\0',NULL,NULL,NULL,NULL,NULL,NULL,NULL,'\0',NULL,NULL,'\0',NULL,NULL,NULL,NULL,NULL,311,407,'2017-08-12 10:53:54',4),(5179,'Transferee','Fonseca','Macy','Cathie','2002-07-19','Ilocos Norte','Honduran','Taoism','','Teddy','Roderich','Lachenbruch','Multi-operation Forming Machine Setter','202-555-0123','202-555-0112','','Dorothea','Riccardo','Courval','Piano Professor','202-555-0169','202-555-0109','\0',NULL,NULL,NULL,NULL,NULL,NULL,NULL,'\0',NULL,NULL,'\0',NULL,NULL,NULL,NULL,NULL,311,407,'2017-08-12 10:53:54',4),(5180,'Transferee','Leis','Leonore','Phyllys','2004-05-26','Dinagat Islands','Gambian','Catholic','','Karrie','Deborah','Plummer','Gas Derrick Operator','202-555-0101','202-555-0100','','Patricia','Alexio','Naus','Molasses Preparer','202-555-0105','202-555-0150','',NULL,NULL,NULL,NULL,NULL,NULL,NULL,'\0',NULL,NULL,'\0',NULL,NULL,NULL,NULL,NULL,311,407,'2017-08-12 10:53:54',4),(5181,'New','Polya','Pearle','Maegan','2005-11-11','Pangasinan','I-Kiribati','Born again','','Joana','Tootsie','Hamel','Voice-Over Artist','202-555-0114','202-555-0145','','Zena','Melantha','Polya','Strike Warfare/Missile Systems Officer','202-555-0123','202-555-0170','',NULL,NULL,NULL,NULL,NULL,NULL,NULL,'\0',NULL,NULL,'\0',NULL,NULL,NULL,NULL,NULL,311,407,'2017-08-12 10:53:55',4),(5182,'Transferee','Brake','Idalia','Mara','2002-02-21','Tarlac','Fijian','Taoism','','Ed','Efrem','Burke','Freight Clerk','202-555-0101','202-555-0148','','Sudie','Atlanta','Orfe','Cardroom Manager','202-555-0132','202-555-0195','\0',NULL,NULL,NULL,NULL,NULL,NULL,NULL,'\0',NULL,NULL,'\0',NULL,NULL,NULL,NULL,NULL,311,407,'2017-08-12 10:53:55',4),(5183,'Transferee','Sparda','Ebonie','Mano','2005-01-15','Siquijor','Congolese','Taoism','','Merissa','Darrick','Plummer','Custom Wood Stair Builder','202-555-0189','202-555-0174','','Marcellus','Asia','Wallander','Nursing Service Director','202-555-0179','202-555-0189','',NULL,NULL,NULL,NULL,NULL,NULL,NULL,'\0',NULL,NULL,'\0',NULL,NULL,NULL,NULL,NULL,311,407,'2017-08-12 10:53:55',4),(5184,'Transferee','Ulam','Maudie','Mallorie','2005-02-23','La Union','Moldovan','Taoism','\0','Donte','Harriot','Plummer','Professor of Communication and Writing','202-555-0137','202-555-0137','\0','Karrie','Brinn','Markussen','Custom Wood Stair Builder','202-555-0167','202-555-0100','\0',NULL,NULL,NULL,NULL,NULL,NULL,NULL,'\0',NULL,NULL,'\0',NULL,NULL,NULL,NULL,NULL,311,407,'2017-08-12 10:53:56',4),(5185,'Transferee','Klipp','Kanisha','Atlanta','2004-05-13','Nueva Ecija','Surinamer','Born again','','Soon','Morse','Still','Gas Derrick Operator','202-555-0135','202-555-0183','','Janessa','Bernardo','Schluter','Tobacco Buyer','202-555-0109','202-555-0100','',NULL,NULL,NULL,NULL,NULL,NULL,NULL,'\0',NULL,NULL,'\0',NULL,NULL,NULL,NULL,NULL,311,407,'2017-08-12 10:53:56',4),(5186,'Transferee','Udall','Mariel','Oran','2003-07-18','Compostela Valley','Portuguese','Muslim','','Dorothea','Tootsie','Norato','Voice-Over Artist','202-555-0102','202-555-0185','','Karrie','Mano','Carty','Ambulance Driver-Paramedic','202-555-0181','202-555-0162','',NULL,NULL,NULL,NULL,NULL,NULL,NULL,'\0',NULL,NULL,'\0',NULL,NULL,NULL,NULL,NULL,311,407,'2017-08-12 10:53:56',4),(5187,'Transferee','Decierdo','Kaleigh','Merrielle','2006-06-15','Iloilo','Moroccan','Born again','','Odette','Deborah','Wilkin','Freight Clerk','202-555-0170','202-555-0125','','Winford','Harriot','Gurish','Amusement Park Worker','202-555-0173','202-555-0102','',NULL,NULL,NULL,NULL,NULL,NULL,NULL,'\0',NULL,NULL,'\0',NULL,NULL,NULL,NULL,NULL,311,407,'2017-08-12 10:53:56',4),(5188,'Transferee','Trautman','Donte','Coralie','2002-05-24','Agusan del Sur','Cypriot','Taoism','\0','Janine','Asia','Lackner','Busser','202-555-0162','202-555-0110','\0','Mandi','Melantha','Hamel','Molasses Preparer','202-555-0145','202-555-0100','\0',NULL,NULL,NULL,NULL,NULL,NULL,NULL,'\0',NULL,NULL,'\0',NULL,NULL,NULL,NULL,NULL,311,407,'2017-08-12 10:53:57',4),(5189,'New','Carty','Kaleigh','Charlotta','2003-11-28','Cagayan','Palauan','Taoism','\0','Bridgette','Cathie','Cocuzzo','Professor of Communication and Writing','202-555-0186','202-555-0183','\0','Idalia','Maegan','Fonseca','Chiropractor','202-555-0138','202-555-0135','',NULL,NULL,NULL,NULL,NULL,NULL,NULL,'\0',NULL,NULL,'\0',NULL,NULL,NULL,NULL,NULL,311,407,'2017-08-12 10:53:57',4),(5190,'Transferee','Carty','Setsuko','Latia','2005-05-23','Sultan Kudarat','SriLankan','Muslim','','Jesica','Harvey','Zarate','Gas Derrick Operator','202-555-0145','202-555-0114','\0','Antionette','Rogers','Teutsch','Statistical Analyst','202-555-0179','202-555-0153','\0',NULL,NULL,NULL,NULL,NULL,NULL,NULL,'\0',NULL,NULL,'\0',NULL,NULL,NULL,NULL,NULL,311,407,'2017-08-12 10:53:57',4),(5191,'Transferee','Stewart','Jana','Rogers','2002-03-22','Laguna','Swedish','Catholic','','Melia','Efrem','Lachenbruch','Ambulance Driver-Paramedic','202-555-0174','202-555-0187','\0','Jesica','Tull','Leis','Strike Warfare/Missile Systems Officer','202-555-0114','202-555-0179','',NULL,NULL,NULL,NULL,NULL,NULL,NULL,'\0',NULL,NULL,'\0',NULL,NULL,NULL,NULL,NULL,311,407,'2017-08-12 10:53:57',4),(5192,'New','Teutsch','Shavon','Ruddy','2005-11-12','Quirino','Welsh','Taoism','','Maren','Cthrine','Rickles','Lead Abatement Worker','202-555-0137','202-555-0189','\0','Johnsie','Katerina','Pesavento','Statistical Analyst','202-555-0145','202-555-0153','\0',NULL,NULL,NULL,NULL,NULL,NULL,NULL,'\0',NULL,NULL,'\0',NULL,NULL,NULL,NULL,NULL,311,407,'2017-08-12 10:53:58',4),(5193,'Transferee','Russo','Lillian','Sidonia','2003-02-25','Basilan','Argentinean','Catholic','\0','Maren','Efrem','Courval','Social Psychologist','202-555-0146','202-555-0139','','Lillian','Mara','Still','AIDS Counselor','202-555-0114','202-555-0183','\0',NULL,NULL,NULL,NULL,NULL,NULL,NULL,'\0',NULL,NULL,'\0',NULL,NULL,NULL,NULL,NULL,311,407,'2017-08-12 10:53:58',4),(5194,'Transferee','Glider','Janine','Cathie','2002-11-12','Sarangani','Panamanian','Catholic','','Kanisha','Asia','Wallander','Molasses Preparer','202-555-0131','202-555-0195','','Stacee','Cthrine','Brewer','Lead Abatement Worker','202-555-0150','202-555-0197','\0',NULL,NULL,NULL,NULL,NULL,NULL,NULL,'\0',NULL,NULL,'\0',NULL,NULL,NULL,NULL,NULL,311,407,'2017-08-12 10:53:58',4),(5195,'Transferee','Von mehren','Dorothea','Brinn','2005-07-11','Tarlac','Maldivan','Taoism','\0','Bridgette','Skippie','Wallander','Line Haul Driver','202-555-0184','202-555-0138','','Lezlie','Harvey','Upsdell','Statistical Analyst','202-555-0175','202-555-0131','',NULL,NULL,NULL,NULL,NULL,NULL,NULL,'\0',NULL,NULL,'\0',NULL,NULL,NULL,NULL,NULL,311,407,'2017-08-12 10:53:59',4),(5196,'Transferee','Brake','Carlota','Jocelyn','2002-05-13','Palawan','Mongolian','Taoism','','Macy','Merrielle','Liss','Emcee','202-555-0190','202-555-0146','\0','Lourie','Rogers','Fonseca','Short Story Writer','202-555-0186','202-555-0179','\0',NULL,NULL,NULL,NULL,NULL,NULL,NULL,'\0',NULL,NULL,'\0',NULL,NULL,NULL,NULL,NULL,311,407,'2017-08-12 10:54:00',4),(5197,'Transferee','Fonseca','Ruth','Michele','2012-02-12','Rizal','TrinidadianorTobagonian','Muslim','','Sudie','Burk','Badulescu','Tobacco Buyer','202-555-0189','202-555-0187','','Hae','Derrik','Venne','Molasses Preparer','202-555-0175','202-555-0105','\0',NULL,NULL,NULL,NULL,NULL,NULL,NULL,'\0',NULL,NULL,'\0',NULL,NULL,NULL,NULL,NULL,301,409,'2016-08-12 11:08:59',4),(5198,'New','Thibodeau','Joana','Tedi','2012-02-26','Southern Leyte','Angolan','Muslim','','Kaleigh','Scott','Funcke','Gas Derrick Operator','202-555-0102','202-555-0177','','Kaleigh','Mara','Leis','Busser','202-555-0131','202-555-0145','\0',NULL,NULL,NULL,NULL,NULL,NULL,NULL,'\0',NULL,NULL,'\0',NULL,NULL,NULL,NULL,NULL,301,409,'2016-08-12 11:09:00',4),(5199,'Transferee','Stewart','Janine','Derrik','2012-10-27','Surigao del Norte','Peruvian','Born again','','Apolonia','Roderich','Wilkin','Line Haul Driver','202-555-0145','202-555-0145','\0','Bridgette','Ransell','Kasper','Short Story Writer','202-555-0139','202-555-0145','\0',NULL,NULL,NULL,NULL,NULL,NULL,NULL,'\0',NULL,NULL,'\0',NULL,NULL,NULL,NULL,NULL,301,409,'2016-08-12 11:09:00',4),(5200,'Transferee','Russo','Zena','Sidonia','2012-03-10','Cavite','Dutchman','Catholic','\0','Serita','Barny','Rickles','Chiropractor','202-555-0183','202-555-0125','','Vilma','Mara','Pesavento','Tobacco Buyer','202-555-0186','202-555-0145','\0',NULL,NULL,NULL,NULL,NULL,NULL,NULL,'\0',NULL,NULL,'\0',NULL,NULL,NULL,NULL,NULL,301,409,'2016-08-12 11:09:00',4),(5201,'New','Glider','Sunday','Thornie','2012-02-12','Sarangani','Beninese','Catholic','\0','Ed','Adaline','Polya','Cardroom Manager','202-555-0167','202-555-0195','\0','Sean','Crissie','Still','Tobacco Buyer','202-555-0138','202-555-0179','',NULL,NULL,NULL,NULL,NULL,NULL,NULL,'\0',NULL,NULL,'\0',NULL,NULL,NULL,NULL,NULL,301,409,'2016-08-12 11:09:01',4),(5202,'New','Fuchs','Sean','Alexio','2012-04-21','Bukidnon','Maltese','Taoism','','Antionette','Frans','Clear','Lead Abatement Worker','202-555-0175','202-555-0183','','Vilma','Alexio','Orfe','Multi-operation Forming Machine Setter','202-555-0197','202-555-0139','',NULL,NULL,NULL,NULL,NULL,NULL,NULL,'\0',NULL,NULL,'\0',NULL,NULL,NULL,NULL,NULL,301,409,'2016-08-12 11:09:01',4),(5203,'New','Wallander','Merissa','Ruddy','2012-09-16','Davao del Norte','Estonian','Muslim','','Kanisha','Aubrey','Cepko','Line Haul Driver','202-555-0138','202-555-0110','\0','Jana','Corliss','Lubit','Chiropractor','202-555-0138','202-555-0187','',NULL,NULL,NULL,NULL,NULL,NULL,NULL,'\0',NULL,NULL,'\0',NULL,NULL,NULL,NULL,NULL,301,409,'2016-08-12 11:09:01',4),(5204,'Transferee','Thibodeau','Mandi','Simonette','2012-08-22','Sorsogon','SierraLeonean','Taoism','','Carlota','Mano','Carty','Tobacco Buyer','202-555-0112','202-555-0131','','Macy','Burk','Bilodeau','Piano Professor','202-555-0131','202-555-0189','',NULL,NULL,NULL,NULL,NULL,NULL,NULL,'\0',NULL,NULL,'\0',NULL,NULL,NULL,NULL,NULL,301,409,'2016-08-12 11:09:01',4),(5205,'New','Lord','Sibyl','Conny','2012-10-15','Davao Oriental','Austrian','Born again','','Madeleine','Charlotta','Cocuzzo','Piano Professor','202-555-0163','202-555-0152','\0','Macy','Morse','Carty','Cardroom Manager','202-555-0104','202-555-0123','',NULL,NULL,NULL,NULL,NULL,NULL,NULL,'\0',NULL,NULL,'\0',NULL,NULL,NULL,NULL,NULL,301,409,'2016-08-12 11:09:02',4),(5206,'Transferee','Rickles','Carlota','Cecile','2012-04-25','Davao Oriental','I-Kiribati','Muslim','\0','Apolonia','Harvey','Morin','Drywall Applicator','202-555-0179','202-555-0138','\0','Jesica','Jocelyn','Russo','Amusement Park Worker','202-555-0102','202-555-0135','',NULL,NULL,NULL,NULL,NULL,NULL,NULL,'\0',NULL,NULL,'\0',NULL,NULL,NULL,NULL,NULL,301,409,'2016-08-12 11:09:02',4),(5207,'New','Milioli','Rona','Katerina','2012-10-15','Surigao del Sur','Tuvaluan','Catholic','\0','Sudie','Aubrey','Stewart','Ambulance Driver-Paramedic','202-555-0179','202-555-0100','\0','Michaela','Townie','Teutsch','Short Story Writer','202-555-0179','202-555-0100','\0',NULL,NULL,NULL,NULL,NULL,NULL,NULL,'\0',NULL,NULL,'\0',NULL,NULL,NULL,NULL,NULL,301,409,'2016-08-12 11:09:02',4),(5208,'Transferee','Orfe','Patricia','Jocelyn','2012-04-24','Davao del Norte','Somali','Protestant','\0','Maragret','Audi','Lackner','Chiropractor','202-555-0187','202-555-0183','\0','Donte','Morse','Markussen','Cardroom Manager','202-555-0187','202-555-0175','',NULL,NULL,NULL,NULL,NULL,NULL,NULL,'\0',NULL,NULL,'\0',NULL,NULL,NULL,NULL,NULL,301,409,'2016-08-12 11:09:02',4),(5209,'Transferee','Stewart','Janine','Charlotta','2012-04-16','Bukidnon','SaintLucian','Muslim','','Lila','Aubrey','Balshaw','Social Psychologist','202-555-0179','202-555-0125','','Ebonie','Claire','Trautman','Licensed Clinical Mental Health Counselor','202-555-0146','202-555-0184','',NULL,NULL,NULL,NULL,NULL,NULL,NULL,'\0',NULL,NULL,'\0',NULL,NULL,NULL,NULL,NULL,301,409,'2016-08-12 11:09:02',4),(5210,'Transferee','Naus','Leonore','Astra','2012-11-16','Pangasinan','Kyrgyz','Muslim','','Sunday','Crissie','Markussen','Licensed Clinical Mental Health Counselor','202-555-0175','202-555-0105','\0','Teddy','Brinn','Decierdo','Piano Professor','202-555-0123','202-555-0195','',NULL,NULL,NULL,NULL,NULL,NULL,NULL,'\0',NULL,NULL,'\0',NULL,NULL,NULL,NULL,NULL,301,409,'2016-08-12 11:09:02',4),(5211,'New','Lueders-booth','Jeanice','Phyllys','2012-07-24','Sarangani','Sudanese','Protestant','\0','Janessa','Cathie','Fonseca','Drywall Applicator','202-555-0179','202-555-0177','','Ebonie','Birgit','Cocuzzo','Licensed Clinical Mental Health Counselor','202-555-0174','202-555-0152','\0',NULL,NULL,NULL,NULL,NULL,NULL,NULL,'\0',NULL,NULL,'\0',NULL,NULL,NULL,NULL,NULL,301,409,'2016-08-12 11:09:03',4),(5212,'Transferee','Kasper','Latashia','Frans','2012-02-25','Davao del Sur','Croatian','Protestant','','Soon','Harriot','Signon','Chiropractor','202-555-0173','202-555-0199','','Elsie','Alexio','Brake','Line Haul Driver','202-555-0179','202-555-0197','\0',NULL,NULL,NULL,NULL,NULL,NULL,NULL,'\0',NULL,NULL,'\0',NULL,NULL,NULL,NULL,NULL,301,409,'2016-08-12 11:09:03',4),(5213,'Transferee','Glider','Yoshiko','Rogers','2012-02-28','Negros Occidental','Laotian','Catholic','\0','Joana','Jocelyn','Sassone','Licensed Clinical Mental Health Counselor','202-555-0100','202-555-0169','\0','Pattie','Clem','Wilkin','Lead Abatement Worker','202-555-0125','202-555-0165','\0',NULL,NULL,NULL,NULL,NULL,NULL,NULL,'\0',NULL,NULL,'\0',NULL,NULL,NULL,NULL,NULL,301,409,'2016-08-12 11:09:03',4),(5214,'New','Venne','Marissa','Mara','2012-05-26','Mountain Province','Filipino','Protestant','\0','Jeanice','Atlanta','Sedcole','Short Story Writer','202-555-0114','202-555-0145','','Jesica','Darrick','Thibodeau','Busser','202-555-0145','202-555-0184','\0',NULL,NULL,NULL,NULL,NULL,NULL,NULL,'\0',NULL,NULL,'\0',NULL,NULL,NULL,NULL,NULL,301,409,'2016-08-12 11:09:03',4),(5215,'New','Kauppi','Yoshiko','Pen','2012-04-17','Dinagat Islands','SouthAfrican','Born again','\0','Carlton','Griffin','Thibodeau','Ambulance Driver-Paramedic','202-555-0114','202-555-0150','\0','Zena','Rogers','Verdile','Licensed Clinical Mental Health Counselor','202-555-0123','202-555-0190','',NULL,NULL,NULL,NULL,NULL,NULL,NULL,'\0',NULL,NULL,'\0',NULL,NULL,NULL,NULL,NULL,301,409,'2016-08-12 11:09:04',4),(5216,'Transferee','Milioli','Meghan','Loydie','2012-02-16','Marinduque','Guatemalan','Protestant','\0','Joana','Morey','Udall','Multi-operation Forming Machine Setter','202-555-0174','202-555-0109','\0','Lourie','Ransell','Lackner','Lead Abatement Worker','202-555-0110','202-555-0132','',NULL,NULL,NULL,NULL,NULL,NULL,NULL,'\0',NULL,NULL,'\0',NULL,NULL,NULL,NULL,NULL,301,409,'2016-08-12 11:09:04',4),(5217,'Transferee','Stewart','Margorie','Oran','2012-08-13','Tawi-Tawi','Afghan','Muslim','\0','Mariel','Asia','Lubit','Short Story Writer','202-555-0199','202-555-0199','','Maren','Mara','Bronicki','Professor of Communication and Writing','202-555-0186','202-555-0145','',NULL,NULL,NULL,NULL,NULL,NULL,NULL,'\0',NULL,NULL,'\0',NULL,NULL,NULL,NULL,NULL,301,409,'2016-08-12 11:09:04',4),(5218,'New','Leis','Elma','Deborah','2012-01-24','Batangas','SaoTomean','Catholic','','Teddy','Latia','Gurish','Social Psychologist','202-555-0181','202-555-0170','','Joana','Asia','Kauppi','Strike Warfare/Missile Systems Officer','202-555-0152','202-555-0167','',NULL,NULL,NULL,NULL,NULL,NULL,NULL,'\0',NULL,NULL,'\0',NULL,NULL,NULL,NULL,NULL,301,409,'2016-08-12 11:09:05',4),(5219,'Transferee','Flowers','Shauna','Harriot','2012-01-15','Eastern Samar','French','Catholic','','Johnsie','Astra','Cady','Cardroom Manager','202-555-0183','202-555-0190','\0','Kanisha','Aubrey','Cady','Drywall Applicator','202-555-0109','202-555-0138','\0',NULL,NULL,NULL,NULL,NULL,NULL,NULL,'\0',NULL,NULL,'\0',NULL,NULL,NULL,NULL,NULL,301,409,'2016-08-12 11:09:05',4),(5220,'New','Plummer','Celestine','Deborah','2012-05-22','Occidental Mindoro','Swazi','Muslim','','Maren','Yuma','Kauppi','Tobacco Buyer','202-555-0132','202-555-0186','\0','Pearle','Melantha','Amadeo','Ambulance Driver-Paramedic','202-555-0163','202-555-0101','',NULL,NULL,NULL,NULL,NULL,NULL,NULL,'\0',NULL,NULL,'\0',NULL,NULL,NULL,NULL,NULL,301,409,'2016-08-12 11:09:05',4),(5221,'New','Kasper','Janessa','Oran','2012-11-11','Antique','Belgian','Taoism','\0','Celestine','Deborah','Yaqub','Multi-operation Forming Machine Setter','202-555-0138','202-555-0132','\0','Sudie','Cecile','Valdez','Short Story Writer','202-555-0181','202-555-0145','',NULL,NULL,NULL,NULL,NULL,NULL,NULL,'\0',NULL,NULL,'\0',NULL,NULL,NULL,NULL,NULL,301,409,'2016-08-12 11:09:05',4),(5222,'New','Cocuzzo','Jesica','Rogers','2012-07-12','Albay','Dutchman','Taoism','','Carisa','Bernardo','Clear','Piano Professor','202-555-0100','202-555-0199','','Winford','Townie','Signon','AIDS Counselor','202-555-0145','202-555-0114','\0',NULL,NULL,NULL,NULL,NULL,NULL,NULL,'\0',NULL,NULL,'\0',NULL,NULL,NULL,NULL,NULL,301,409,'2016-08-12 11:09:06',4),(5223,'Transferee','Sedcole','Lezlie','Jessie','2012-05-21','Davao del Norte','Kazakhstani','Protestant','','Pattie','Morley','Amsden','Short Story Writer','202-555-0184','202-555-0100','','Yoshiko','Birgit','Zarate','Chiropractor','202-555-0186','202-555-0116','',NULL,NULL,NULL,NULL,NULL,NULL,NULL,'\0',NULL,NULL,'\0',NULL,NULL,NULL,NULL,NULL,301,409,'2016-08-12 11:09:06',4),(5224,'New','Burke','Marissa','Atlanta','2012-05-17','Pangasinan','Hungarian','Protestant','','Johnsie','Maegan','Milioli','Amusement Park Worker','202-555-0175','202-555-0185','\0','Elmo','Katerina','Valelly','Freight Clerk','202-555-0169','202-555-0179','',NULL,NULL,NULL,NULL,NULL,NULL,NULL,'\0',NULL,NULL,'\0',NULL,NULL,NULL,NULL,NULL,301,409,'2016-08-12 11:09:07',4),(5225,'New','Leis','Mandi','Millie','2012-01-23','Antique','Venezuelan','Catholic','\0','Celestine','Charlotta','Ulam','Social Psychologist','202-555-0185','202-555-0184','\0','Rona','Roderich','Klipp','Emcee','202-555-0198','202-555-0186','',NULL,NULL,NULL,NULL,NULL,NULL,NULL,'\0',NULL,NULL,'\0',NULL,NULL,NULL,NULL,NULL,301,409,'2016-08-12 11:09:07',4),(5226,'Transferee','Markussen','Margorie','Loydie','2012-06-17','Bukidnon','Cameroonian','Born again','\0','Mandi','Brinn','Baskey','Molasses Preparer','202-555-0110','202-555-0179','\0','Yoshiko','Oran','Roussinos','Emcee','202-555-0195','202-555-0195','',NULL,NULL,NULL,NULL,NULL,NULL,NULL,'\0',NULL,NULL,'\0',NULL,NULL,NULL,NULL,NULL,301,409,'2016-08-12 11:09:07',4),(5227,'Transferee','Rickles','Hae','Frans','2007-02-13','Cavite','Congolese','Catholic','\0','Sunday','Alexio','Kasper','Molasses Preparer','202-555-0195','202-555-0190','\0','Madeleine','Ransell','Teutsch','Amusement Park Worker','202-555-0152','202-555-0145','\0',NULL,NULL,NULL,NULL,NULL,NULL,NULL,'\0',NULL,NULL,'\0',NULL,NULL,NULL,NULL,NULL,302,409,'2016-08-12 11:09:41',4),(5228,'New','Korzennik','Leonore','Claire','2008-10-28','Agusan del Norte','Zimbabwean','Protestant','','Lilliana','Aurlie','Venne','AIDS Counselor','202-555-0116','202-555-0189','\0','Elsie','Griffin','Bilodeau','AIDS Counselor','202-555-0184','202-555-0195','',NULL,NULL,NULL,NULL,NULL,NULL,NULL,'\0',NULL,NULL,'\0',NULL,NULL,NULL,NULL,NULL,302,409,'2016-08-12 11:09:41',4),(5229,'Transferee','Bertram','Jade','Riccardo','2007-06-11','Apayao','Macedonian','Born again','\0','Ezra','Alexio','Hulbert','Emcee','202-555-0198','202-555-0195','\0','Macy','Efrem','Gurish','Voice-Over Artist','202-555-0138','202-555-0185','',NULL,NULL,NULL,NULL,NULL,NULL,NULL,'\0',NULL,NULL,'\0',NULL,NULL,NULL,NULL,NULL,302,409,'2016-08-12 11:09:42',4),(5230,'New','Clear','Rona','Morey','2010-05-23','Benguet','Italian','Muslim','\0','Elma','Charlotta','Morin','Piano Professor','202-555-0190','202-555-0123','','Latashia','Burk','Decierdo','Chiropractor','202-555-0197','202-555-0175','\0',NULL,NULL,NULL,NULL,NULL,NULL,NULL,'\0',NULL,NULL,'\0',NULL,NULL,NULL,NULL,NULL,302,409,'2016-08-12 11:09:42',4),(5231,'Transferee','Stewart','Elmo','Maegan','2006-02-11','Cotabato','Irish','Protestant','\0','Yoshiko','Harvey','Funcke','Strike Warfare/Missile Systems Officer','202-555-0174','202-555-0135','','Pearle','Merrielle','Kauppi','Piano Professor','202-555-0179','202-555-0102','',NULL,NULL,NULL,NULL,NULL,NULL,NULL,'\0',NULL,NULL,'\0',NULL,NULL,NULL,NULL,NULL,302,409,'2016-08-12 11:09:42',4),(5232,'Transferee','Brewer','Madeleine','Thornie','2007-10-21','Palawan','Dominican','Born again','','Elmo','Morley','Bertram','Statistical Analyst','202-555-0179','202-555-0195','\0','Stormy','Deborah','Milioli','Freight Clerk','202-555-0150','202-555-0165','\0',NULL,NULL,NULL,NULL,NULL,NULL,NULL,'\0',NULL,NULL,'\0',NULL,NULL,NULL,NULL,NULL,302,409,'2016-08-12 11:09:42',4),(5233,'New','Tanenbaum','Yoshiko','Ransell','2007-06-17','Albay','Romanian','Born again','\0','Celestine','Orion','Signon','Statistical Analyst','202-555-0167','202-555-0183','','Loyce','Efrem','Amadeo','Cardroom Manager','202-555-0139','202-555-0152','\0',NULL,NULL,NULL,NULL,NULL,NULL,NULL,'\0',NULL,NULL,'\0',NULL,NULL,NULL,NULL,NULL,302,409,'2016-08-12 11:09:43',4),(5234,'Transferee','Roussinos','Frederick','Oran','2009-05-25','Zamboanga del Sur','Palauan','Muslim','\0','Teddy','Harriot','Stigler','Cardroom Manager','202-555-0173','202-555-0174','\0','Myles','Melantha','Rickles','Freight Clerk','202-555-0135','202-555-0138','',NULL,NULL,NULL,NULL,NULL,NULL,NULL,'\0',NULL,NULL,'\0',NULL,NULL,NULL,NULL,NULL,302,409,'2016-08-12 11:09:43',4),(5235,'Transferee','Burke','Eve','Jessie','2010-03-16','Batanes','SierraLeonean','Muslim','','Dorothea','Clem','Kasper','Nursing Service Director','202-555-0185','202-555-0125','\0','Tonja','Mano','Glider','Piano Professor','202-555-0123','202-555-0161','\0',NULL,NULL,NULL,NULL,NULL,NULL,NULL,'\0',NULL,NULL,'\0',NULL,NULL,NULL,NULL,NULL,302,409,'2016-08-12 11:09:43',4),(5236,'New','Naus','Loyce','Lindy','2010-05-20','Apayao','KittianandNevisian','Muslim','\0','Elsie','Efrem','Mcnicol','Social Psychologist','202-555-0179','202-555-0153','','Tonja','Florette','Slosser','Tobacco Buyer','202-555-0189','202-555-0139','\0',NULL,NULL,NULL,NULL,NULL,NULL,NULL,'\0',NULL,NULL,'\0',NULL,NULL,NULL,NULL,NULL,302,409,'2016-08-12 11:09:43',4),(5237,'Transferee','Markussen','Yoshiko','Aubrey','2011-11-17','La Union','Herzegovinian','Taoism','','Jesica','Casey','Tanenbaum','Emcee','202-555-0167','202-555-0114','','Donte','Mallorie','Yaqub','Nursing Service Director','202-555-0189','202-555-0186','\0',NULL,NULL,NULL,NULL,NULL,NULL,NULL,'\0',NULL,NULL,'\0',NULL,NULL,NULL,NULL,NULL,302,409,'2016-08-12 11:09:43',4),(5238,'New','Glider','Odette','Michele','2010-08-13','Cagayan','Jordanian','Born again','\0','Shavon','Thornie','Upsdell','Emcee','202-555-0123','202-555-0199','','Odette','Harvey','Stilo','Line Haul Driver','202-555-0179','202-555-0169','\0',NULL,NULL,NULL,NULL,NULL,NULL,NULL,'\0',NULL,NULL,'\0',NULL,NULL,NULL,NULL,NULL,302,409,'2016-08-12 11:09:43',4),(5239,'New','Slosser','Elmo','Aurlie','2011-03-14','Leyte','Cameroonian','Taoism','\0','Jeanice','Merrielle','Benvenisty','Emcee','202-555-0102','202-555-0105','','Hae','Latia','Mccarty','Tobacco Buyer','202-555-0104','202-555-0150','',NULL,NULL,NULL,NULL,NULL,NULL,NULL,'\0',NULL,NULL,'\0',NULL,NULL,NULL,NULL,NULL,302,409,'2016-08-12 11:09:44',4),(5240,'New','Ebeling','Arica','Cecile','2008-06-25','Laguna','Israeli','Protestant','','Elena','Conny','Bertram','Busser','202-555-0125','202-555-0189','','Shavon','Thornie','Kasper','Social Psychologist','202-555-0177','202-555-0114','\0',NULL,NULL,NULL,NULL,NULL,NULL,NULL,'\0',NULL,NULL,'\0',NULL,NULL,NULL,NULL,NULL,302,409,'2016-08-12 11:09:45',4),(5241,'New','Valelly','Zena','Loydie','2009-05-12','Northern Samar','SaoTomean','Protestant','','Delcie','Birgit','Klipp','Lead Abatement Worker','202-555-0189','202-555-0150','\0','Lourie','Griffin','Shanley','Busser','202-555-0102','202-555-0169','',NULL,NULL,NULL,NULL,NULL,NULL,NULL,'\0',NULL,NULL,'\0',NULL,NULL,NULL,NULL,NULL,302,409,'2016-08-12 11:09:45',4),(5242,'New','Ulam','Karrie','Tootsie','2011-11-25','Zambales','Jordanian','Taoism','\0','Macy','Phyllys','Glider','Strike Warfare/Missile Systems Officer','202-555-0177','202-555-0102','\0','Lezlie','Ruddy','El-shaarawi','Short Story Writer','202 - 555 - 0150','202-555-0189','\0',NULL,NULL,NULL,NULL,NULL,NULL,NULL,'\0',NULL,NULL,'\0',NULL,NULL,NULL,NULL,NULL,302,409,'2016-08-12 11:09:45',4),(5243,'Transferee','Baskey','Jesica','Astra','2009-03-13','Nueva Vizcaya','Ukrainian','Catholic','\0','Brinda','Bernardo','Kasper','Piano Professor','202-555-0125','202-555-0190','\0','Karrie','Morse','Wilkin','Short Story Writer','202-555-0167','202-555-0181','\0',NULL,NULL,NULL,NULL,NULL,NULL,NULL,'\0',NULL,NULL,'\0',NULL,NULL,NULL,NULL,NULL,302,409,'2016-08-12 11:09:45',4),(5244,'Transferee','Plummer','Melia','Tootsie','2011-03-11','Sarangani','Samoan','Catholic','\0','Jana','Marchall','Marston','Piano Professor','202-555-0181','202-555-0199','','Johnsie','Jessie','Maddox','Statistical Analyst','202-555-0105','202-555-0190','\0',NULL,NULL,NULL,NULL,NULL,NULL,NULL,'\0',NULL,NULL,'\0',NULL,NULL,NULL,NULL,NULL,302,409,'2016-08-12 11:09:45',4),(5245,'New','Fuchs','Stormy','Asia','2007-07-23','Pangasinan','Tunisian','Muslim','','Soon','Oran','Slosser','Multi-operation Forming Machine Setter','202-555-0177','202-555-0198','\0','Macy','Ransell','Lueders-booth','Drywall Applicator','202-555-0153','202-555-0186','',NULL,NULL,NULL,NULL,NULL,NULL,NULL,'\0',NULL,NULL,'\0',NULL,NULL,NULL,NULL,NULL,302,409,'2016-08-12 11:09:46',4),(5246,'New','Scanlan','Setsuko','Quinton','2010-04-25','Apayao','Paraguayan','Taoism','\0','Lilliana','Phyllys','Lamarche','Lead Abatement Worker','202-555-0190','202-555-0110','\0','Leonore','Corliss','Ulam','Busser','202-555-0174','202-555-0105','\0',NULL,NULL,NULL,NULL,NULL,NULL,NULL,'\0',NULL,NULL,'\0',NULL,NULL,NULL,NULL,NULL,302,409,'2016-08-12 11:09:46',4),(5247,'Transferee','Stilo','Dorothea','Cthrine','2008-07-12','Biliran','Salvadoran','Protestant','\0','Maren','Jessie','Korzennik','Social Psychologist','202-555-0184','202-555-0125','','Michaela','Frans','Persky','Gas Derrick Operator','202-555-0146','202-555-0197','',NULL,NULL,NULL,NULL,NULL,NULL,NULL,'\0',NULL,NULL,'\0',NULL,NULL,NULL,NULL,NULL,302,409,'2016-08-12 11:09:46',4),(5248,'Transferee','Lueders-booth','Lila','Cecile','2011-10-16','Metro Manila','Luxembourger','Born again','\0','Melia','Cathie','Balshaw','Chiropractor','202-555-0186','202-555-0173','','Maren','Griffin','Naus','Chiropractor','202-555-0123','202-555-0116','\0',NULL,NULL,NULL,NULL,NULL,NULL,NULL,'\0',NULL,NULL,'\0',NULL,NULL,NULL,NULL,NULL,302,409,'2016-08-12 11:09:47',4),(5249,'New','Scanlan','Sudie','Thornie','2009-04-14','Misamis Occidental','Somali','Born again','\0','Lillian','Conny','Wallander','Multi-operation Forming Machine Setter','202-555-0114','202-555-0145','','Mariel','Millie','Sedcole','Drywall Applicator','202-555-0145','202-555-0186','\0',NULL,NULL,NULL,NULL,NULL,NULL,NULL,'\0',NULL,NULL,'\0',NULL,NULL,NULL,NULL,NULL,302,409,'2016-08-12 11:09:47',4),(5250,'New','Wallander','Sibyl','Asia','2010-01-11','Benguet','Liechtensteiner','Protestant','\0','Rosa','Adaline','Stigler','Busser','202-555-0109','202-555-0146','\0','Celestine','Melantha','Persky','Drywall Applicator','202-555-0139','202-555-0125','\0',NULL,NULL,NULL,NULL,NULL,NULL,NULL,'\0',NULL,NULL,'\0',NULL,NULL,NULL,NULL,NULL,302,409,'2016-08-12 11:09:48',4),(5251,'New','Yaqub','Loyce','Morey','2008-03-20','Camarines Norte','Italian','Catholic','','Patricia','Mallorie','Carty','Voice-Over Artist','202-555-0189','202-555-0167','','Jeanice','Craggie','Maddox','Busser','202-555-0181','202-555-0165','\0',NULL,NULL,NULL,NULL,NULL,NULL,NULL,'\0',NULL,NULL,'\0',NULL,NULL,NULL,NULL,NULL,302,409,'2016-08-12 11:09:48',4),(5252,'New','Roussinos','Pearle','Alexio','2009-10-23','Bataan','Cambodian','Catholic','','Apolonia','Darrick','Von mehren','Lead Abatement Worker','202-555-0175','202-555-0114','\0','Ezra','Simonette','Polya','Drywall Applicator','202 - 555 - 0150','202-555-0114','\0',NULL,NULL,NULL,NULL,NULL,NULL,NULL,'\0',NULL,NULL,'\0',NULL,NULL,NULL,NULL,NULL,302,409,'2016-08-12 11:09:48',4),(5253,'New','Sassone','Ai','Atlanta','2010-07-19','Aklan','Uzbekistani','Catholic','\0','Yoshiko','Katerina','Scanlan','Custom Wood Stair Builder','202-555-0153','202-555-0105','\0','Carisa','Harriot','Orfe','Multi-operation Forming Machine Setter','202-555-0153','202-555-0195','',NULL,NULL,NULL,NULL,NULL,NULL,NULL,'\0',NULL,NULL,'\0',NULL,NULL,NULL,NULL,NULL,302,409,'2016-08-12 11:09:49',4),(5254,'Transferee','El-shaarawi','Stormy','Loydie','2011-06-17','Catanduanes','Syrian','Muslim','\0','Shauna','Riccardo','Dernburg','Piano Professor','202-555-0104','202-555-0135','\0','Sudie','Derrik','Lamarche','Short Story Writer','202-555-0112','202-555-0173','\0',NULL,NULL,NULL,NULL,NULL,NULL,NULL,'\0',NULL,NULL,'\0',NULL,NULL,NULL,NULL,NULL,302,409,'2016-08-12 11:09:49',4),(5255,'Transferee','Ulam','Madeleine','Ransell','2006-05-25','Quirino','Congolese','Taoism','','Frederick','Craggie','Alldredge','Piano Professor','202-555-0132','202-555-0198','\0','Ed','Maegan','Zarate','Statistical Analyst','202-555-0163','202-555-0139','',NULL,NULL,NULL,NULL,NULL,NULL,NULL,'\0',NULL,NULL,'\0',NULL,NULL,NULL,NULL,NULL,302,409,'2016-08-12 11:09:49',4),(5256,'Transferee','Polya','Frederick','Birgit','2010-06-12','Mountain Province','Welsh','Muslim','\0','Karrie','Ruddy','Sparda','Multi-operation Forming Machine Setter','202-555-0123','202-555-0137','\0','Madeleine','Marchall','Wilkin','Multi-operation Forming Machine Setter','202-555-0102','202-555-0102','',NULL,NULL,NULL,NULL,NULL,NULL,NULL,'\0',NULL,NULL,'\0',NULL,NULL,NULL,NULL,NULL,302,409,'2016-08-12 11:09:50',4),(5257,'New','Zarate','Rikki','Cathie','2009-03-24','Quirino','I-Kiribati','Muslim','\0','Alecia','Millie','Fuchs','Strike Warfare/Missile Systems Officer','202-555-0197','202-555-0105','\0','Lila','Oran','Klipp','Lead Abatement Worker','202-555-0102','202-555-0114','\0',NULL,NULL,NULL,NULL,NULL,NULL,NULL,'\0',NULL,NULL,'\0',NULL,NULL,NULL,NULL,NULL,303,409,'2016-08-12 11:10:26',3),(5258,'New','Roussinos','Latashia','Ruddy','2006-11-19','Zamboanga del Sur','Lebanese','Catholic','','Janessa','Indira','Cocuzzo','Gas Derrick Operator','202-555-0187','202-555-0186','','Setsuko','Quinton','Burke','Multi-operation Forming Machine Setter','202-555-0148','202-555-0101','\0',NULL,NULL,NULL,NULL,NULL,NULL,NULL,'\0',NULL,NULL,'\0',NULL,NULL,NULL,NULL,NULL,303,409,'2016-08-12 11:10:26',3),(5259,'New','Ebeling','Brinda','Yuma','2006-08-21','Bataan','Marshallese','Muslim','','Lynnette','Rogers','Balshaw','Cardroom Manager','202-555-0109','202-555-0150','','Erwin','Harvey','Von mehren','Molasses Preparer','202-555-0123','202-555-0123','\0',NULL,NULL,NULL,NULL,NULL,NULL,NULL,'\0',NULL,NULL,'\0',NULL,NULL,NULL,NULL,NULL,303,409,'2016-08-12 11:10:26',3),(5260,'Transferee','Roussinos','Brinda','Atlanta','2011-09-18','Laguna','Grenadian','Muslim','\0','Setsuko','Quinton','Balshaw','Gas Derrick Operator','202-555-0114','202-555-0123','','Elsie','Charlotta','Fonseca','Social Psychologist','202-555-0169','202-555-0132','',NULL,NULL,NULL,NULL,NULL,NULL,NULL,'\0',NULL,NULL,'\0',NULL,NULL,NULL,NULL,NULL,303,409,'2016-08-12 11:10:27',3),(5261,'New','Maddox','Yoshiko','Jocelyn','2007-06-10','Surigao del Norte','Bangladeshi','Muslim','\0','Delcie','Casey','Trautman','Line Haul Driver','202-555-0148','202-555-0116','','Archie','Bernardo','Clear','Lead Abatement Worker','202-555-0175','202-555-0145','\0',NULL,NULL,NULL,NULL,NULL,NULL,NULL,'\0',NULL,NULL,'\0',NULL,NULL,NULL,NULL,NULL,303,409,'2016-08-12 11:10:27',3),(5262,'New','Lueders-booth','Leonel','Cthrine','2008-11-16','Camiguin','Portuguese','Taoism','','Frederick','Florette','Baskey','Custom Wood Stair Builder','202-555-0183','202-555-0189','\0','Pearle','Burk','Still','Voice-Over Artist','202-555-0105','202-555-0145','',NULL,NULL,NULL,NULL,NULL,NULL,NULL,'\0',NULL,NULL,'\0',NULL,NULL,NULL,NULL,NULL,303,409,'2016-08-12 11:10:27',3),(5263,'New','Scanlan','Lillian','Roderich','2006-02-23','Guimaras','Mexican','Muslim','\0','Jeanice','Griffin','Decierdo','Freight Clerk','202-555-0102','202-555-0131','\0','Madeleine','Clim','Glider','Chiropractor','202-555-0145','202-555-0170','\0',NULL,NULL,NULL,NULL,NULL,NULL,NULL,'\0',NULL,NULL,'\0',NULL,NULL,NULL,NULL,NULL,303,409,'2016-08-12 11:10:27',3),(5264,'Transferee','Glider','Dorothea','Bernardo','2008-06-20','Romblon','NorthernIrish','Born again','','Pattie','Jessie','Leis','Multi-operation Forming Machine Setter','202-555-0179','202-555-0183','','Lilliana','Maegan','Stigler','Short Story Writer','202-555-0105','202-555-0189','\0',NULL,NULL,NULL,NULL,NULL,NULL,NULL,'\0',NULL,NULL,'\0',NULL,NULL,NULL,NULL,NULL,303,409,'2016-08-12 11:10:28',3),(5265,'Transferee','Fuchs','Meghan','Birgit','2006-05-20','Camiguin','Mosotho','Catholic','','Ai','Jocelyn','Glider','Freight Clerk','202-555-0125','202-555-0123','','Lezlie','Marchall','Lueders-booth','Gas Derrick Operator','202-555-0173','202-555-0165','',NULL,NULL,NULL,NULL,NULL,NULL,NULL,'\0',NULL,NULL,'\0',NULL,NULL,NULL,NULL,NULL,303,409,'2016-08-12 11:10:28',3),(5266,'New','Hulbert','Idalia','Mara','2007-03-27','Lanao del Sur','Burkinabe','Protestant','','Mandi','Merrielle','Polya','Gas Derrick Operator','202-555-0175','202-555-0190','','Sean','Roderich','Rickles','Ambulance Driver-Paramedic','202-555-0145','202-555-0112','\0',NULL,NULL,NULL,NULL,NULL,NULL,NULL,'\0',NULL,NULL,'\0',NULL,NULL,NULL,NULL,NULL,303,409,'2016-08-12 11:10:28',3),(5267,'New','Klipp','Teddy','Katerina','2006-08-11','Sulu','Polish','Protestant','','Dorothea','Yuma','Hulbert','AIDS Counselor','202-555-0179','202-555-0145','\0','Johnsie','Oran','Maddox','Busser','202-555-0183','202-555-0131','\0',NULL,NULL,NULL,NULL,NULL,NULL,NULL,'\0',NULL,NULL,'\0',NULL,NULL,NULL,NULL,NULL,303,409,'2016-08-12 11:10:28',3),(5268,'Transferee','Korzennik','Odette','Harvey','2010-08-21','Laguna','Mongolian','Born again','','Venetta','Clem','Funcke','Professor of Communication and Writing','202-555-0145','202-555-0131','\0','Sibyl','Cathie','Fonseca','Professor of Communication and Writing','202-555-0125','202-555-0173','\0',NULL,NULL,NULL,NULL,NULL,NULL,NULL,'\0',NULL,NULL,'\0',NULL,NULL,NULL,NULL,NULL,303,409,'2016-08-12 11:10:29',3),(5269,'New','Burke','Ruth','Claire','2006-11-14','Marinduque','Bulgarian','Born again','','Elena','Casey','Valdez','Chiropractor','202-555-0145','202-555-0195','','Elena','Orion','El-shaarawi','Nursing Service Director','202-555-0145','202-555-0146','\0',NULL,NULL,NULL,NULL,NULL,NULL,NULL,'\0',NULL,NULL,'\0',NULL,NULL,NULL,NULL,NULL,303,409,'2016-08-12 11:10:29',3),(5270,'New','Metropolis','Lezlie','Morley','2008-06-24','Zamboanga Sibugay','Iranian','Catholic','','Bridgette','Morley','Orfe','Line Haul Driver','202-555-0169','202-555-0175','\0','Kanisha','Cathie','Courval','Social Psychologist','202-555-0145','202-555-0125','',NULL,NULL,NULL,NULL,NULL,NULL,NULL,'\0',NULL,NULL,'\0',NULL,NULL,NULL,NULL,NULL,303,409,'2016-08-12 11:10:29',3),(5271,'New','Lubit','Lezlie','Cecile','2011-02-10','Camiguin','NewZealander','Catholic','\0','Maude','Tull','Valdez','Licensed Clinical Mental Health Counselor','202-555-0190','202-555-0170','','Elena','Tootsie','Hiles','Short Story Writer','202-555-0197','202-555-0102','\0',NULL,NULL,NULL,NULL,NULL,NULL,NULL,'\0',NULL,NULL,'\0',NULL,NULL,NULL,NULL,NULL,303,409,'2016-08-12 11:10:30',3),(5272,'Transferee','Mcnicol','Celestine','Ruddy','2009-07-21','Camarines Norte','Cypriot','Taoism','','Madeleine','Merrielle','Schluter','Tobacco Buyer','202-555-0148','202-555-0185','\0','Meghan','Alexio','Kasper','Strike Warfare/Missile Systems Officer','202-555-0112','202-555-0131','',NULL,NULL,NULL,NULL,NULL,NULL,NULL,'\0',NULL,NULL,'\0',NULL,NULL,NULL,NULL,NULL,303,409,'2016-08-12 11:10:30',3),(5273,'New','Schluter','Bridgette','Michele','2007-09-18','Apayao','Singaporean','Muslim','\0','Joana','Tootsie','Sassone','Nursing Service Director','202-555-0175','202-555-0109','\0','Ezra','Claire','Benvenisty','Professor of Communication and Writing','202-555-0101','202-555-0195','',NULL,NULL,NULL,NULL,NULL,NULL,NULL,'\0',NULL,NULL,'\0',NULL,NULL,NULL,NULL,NULL,303,409,'2016-08-12 11:10:31',3),(5274,'New','Rickles','Loyce','Pen','2010-08-18','Cotabato','Belgian','Catholic','','Kanisha','Adaline','Fuchs','Gas Derrick Operator','202-555-0175','202-555-0199','','Rona','Deborah','Sedcole','Social Psychologist','202-555-0199','202-555-0174','',NULL,NULL,NULL,NULL,NULL,NULL,NULL,'\0',NULL,NULL,'\0',NULL,NULL,NULL,NULL,NULL,303,409,'2016-08-12 11:10:31',3),(5275,'New','Zarate','Johnsie','Atlanta','2006-01-13','Surigao del Sur','Nauruan','Catholic','\0','Elmo','Kendal','Fonseca','AIDS Counselor','202-555-0145','202-555-0165','\0','Leonel','Melantha','Fuchs','Tobacco Buyer','202-555-0131','202-555-0125','',NULL,NULL,NULL,NULL,NULL,NULL,NULL,'\0',NULL,NULL,'\0',NULL,NULL,NULL,NULL,NULL,303,409,'2016-08-12 11:10:31',3),(5276,'New','Udall','Tonja','Loydie','2011-11-26','Camarines Norte','Irish','Catholic','\0','Ed','Brinn','Orfe','Ambulance Driver-Paramedic','202-555-0105','202-555-0170','\0','Venetta','Atlanta','Lord','Line Haul Driver','202-555-0114','202-555-0153','',NULL,NULL,NULL,NULL,NULL,NULL,NULL,'\0',NULL,NULL,'\0',NULL,NULL,NULL,NULL,NULL,303,409,'2016-08-12 11:10:32',3),(5277,'New','Mcnicol','Frederick','Mallorie','2006-11-17','Zamboanga del Sur','Zimbabwean','Born again','','Mandi','Townie','Bertram','Social Psychologist','202-555-0137','202-555-0112','','Vilma','Tedi','Alldredge','Molasses Preparer','202-555-0184','202-555-0195','',NULL,NULL,NULL,NULL,NULL,NULL,NULL,'\0',NULL,NULL,'\0',NULL,NULL,NULL,NULL,NULL,303,409,'2016-08-12 11:10:32',3),(5278,'New','John Chiappini','Teddy','Cathie','2008-01-16','Laguna','Congolese','Protestant','','Stacee','Adaline','Leis','Ambulance Driver-Paramedic','202-555-0145','202-555-0197','\0','Rosa','Mallorie','Klipp','Cardroom Manager','202-555-0152','202-555-0152','',NULL,NULL,NULL,NULL,NULL,NULL,NULL,'\0',NULL,NULL,'\0',NULL,NULL,NULL,NULL,NULL,303,409,'2016-08-12 11:10:33',3),(5279,'Transferee','Clear','Ingrid','Michele','2011-09-14','Bukidnon','Laotian','Muslim','\0','Johnsie','Morey','Korzennik','Short Story Writer','202-555-0175','202-555-0116','','Tamekia','Cathie','Signon','Licensed Clinical Mental Health Counselor','202-555-0163','202-555-0173','\0',NULL,NULL,NULL,NULL,NULL,NULL,NULL,'\0',NULL,NULL,'\0',NULL,NULL,NULL,NULL,NULL,303,409,'2016-08-12 11:10:33',3),(5280,'Transferee','Norato','Ingrid','Conny','2010-09-20','Rizal','Jordanian','Born again','\0','Hae','Cathie','Russo','Piano Professor','202-555-0105','202-555-0112','\0','Ai','Morley','Lamarche','Strike Warfare/Missile Systems Officer','202-555-0152','202-555-0179','',NULL,NULL,NULL,NULL,NULL,NULL,NULL,'\0',NULL,NULL,'\0',NULL,NULL,NULL,NULL,NULL,303,409,'2016-08-12 11:10:33',3),(5281,'New','Metropolis','Melia','Indira','2010-02-26','Benguet','Chilean','Catholic','','Soon','Lindy','Markussen','Licensed Clinical Mental Health Counselor','202-555-0102','202-555-0100','\0','Lilliana','Harriot','Burke','Molasses Preparer','202-555-0114','202-555-0183','',NULL,NULL,NULL,NULL,NULL,NULL,NULL,'\0',NULL,NULL,'\0',NULL,NULL,NULL,NULL,NULL,303,409,'2016-08-12 11:10:34',3),(5282,'New','Rickles','Pearle','Derrik','2010-05-23','Cotabato','Burundian','Born again','\0','Ebonie','Ruddy','Decierdo','Drywall Applicator','202-555-0174','202-555-0195','','Arica','Marchall','Schluter','Multi-operation Forming Machine Setter','202-555-0170','202-555-0109','',NULL,NULL,NULL,NULL,NULL,NULL,NULL,'\0',NULL,NULL,'\0',NULL,NULL,NULL,NULL,NULL,303,409,'2016-08-12 11:10:34',3),(5283,'Transferee','Still','Macy','Alexio','2008-05-14','Negros Oriental','SanMarinese','Born again','\0','Yoshiko','Kendal','Schluter','Tobacco Buyer','202 - 555 - 0150','202-555-0114','\0','Stacee','Efrem','Bertram','Gas Derrick Operator','202-555-0102','202-555-0179','',NULL,NULL,NULL,NULL,NULL,NULL,NULL,'\0',NULL,NULL,'\0',NULL,NULL,NULL,NULL,NULL,303,409,'2016-08-12 11:10:34',3),(5284,'New','Roussinos','Jeanice','Charlotta','2011-09-25','La Union','Pakistani','Taoism','\0','Marissa','Harriot','Upsdell','Amusement Park Worker','202-555-0183','202-555-0105','','Erwin','Aubrey','Rickles','Ambulance Driver-Paramedic','202-555-0116','202-555-0104','',NULL,NULL,NULL,NULL,NULL,NULL,NULL,'\0',NULL,NULL,'\0',NULL,NULL,NULL,NULL,NULL,303,409,'2016-08-12 11:10:34',3),(5285,'Transferee','Schluter','Mariel','Oran','2009-09-28','Masbate','Singaporean','Born again','\0','Apolonia','Claire','Udall','Professor of Communication and Writing','202-555-0173','202-555-0169','\0','Myles','Latia','Marston','Emcee','202-555-0145','202-555-0175','',NULL,NULL,NULL,NULL,NULL,NULL,NULL,'\0',NULL,NULL,'\0',NULL,NULL,NULL,NULL,NULL,303,409,'2016-08-12 11:10:34',3),(5286,'Transferee','Still','Alecia','Cecile','2008-07-26','Misamis Oriental','TrinidadianorTobagonian','Catholic','','Tamekia','Tull','Arreguin','Molasses Preparer','202-555-0145','202-555-0169','','Teddy','Clem','Venne','Social Psychologist','202-555-0123','202-555-0145','',NULL,NULL,NULL,NULL,NULL,NULL,NULL,'\0',NULL,NULL,'\0',NULL,NULL,NULL,NULL,NULL,303,409,'2016-08-12 11:10:35',3),(5287,'Transferee','Lueders-booth','Janessa','Oran','2006-03-20','Negros Oriental','Honduran','Taoism','','Ezra','Indira','Benvenisty','Drywall Applicator','202-555-0102','202-555-0169','\0','Jesica','Latia','Verdile','Licensed Clinical Mental Health Counselor','202-555-0184','202-555-0173','\0',NULL,NULL,NULL,NULL,NULL,NULL,NULL,'\0',NULL,NULL,'\0',NULL,NULL,NULL,NULL,NULL,303,409,'2016-08-12 11:16:45',5),(5288,'New','Slosser','Myles','Melantha','2008-09-25','Sorsogon','Dutch','Protestant','\0','Kaleigh','Frans','Markussen','Cardroom Manager','202-555-0190','202-555-0190','\0','Patricia','Conny','Polya','Line Haul Driver','202-555-0187','202-555-0102','',NULL,NULL,NULL,NULL,NULL,NULL,NULL,'\0',NULL,NULL,'\0',NULL,NULL,NULL,NULL,NULL,303,409,'2016-08-12 11:16:46',5),(5289,'Transferee','Valdez','Pearle','Oran','2007-02-21','Metro Manila','Armenian','Taoism','','Marissa','Morey','Roussinos','Line Haul Driver','202-555-0189','202-555-0145','','Kaleigh','Derrik','Bilodeau','Nursing Service Director','202-555-0179','202-555-0110','',NULL,NULL,NULL,NULL,NULL,NULL,NULL,'\0',NULL,NULL,'\0',NULL,NULL,NULL,NULL,NULL,303,409,'2016-08-12 11:16:46',5),(5290,'New','Naus','Ezra','Adaline','2008-08-16','Mountain Province','Swedish','Taoism','','Marcellus','Asia','Alldredge','Chiropractor','202-555-0198','202-555-0146','\0','Dorothea','Ransell','Decierdo','Professor of Communication and Writing','202-555-0162','202-555-0145','',NULL,NULL,NULL,NULL,NULL,NULL,NULL,'\0',NULL,NULL,'\0',NULL,NULL,NULL,NULL,NULL,303,409,'2016-08-12 11:16:46',5),(5291,'New','Metropolis','Ruth','Melantha','2007-06-23','Laguna','Canadian','Born again','\0','Maren','Cathie','Plummer','Tobacco Buyer','202-555-0187','202-555-0123','','Ed','Mano','Shanley','Line Haul Driver','202-555-0179','202-555-0163','',NULL,NULL,NULL,NULL,NULL,NULL,NULL,'\0',NULL,NULL,'\0',NULL,NULL,NULL,NULL,NULL,303,409,'2016-08-12 11:16:46',5),(5292,'New','Udall','Maude','Ruddy','2008-03-20','Ilocos Sur','Canadian','Protestant','','Delcie','Simonette','Baskey','Voice-Over Artist','202-555-0184','202-555-0150','','Stormy','Atlanta','Lueders-booth','Piano Professor','202-555-0179','202-555-0174','',NULL,NULL,NULL,NULL,NULL,NULL,NULL,'\0',NULL,NULL,'\0',NULL,NULL,NULL,NULL,NULL,303,409,'2016-08-12 11:16:46',5),(5293,'New','Teutsch','Setsuko','Cecile','2011-08-16','Mountain Province','NewZealander','Catholic','\0','Alecia','Efrem','Prentice','Piano Professor','202-555-0197','202-555-0177','','Marissa','Coralie','Giesbrecht','Freight Clerk','202 - 555 - 0150','202-555-0148','',NULL,NULL,NULL,NULL,NULL,NULL,NULL,'\0',NULL,NULL,'\0',NULL,NULL,NULL,NULL,NULL,303,409,'2016-08-12 11:16:47',5),(5294,'Transferee','Roussinos','Meghan','Astra','2007-11-12','Bukidnon','Andorran','Muslim','','Brinda','Griffin','Naus','Amusement Park Worker','202-555-0102','202-555-0195','\0','Lezlie','Birgit','Trautman','Line Haul Driver','202-555-0148','202-555-0153','\0',NULL,NULL,NULL,NULL,NULL,NULL,NULL,'\0',NULL,NULL,'\0',NULL,NULL,NULL,NULL,NULL,303,409,'2016-08-12 11:16:47',5),(5295,'New','Mcnicol','Rona','Marchall','2010-07-16','Bataan','Mosotho','Taoism','\0','Leonore','Cthrine','Milioli','Multi-operation Forming Machine Setter','202-555-0189','202-555-0150','\0','Rosa','Phyllys','Giesbrecht','Statistical Analyst','202-555-0181','202-555-0138','',NULL,NULL,NULL,NULL,NULL,NULL,NULL,'\0',NULL,NULL,'\0',NULL,NULL,NULL,NULL,NULL,303,409,'2016-08-12 11:16:48',5),(5296,'New','Stewart','Setsuko','Florette','2007-03-13','Zamboanga del Norte','Comoran','Protestant','\0','Kaleigh','Melantha','Trautman','Emcee','202-555-0170','202-555-0110','\0','Melia','Astra','Mcnicol','Gas Derrick Operator','202-555-0145','202-555-0100','\0',NULL,NULL,NULL,NULL,NULL,NULL,NULL,'\0',NULL,NULL,'\0',NULL,NULL,NULL,NULL,NULL,303,409,'2016-08-12 11:16:48',5),(5297,'Transferee','Shanley','Denna','Craggie','2007-03-28','Guimaras','Swedish','Born again','\0','Elsie','Florette','Teutsch','Voice-Over Artist','202-555-0114','202-555-0173','','Rosa','Crissie','Gurish','Nursing Service Director','202-555-0145','202-555-0197','\0',NULL,NULL,NULL,NULL,NULL,NULL,NULL,'\0',NULL,NULL,'\0',NULL,NULL,NULL,NULL,NULL,303,409,'2016-08-12 11:16:49',5),(5298,'Transferee','Liss','Mariel','Birgit','2006-04-12','Aklan','Emirian','Born again','','Ludivina','Roderich','Upsdell','Statistical Analyst','202-555-0102','202-555-0184','','Maudie','Melantha','Scanlan','Chiropractor','202-555-0173','202-555-0139','',NULL,NULL,NULL,NULL,NULL,NULL,NULL,'\0',NULL,NULL,'\0',NULL,NULL,NULL,NULL,NULL,303,409,'2016-08-12 11:16:49',5),(5299,'New','Yaqub','Karrie','Brinn','2006-08-19','Guimaras','Malaysian','Catholic','','Marissa','Tedi','Roussinos','Emcee','202-555-0100','202-555-0175','','Tonja','Alexio','Arreguin','Multi-operation Forming Machine Setter','202-555-0177','202 - 555 - 0150','',NULL,NULL,NULL,NULL,NULL,NULL,NULL,'\0',NULL,NULL,'\0',NULL,NULL,NULL,NULL,NULL,303,409,'2016-08-12 11:16:49',5),(5300,'Transferee','Clear','Shauna','Morley','2011-07-12','Catanduanes','Malagasy','Muslim','','Leonel','Townie','Alldredge','Statistical Analyst','202-555-0195','202-555-0189','\0','Joanie','Indira','Von mehren','Molasses Preparer','202-555-0150','202-555-0131','\0',NULL,NULL,NULL,NULL,NULL,NULL,NULL,'\0',NULL,NULL,'\0',NULL,NULL,NULL,NULL,NULL,303,409,'2016-08-12 11:16:49',5),(5301,'Transferee','Lockhart','Rona','Audi','2011-09-16','Occidental Mindoro','Irish','Born again','','Rikki','Brinn','Glider','Professor of Communication and Writing','202-555-0186','202-555-0169','\0','Elsie','Alexio','Roussinos','Busser','202-555-0169','202-555-0189','',NULL,NULL,NULL,NULL,NULL,NULL,NULL,'\0',NULL,NULL,'\0',NULL,NULL,NULL,NULL,NULL,303,409,'2016-08-12 11:16:50',5),(5302,'New','Naus','Idalia','Rogers','2009-11-11','Davao del Norte','Malagasy','Catholic','','Elma','Morey','Valdez','Lead Abatement Worker','202-555-0145','202-555-0174','\0','Antionette','Oran','Kasper','Piano Professor','202-555-0174','202-555-0101','',NULL,NULL,NULL,NULL,NULL,NULL,NULL,'\0',NULL,NULL,'\0',NULL,NULL,NULL,NULL,NULL,303,409,'2016-08-12 11:16:50',5),(5303,'New','Glider','Kanisha','Merrielle','2008-09-20','Surigao del Sur','Nigerian','Catholic','\0','Myles','Morley','Persky','Custom Wood Stair Builder','202-555-0138','202-555-0145','\0','Donte','Craggie','Cepko','Voice-Over Artist','202-555-0179','202-555-0198','\0',NULL,NULL,NULL,NULL,NULL,NULL,NULL,'\0',NULL,NULL,'\0',NULL,NULL,NULL,NULL,NULL,303,409,'2016-08-12 11:16:50',5),(5304,'New','Maddox','Karrie','Pen','2008-01-26','Samar','Algerian','Protestant','\0','Marshall','Phyllys','Stilo','Chiropractor','202-555-0179','202-555-0199','','Lourie','Astra','Brake','Statistical Analyst','202-555-0177','202-555-0138','',NULL,NULL,NULL,NULL,NULL,NULL,NULL,'\0',NULL,NULL,'\0',NULL,NULL,NULL,NULL,NULL,303,409,'2016-08-12 11:16:50',5),(5305,'New','Brake','Sean','Merrielle','2008-10-18','Misamis Occidental','Tanzanian','Catholic','','Frederick','Morse','Glider','Strike Warfare/Missile Systems Officer','202-555-0195','202-555-0190','','Rona','Florette','Glider','Cardroom Manager','202-555-0186','202-555-0100','\0',NULL,NULL,NULL,NULL,NULL,NULL,NULL,'\0',NULL,NULL,'\0',NULL,NULL,NULL,NULL,NULL,303,409,'2016-08-12 11:16:50',5),(5306,'Transferee','Scanlan','Merissa','Griffin','2011-10-19','Isabela','Gabonese','Protestant','\0','Carlota','Pen','Schluter','Tobacco Buyer','202-555-0139','202-555-0197','\0','Melia','Aubrey','Pesavento','Professor of Communication and Writing','202-555-0101','202-555-0187','\0',NULL,NULL,NULL,NULL,NULL,NULL,NULL,'\0',NULL,NULL,'\0',NULL,NULL,NULL,NULL,NULL,303,409,'2016-08-12 11:16:50',5),(5307,'New','Ulam','Brinda','Cthrine','2006-01-23','Negros Oriental','PapuaNewGuinean','Muslim','\0','Bridgette','Clem','Teutsch','Tobacco Buyer','202-555-0183','202-555-0125','\0','Odette','Cecile','Brewer','Molasses Preparer','202-555-0173','202-555-0167','\0',NULL,NULL,NULL,NULL,NULL,NULL,NULL,'\0',NULL,NULL,'\0',NULL,NULL,NULL,NULL,NULL,303,409,'2016-08-12 11:16:51',5),(5308,'Transferee','Von mehren','Teddy','Latia','2011-08-25','Samar','SierraLeonean','Born again','\0','Lourie','Coralie','John Chiappini','Molasses Preparer','202-555-0148','202-555-0195','','Merissa','Efrem','Von mehren','Ambulance Driver-Paramedic','202-555-0125','202-555-0179','',NULL,NULL,NULL,NULL,NULL,NULL,NULL,'\0',NULL,NULL,'\0',NULL,NULL,NULL,NULL,NULL,303,409,'2016-08-12 11:16:51',5),(5309,'New','Balshaw','Alecia','Maegan','2011-03-28','Dinagat Islands','Seychellois','Protestant','','Janine','Merrielle','Korzennik','AIDS Counselor','202-555-0174','202-555-0145','','Pearle','Darrick','Dernburg','Multi-operation Forming Machine Setter','202-555-0187','202-555-0145','',NULL,NULL,NULL,NULL,NULL,NULL,NULL,'\0',NULL,NULL,'\0',NULL,NULL,NULL,NULL,NULL,303,409,'2016-08-12 11:16:51',5),(5310,'New','Sparda','Melia','Jessie','2011-02-28','Surigao del Norte','Mauritian','Muslim','','Serita','Frans','Stilo','Ambulance Driver-Paramedic','202-555-0185','202-555-0138','','Jade','Tootsie','Clear','Cardroom Manager','202-555-0145','202-555-0179','\0',NULL,NULL,NULL,NULL,NULL,NULL,NULL,'\0',NULL,NULL,'\0',NULL,NULL,NULL,NULL,NULL,303,409,'2016-08-12 11:16:51',5),(5311,'New','El-shaarawi','Shavon','Alexio','2006-05-18','Cebu','Algerian','Taoism','\0','Ingrid','Jessie','Burke','Nursing Service Director','202-555-0184','202-555-0195','','Serita','Efrem','Brewer','Statistical Analyst','202-555-0179','202-555-0105','\0',NULL,NULL,NULL,NULL,NULL,NULL,NULL,'\0',NULL,NULL,'\0',NULL,NULL,NULL,NULL,NULL,303,409,'2016-08-12 11:16:52',5),(5312,'New','Ulam','Patricia','Craggie','2008-11-17','Metro Manila','Nauruan','Muslim','\0','Rona','Mara','Marston','Molasses Preparer','202-555-0100','202-555-0195','','Hae','Riccardo','Cocuzzo','Busser','202-555-0163','202-555-0145','',NULL,NULL,NULL,NULL,NULL,NULL,NULL,'\0',NULL,NULL,'\0',NULL,NULL,NULL,NULL,NULL,303,409,'2016-08-12 11:16:52',5),(5313,'New','Compton','Edith','Melantha','2007-07-25','Camarines Sur','Congolese','Taoism','','Myles','Bernardo','Cocuzzo','Gas Derrick Operator','202-555-0105','202-555-0186','\0','Edith','Rogers','Balshaw','Busser','202-555-0161','202-555-0199','\0',NULL,NULL,NULL,NULL,NULL,NULL,NULL,'\0',NULL,NULL,'\0',NULL,NULL,NULL,NULL,NULL,303,409,'2016-08-12 11:16:53',5),(5314,'New','Hulbert','Vilma','Melantha','2008-08-12','Agusan del Sur','Bruneian','Born again','','Margorie','Craggie','Valdez','Busser','202-555-0114','202-555-0187','','Jesica','Claire','Sedcole','Emcee','202-555-0195','202-555-0187','\0',NULL,NULL,NULL,NULL,NULL,NULL,NULL,'\0',NULL,NULL,'\0',NULL,NULL,NULL,NULL,NULL,303,409,'2016-08-12 11:16:53',5),(5315,'New','Giesbrecht','Arica','Melantha','2006-07-21','Northern Samar','Austrian','Muslim','','Odette','Indira','Liss','Licensed Clinical Mental Health Counselor','202-555-0179','202-555-0104','\0','Ebonie','Efrem','Leis','Statistical Analyst','202-555-0163','202-555-0145','\0',NULL,NULL,NULL,NULL,NULL,NULL,NULL,'\0',NULL,NULL,'\0',NULL,NULL,NULL,NULL,NULL,303,409,'2016-08-12 11:16:53',5),(5316,'New','Kasper','Donte','Casey','2010-01-19','Tarlac','German','Taoism','\0','Pattie','Ransell','Russo','Nursing Service Director','202-555-0138','202-555-0105','\0','Joana','Florette','Von mehren','AIDS Counselor','202-555-0110','202-555-0185','',NULL,NULL,NULL,NULL,NULL,NULL,NULL,'\0',NULL,NULL,'\0',NULL,NULL,NULL,NULL,NULL,303,409,'2016-08-12 11:16:53',5),(5317,'New','Slosser','Dorothea','Alexio','2006-08-14','Benguet','Uzbekistani','Taoism','\0','Sean','Mara','Verdile','Multi-operation Forming Machine Setter','202-555-0189','202-555-0104','','Mandi','Morey','Badulescu','Molasses Preparer','202-555-0170','202-555-0109','\0',NULL,NULL,NULL,NULL,NULL,NULL,NULL,'\0',NULL,NULL,'\0',NULL,NULL,NULL,NULL,NULL,304,409,'2016-08-12 11:17:53',3),(5318,'Transferee','Glider','Yoshiko','Atlanta','2008-05-25','Surigao del Norte','Zimbabwean','Catholic','','Tamekia','Townie','Decierdo','Nursing Service Director','202-555-0174','202-555-0152','\0','Elsie','Loydie','Still','Social Psychologist','202-555-0179','202-555-0150','\0',NULL,NULL,NULL,NULL,NULL,NULL,NULL,'\0',NULL,NULL,'\0',NULL,NULL,NULL,NULL,NULL,304,409,'2016-08-12 11:17:53',3),(5319,'Transferee','Lubit','Hae','Bernardo','2006-10-21','South Cotabato','Gabonese','Born again','\0','Sibyl','Merrielle','Badulescu','Emcee','202-555-0145','202-555-0153','\0','Moses','Darrick','Markussen','Social Psychologist','202-555-0161','202-555-0114','\0',NULL,NULL,NULL,NULL,NULL,NULL,NULL,'\0',NULL,NULL,'\0',NULL,NULL,NULL,NULL,NULL,304,409,'2016-08-12 11:17:54',3),(5320,'Transferee','Russo','Margorie','Crissie','2008-04-22','Occidental Mindoro','Honduran','Protestant','','Jana','Derrik','Compton','AIDS Counselor','202-555-0132','202-555-0198','\0','Maren','Aurlie','Morin','Statistical Analyst','202-555-0163','202-555-0110','',NULL,NULL,NULL,NULL,NULL,NULL,NULL,'\0',NULL,NULL,'\0',NULL,NULL,NULL,NULL,NULL,304,409,'2016-08-12 11:17:54',3),(5321,'Transferee','Baino','Pearle','Casey','2006-10-17','Bulacan','SriLankan','Taoism','\0','Ludivina','Millie','Amadeo','Busser','202-555-0139','202-555-0165','','Jeanice','Florette','Teutsch','Tobacco Buyer','202-555-0101','202-555-0187','\0',NULL,NULL,NULL,NULL,NULL,NULL,NULL,'\0',NULL,NULL,'\0',NULL,NULL,NULL,NULL,NULL,304,409,'2016-08-12 11:17:54',3),(5322,'New','Mccarty','Winford','Yuma','2007-08-15','Batanes','Emirian','Born again','\0','Pattie','Audi','Glider','Strike Warfare/Missile Systems Officer','202-555-0179','202-555-0131','','Jeanice','Michele','Russo','Custom Wood Stair Builder','202-555-0174','202-555-0173','\0',NULL,NULL,NULL,NULL,NULL,NULL,NULL,'\0',NULL,NULL,'\0',NULL,NULL,NULL,NULL,NULL,304,409,'2016-08-12 11:17:54',3),(5323,'Transferee','Bronicki','Lourie','Birgit','2011-08-21','Siquijor','SaintLucian','Taoism','','Sean','Claire','Glider','Licensed Clinical Mental Health Counselor','202-555-0183','202-555-0175','\0','Dorothea','Loydie','Ebeling','AIDS Counselor','202-555-0123','202-555-0102','',NULL,NULL,NULL,NULL,NULL,NULL,NULL,'\0',NULL,NULL,'\0',NULL,NULL,NULL,NULL,NULL,304,409,'2016-08-12 11:17:54',3),(5324,'Transferee','Maddox','Kaleigh','Tull','2010-01-25','Cagayan','Emirian','Taoism','','Janessa','Simonette','Stigler','Statistical Analyst','202-555-0153','202-555-0125','\0','Frederick','Jocelyn','Gurish','Cardroom Manager','202-555-0161','202-555-0165','\0',NULL,NULL,NULL,NULL,NULL,NULL,NULL,'\0',NULL,NULL,'\0',NULL,NULL,NULL,NULL,NULL,304,409,'2016-08-12 11:17:55',3),(5325,'Transferee','Still','Maren','Ransell','2011-05-23','Palawan','Netherlander','Born again','','Lourie','Alexio','Fonseca','Freight Clerk','202-555-0181','202-555-0148','\0','Pattie','Thornie','Stigler','Freight Clerk','202-555-0173','202-555-0139','',NULL,NULL,NULL,NULL,NULL,NULL,NULL,'\0',NULL,NULL,'\0',NULL,NULL,NULL,NULL,NULL,304,409,'2016-08-12 11:17:55',3),(5326,'Transferee','Kauppi','Mariel','Claire','2010-02-23','Sulu','Algerian','Protestant','','Tamekia','Conny','Zarate','Molasses Preparer','202-555-0198','202-555-0137','\0','Shauna','Maegan','Glider','Line Haul Driver','202-555-0114','202-555-0137','',NULL,NULL,NULL,NULL,NULL,NULL,NULL,'\0',NULL,NULL,'\0',NULL,NULL,NULL,NULL,NULL,304,409,'2016-08-12 11:17:55',3),(5327,'Transferee','Clear','Zena','Frans','2009-04-15','Sulu','Indian','Muslim','\0','Carlton','Derrik','Markussen','Freight Clerk','202-555-0187','202-555-0135','\0','Melia','Brinn','Mcnicol','Busser','202-555-0175','202-555-0152','\0',NULL,NULL,NULL,NULL,NULL,NULL,NULL,'\0',NULL,NULL,'\0',NULL,NULL,NULL,NULL,NULL,304,409,'2016-08-12 11:17:55',3),(5328,'New','Naus','Setsuko','Marchall','2009-08-23','Aklan','Ethiopian','Muslim','','Jade','Tedi','Stilo','Statistical Analyst','202-555-0195','202-555-0195','','Janine','Ransell','Mcnicol','Short Story Writer','202-555-0170','202-555-0145','',NULL,NULL,NULL,NULL,NULL,NULL,NULL,'\0',NULL,NULL,'\0',NULL,NULL,NULL,NULL,NULL,304,409,'2016-08-12 11:17:56',3),(5329,'Transferee','Ulam','Rona','Pen','2009-06-14','Camarines Norte','Serbian','Protestant','\0','Antionette','Adaline','Lueders-booth','Tobacco Buyer','202-555-0100','202-555-0185','','Lillian','Skippie','Leis','Social Psychologist','202-555-0195','202-555-0100','',NULL,NULL,NULL,NULL,NULL,NULL,NULL,'\0',NULL,NULL,'\0',NULL,NULL,NULL,NULL,NULL,304,409,'2016-08-12 11:17:56',3),(5330,'New','Sassone','Maragret','Clem','2008-03-27','Agusan del Norte','Dutchwoman','Taoism','\0','Lezlie','Tull','Norato','AIDS Counselor','202-555-0175','202-555-0152','','Yoshiko','Thornie','Valelly','Drywall Applicator','202-555-0169','202-555-0131','\0',NULL,NULL,NULL,NULL,NULL,NULL,NULL,'\0',NULL,NULL,'\0',NULL,NULL,NULL,NULL,NULL,304,409,'2016-08-12 11:17:56',3),(5331,'New','Courval','Ingrid','Conny','2011-10-16','South Cotabato','Scottish','Catholic','\0','Maude','Jocelyn','Yaqub','Line Haul Driver','202-555-0114','202-555-0123','','Teddy','Morley','Balshaw','Freight Clerk','202-555-0184','202-555-0123','',NULL,NULL,NULL,NULL,NULL,NULL,NULL,'\0',NULL,NULL,'\0',NULL,NULL,NULL,NULL,NULL,304,409,'2016-08-12 11:17:56',3),(5332,'Transferee','Glider','Marissa','Riccardo','2007-06-11','Sarangani','Bangladeshi','Catholic','\0','Lezlie','Merrielle','Lueders-booth','Busser','202-555-0152','202-555-0179','','Delcie','Merrielle','Valdez','Freight Clerk','202-555-0186','202-555-0148','',NULL,NULL,NULL,NULL,NULL,NULL,NULL,'\0',NULL,NULL,'\0',NULL,NULL,NULL,NULL,NULL,304,409,'2016-08-12 11:17:57',3),(5333,'Transferee','Ebeling','Winford','Harvey','2010-04-11','Nueva Ecija','Mauritanian','Protestant','\0','Denna','Mano','Thibodeau','Molasses Preparer','202-555-0152','202-555-0179','','Winter','Jessie','Flowers','AIDS Counselor','202-555-0145','202-555-0177','',NULL,NULL,NULL,NULL,NULL,NULL,NULL,'\0',NULL,NULL,'\0',NULL,NULL,NULL,NULL,NULL,304,409,'2016-08-12 11:17:57',3),(5334,'New','Cepko','Donte','Clim','2010-03-27','Tarlac','Ghanaian','Taoism','','Jana','Rogers','Alldredge','Nursing Service Director','202-555-0189','202-555-0195','','Winford','Claire','El-shaarawi','Ambulance Driver-Paramedic','202-555-0102','202-555-0135','',NULL,NULL,NULL,NULL,NULL,NULL,NULL,'\0',NULL,NULL,'\0',NULL,NULL,NULL,NULL,NULL,304,409,'2016-08-12 11:17:57',3),(5335,'Transferee','Hamel','Sudie','Alexio','2007-08-24','Basilan','Grenadian','Protestant','\0','Winter','Adaline','Still','Chiropractor','202-555-0173','202-555-0152','','Janine','Darrick','Stigler','Short Story Writer','202-555-0125','202-555-0145','\0',NULL,NULL,NULL,NULL,NULL,NULL,NULL,'\0',NULL,NULL,'\0',NULL,NULL,NULL,NULL,NULL,304,409,'2016-08-12 11:17:57',3),(5336,'New','Teutsch','Brinda','Lindy','2009-09-16','Misamis Occidental','CentralAfrican','Muslim','','Kaleigh','Casey','Baino','Emcee','202-555-0169','202-555-0125','','Tonja','Marchall','Lachenbruch','Molasses Preparer','202-555-0102','202-555-0137','',NULL,NULL,NULL,NULL,NULL,NULL,NULL,'\0',NULL,NULL,'\0',NULL,NULL,NULL,NULL,NULL,304,409,'2016-08-12 11:17:57',3),(5337,'Transferee','Brewer','Maragret','Coralie','2010-11-20','Ifugao','Latvian','Taoism','','Tamekia','Pen','Badulescu','Short Story Writer','202-555-0145','202-555-0197','\0','Vilma','Michele','Polya','Busser','202-555-0125','202-555-0183','',NULL,NULL,NULL,NULL,NULL,NULL,NULL,'\0',NULL,NULL,'\0',NULL,NULL,NULL,NULL,NULL,304,409,'2016-08-12 11:17:57',3),(5338,'Transferee','Wilkin','Elsie','Frans','2006-11-21','Abra','Comoran','Taoism','','Stacee','Marchall','Shanley','Drywall Applicator','202-555-0105','202-555-0181','\0','Lilliana','Pen','Brake','Molasses Preparer','202-555-0152','202 - 555 - 0150','\0',NULL,NULL,NULL,NULL,NULL,NULL,NULL,'\0',NULL,NULL,'\0',NULL,NULL,NULL,NULL,NULL,304,409,'2016-08-12 11:17:58',3),(5339,'New','Lubit','Setsuko','Birgit','2010-04-16','Eastern Samar','German','Muslim','','Antionette','Scott','Wilkin','Busser','202-555-0161','202-555-0112','','Sibyl','Aurlie','Venne','Drywall Applicator','202-555-0114','202-555-0148','\0',NULL,NULL,NULL,NULL,NULL,NULL,NULL,'\0',NULL,NULL,'\0',NULL,NULL,NULL,NULL,NULL,304,409,'2016-08-12 11:17:58',3),(5340,'Transferee','Hiles','Sean','Scott','2010-06-27','Pangasinan','Micronesian','Muslim','\0','Sibyl','Aurlie','Burke','Drywall Applicator','202-555-0173','202-555-0112','\0','Serita','Scott','Persky','Busser','202-555-0189','202-555-0125','',NULL,NULL,NULL,NULL,NULL,NULL,NULL,'\0',NULL,NULL,'\0',NULL,NULL,NULL,NULL,NULL,304,409,'2016-08-12 11:17:58',3),(5341,'New','Hulbert','Alecia','Deborah','2009-01-19','Ifugao','Emirian','Protestant','','Rona','Cathie','Venne','Ambulance Driver-Paramedic','202-555-0125','202-555-0132','','Jesica','Indira','Sedcole','Amusement Park Worker','202-555-0139','202-555-0102','\0',NULL,NULL,NULL,NULL,NULL,NULL,NULL,'\0',NULL,NULL,'\0',NULL,NULL,NULL,NULL,NULL,304,409,'2016-08-12 11:17:58',3),(5342,'Transferee','Udall','Mariel','Mallorie','2007-09-19','Pampanga','Zimbabwean','Muslim','\0','Apolonia','Phyllys','Verdile','Short Story Writer','202-555-0131','202-555-0184','','Michaela','Mallorie','Balshaw','Freight Clerk','202-555-0125','202-555-0146','\0',NULL,NULL,NULL,NULL,NULL,NULL,NULL,'\0',NULL,NULL,'\0',NULL,NULL,NULL,NULL,NULL,304,409,'2016-08-12 11:17:59',3),(5343,'New','Flowers','Merissa','Melantha','2009-01-22','Bataan','SriLankan','Protestant','','Maude','Mara','Sparda','Strike Warfare/Missile Systems Officer','202-555-0148','202-555-0187','','Sibyl','Morley','Courval','Cardroom Manager','202-555-0123','202-555-0102','\0',NULL,NULL,NULL,NULL,NULL,NULL,NULL,'\0',NULL,NULL,'\0',NULL,NULL,NULL,NULL,NULL,304,409,'2016-08-12 11:17:59',3),(5344,'New','Ulam','Loyce','Claire','2010-08-22','Bataan','Colombian','Protestant','','Eve','Morse','Burke','AIDS Counselor','202-555-0162','202-555-0179','\0','Delcie','Rogers','Persky','Social Psychologist','202-555-0167','202-555-0167','\0',NULL,NULL,NULL,NULL,NULL,NULL,NULL,'\0',NULL,NULL,'\0',NULL,NULL,NULL,NULL,NULL,304,409,'2016-08-12 11:18:00',3),(5345,'Transferee','Naus','Rosa','Clim','2010-08-17','Capiz','Austrian','Protestant','','Antionette','Morey','Hamel','Statistical Analyst','202-555-0145','202-555-0110','','Ebonie','Burk','Metropolis','Emcee','202-555-0169','202-555-0195','\0',NULL,NULL,NULL,NULL,NULL,NULL,NULL,'\0',NULL,NULL,'\0',NULL,NULL,NULL,NULL,NULL,304,409,'2016-08-12 11:18:00',3),(5346,'Transferee','Glider','Marissa','Sidonia','2010-01-10','Camarines Norte','Dutch','Muslim','','Ed','Mano','Markussen','Ambulance Driver-Paramedic','202-555-0179','202-555-0179','\0','Tamekia','Sidonia','Arreguin','Professor of Communication and Writing','202-555-0125','202-555-0179','',NULL,NULL,NULL,NULL,NULL,NULL,NULL,'\0',NULL,NULL,'\0',NULL,NULL,NULL,NULL,NULL,304,409,'2016-08-12 11:18:00',3),(5347,'Transferee','Kauppi','Bridgette','Brinn','2006-06-12','Camarines Norte','Macedonian','Muslim','\0','Odette','Florette','Prentice','Social Psychologist','202-555-0146','202-555-0199','\0','Sean','Sidonia','Zarate','Custom Wood Stair Builder','202-555-0123','202-555-0137','',NULL,NULL,NULL,NULL,NULL,NULL,NULL,'\0',NULL,NULL,'\0',NULL,NULL,NULL,NULL,NULL,305,409,'2016-08-12 11:18:13',3),(5348,'Transferee','Maddox','Sudie','Griffin','2010-04-20','Aklan','Belizean','Protestant','\0','Shauna','Birgit','Plummer','Freight Clerk','202-555-0145','202-555-0152','','Maudie','Townie','Burke','Molasses Preparer','202-555-0165','202-555-0170','',NULL,NULL,NULL,NULL,NULL,NULL,NULL,'\0',NULL,NULL,'\0',NULL,NULL,NULL,NULL,NULL,305,409,'2016-08-12 11:18:14',3),(5349,'New','Maddox','Zena','Marchall','2008-05-14','La Union','NewZealander','Catholic','\0','Macy','Asia','Deptula','Voice-Over Artist','202-555-0110','202-555-0125','','Elena','Phyllys','Leis','Ambulance Driver-Paramedic','202-555-0114','202-555-0195','\0',NULL,NULL,NULL,NULL,NULL,NULL,NULL,'\0',NULL,NULL,'\0',NULL,NULL,NULL,NULL,NULL,305,409,'2016-08-12 11:18:14',3),(5350,'New','Signon','Sudie','Lindy','2009-02-23','Aurora','Argentinean','Taoism','','Mariel','Morley','Shanley','AIDS Counselor','202-555-0150','202-555-0109','','Patricia','Jocelyn','Carty','Amusement Park Worker','202-555-0104','202-555-0153','',NULL,NULL,NULL,NULL,NULL,NULL,NULL,'\0',NULL,NULL,'\0',NULL,NULL,NULL,NULL,NULL,305,409,'2016-08-12 11:18:14',3),(5351,'New','Deptula','Brinda','Craggie','2008-11-10','Cebu','Haitian','Protestant','','Idalia','Efrem','Orfe','Lead Abatement Worker','202-555-0163','202-555-0162','','Merissa','Orion','Decierdo','Statistical Analyst','202-555-0186','202-555-0195','',NULL,NULL,NULL,NULL,NULL,NULL,NULL,'\0',NULL,NULL,'\0',NULL,NULL,NULL,NULL,NULL,305,409,'2016-08-12 11:18:14',3),(5352,'New','Mccarty','Maudie','Morse','2008-10-14','Sorsogon','Liechtensteiner','Born again','\0','Pattie','Astra','Hiles','Piano Professor','202-555-0100','202-555-0112','','Latashia','Morley','Hulbert','Custom Wood Stair Builder','202-555-0163','202-555-0183','\0',NULL,NULL,NULL,NULL,NULL,NULL,NULL,'\0',NULL,NULL,'\0',NULL,NULL,NULL,NULL,NULL,305,409,'2016-08-12 11:18:15',3),(5353,'Transferee','Fonseca','Elma','Cathie','2011-03-26','Pampanga','Moroccan','Catholic','','Lillian','Florette','Udall','Emcee','202-555-0102','202-555-0131','','Karrie','Conny','Still','Licensed Clinical Mental Health Counselor','202-555-0137','202-555-0165','\0',NULL,NULL,NULL,NULL,NULL,NULL,NULL,'\0',NULL,NULL,'\0',NULL,NULL,NULL,NULL,NULL,305,409,'2016-08-12 11:18:15',3),(5354,'Transferee','El-shaarawi','Stacee','Deirdre','2009-06-28','Siquijor','Jordanian','Taoism','\0','Shavon','Scott','Lueders-booth','Custom Wood Stair Builder','202-555-0139','202-555-0114','','Madeleine','Michele','Glider','Lead Abatement Worker','202-555-0110','202-555-0174','\0',NULL,NULL,NULL,NULL,NULL,NULL,NULL,'\0',NULL,NULL,'\0',NULL,NULL,NULL,NULL,NULL,305,409,'2016-08-12 11:18:15',3),(5355,'New','Lockhart','Venetta','Derrik','2008-01-26','Negros Occidental','Maltese','Taoism','\0','Pearle','Latia','Venne','Freight Clerk','202-555-0150','202-555-0125','','Teddy','Bernardo','Schluter','Lead Abatement Worker','202-555-0125','202-555-0175','\0',NULL,NULL,NULL,NULL,NULL,NULL,NULL,'\0',NULL,NULL,'\0',NULL,NULL,NULL,NULL,NULL,305,409,'2016-08-12 11:18:15',3),(5356,'New','Kauppi','Leonore','Scott','2011-04-24','Biliran','Polish','Muslim','','Ruth','Brinn','Kauppi','Busser','202-555-0104','202-555-0125','\0','Ed','Sidonia','Kauppi','Emcee','202-555-0185','202-555-0139','',NULL,NULL,NULL,NULL,NULL,NULL,NULL,'\0',NULL,NULL,'\0',NULL,NULL,NULL,NULL,NULL,305,409,'2016-08-12 11:18:15',3),(5357,'New','Rickles','Jeanice','Aurlie','2006-01-23','Palawan','Ukrainian','Catholic','\0','Moses','Deborah','Dernburg','Ambulance Driver-Paramedic','202-555-0169','202-555-0175','\0','Kaleigh','Asia','Udall','Lead Abatement Worker','202-555-0114','202-555-0175','\0',NULL,NULL,NULL,NULL,NULL,NULL,NULL,'\0',NULL,NULL,'\0',NULL,NULL,NULL,NULL,NULL,305,409,'2016-08-12 11:18:16',3),(5358,'New','Schluter','Delcie','Claire','2006-04-16','Sarangani','Mozambican','Catholic','','Lilliana','Millie','Still','Strike Warfare/Missile Systems Officer','202-555-0137','202-555-0175','\0','Marcellus','Oran','Mcnicol','Strike Warfare/Missile Systems Officer','202-555-0179','202 - 555 - 0150','\0',NULL,NULL,NULL,NULL,NULL,NULL,NULL,'\0',NULL,NULL,'\0',NULL,NULL,NULL,NULL,NULL,305,409,'2016-08-12 11:18:16',3),(5359,'Transferee','Stigler','Ed','Pen','2011-07-27','Lanao del Sur','Togolese','Taoism','','Odette','Griffin','Polya','Multi-operation Forming Machine Setter','202-555-0104','202-555-0165','\0','Michaela','Michele','Lachenbruch','Short Story Writer','202-555-0189','202-555-0179','\0',NULL,NULL,NULL,NULL,NULL,NULL,NULL,'\0',NULL,NULL,'\0',NULL,NULL,NULL,NULL,NULL,305,409,'2016-08-12 11:18:16',3),(5360,'Transferee','Hamel','Leonel','Morley','2007-11-19','Sulu','Pakistani','Taoism','\0','Jesica','Mara','Klipp','Professor of Communication and Writing','202-555-0101','202-555-0153','','Hae','Rogers','Liss','Tobacco Buyer','202-555-0125','202-555-0114','',NULL,NULL,NULL,NULL,NULL,NULL,NULL,'\0',NULL,NULL,'\0',NULL,NULL,NULL,NULL,NULL,305,409,'2016-08-12 11:18:16',3),(5361,'Transferee','Clear','Sibyl','Clem','2010-10-13','Tawi-Tawi','Somali','Catholic','\0','Jeanice','Marchall','Schluter','Freight Clerk','202-555-0138','202-555-0114','\0','Edith','Asia','Glider','Cardroom Manager','202-555-0185','202-555-0135','',NULL,NULL,NULL,NULL,NULL,NULL,NULL,'\0',NULL,NULL,'\0',NULL,NULL,NULL,NULL,NULL,305,409,'2016-08-12 11:18:17',3),(5362,'New','Orfe','Maren','Derrik','2010-11-19','Abra','Turkish','Born again','\0','Yoshiko','Orion','Still','Licensed Clinical Mental Health Counselor','202-555-0138','202-555-0101','\0','Moses','Craggie','Bertram','Ambulance Driver-Paramedic','202-555-0163','202-555-0145','',NULL,NULL,NULL,NULL,NULL,NULL,NULL,'\0',NULL,NULL,'\0',NULL,NULL,NULL,NULL,NULL,305,409,'2016-08-12 11:18:17',3),(5363,'New','Courval','Ruth','Harriot','2008-02-17','Guimaras','Samoan','Born again','','Dorothea','Clem','Brake','Chiropractor','202-555-0179','202-555-0101','\0','Rona','Melantha','Upsdell','Professor of Communication and Writing','202-555-0183','202-555-0152','\0',NULL,NULL,NULL,NULL,NULL,NULL,NULL,'\0',NULL,NULL,'\0',NULL,NULL,NULL,NULL,NULL,305,409,'2016-08-12 11:18:17',3),(5364,'Transferee','Cady','Ruth','Pen','2011-07-23','Palawan','Romanian','Taoism','\0','Karrie','Efrem','Kasper','Emcee','202-555-0169','202-555-0114','','Macy','Derrik','El-shaarawi','Ambulance Driver-Paramedic','202-555-0181','202-555-0109','\0',NULL,NULL,NULL,NULL,NULL,NULL,NULL,'\0',NULL,NULL,'\0',NULL,NULL,NULL,NULL,NULL,305,409,'2016-08-12 11:18:18',3),(5365,'New','Sedcole','Mariel','Cecile','2010-10-25','Zamboanga del Norte','Guinean','Catholic','','Ronda','Morse','Lamarche','Amusement Park Worker','202-555-0109','202-555-0195','\0','Moses','Mano','Cady','Cardroom Manager','202-555-0100','202-555-0163','',NULL,NULL,NULL,NULL,NULL,NULL,NULL,'\0',NULL,NULL,'\0',NULL,NULL,NULL,NULL,NULL,305,409,'2016-08-12 11:18:18',3),(5366,'New','Cady','Donte','Orion','2007-05-16','Oriental Mindoro','Jamaican','Muslim','','Mandi','Yuma','Stilo','Drywall Applicator','202-555-0132','202-555-0114','\0','Rosa','Katerina','Badulescu','Chiropractor','202-555-0175','202-555-0173','',NULL,NULL,NULL,NULL,NULL,NULL,NULL,'\0',NULL,NULL,'\0',NULL,NULL,NULL,NULL,NULL,305,409,'2016-08-12 11:18:18',3),(5367,'Transferee','Amsden','Maude','Burk','2011-10-28','Ifugao','Qatari','Protestant','\0','Janessa','Pen','Tanenbaum','Nursing Service Director','202-555-0101','202-555-0165','\0','Janine','Atlanta','Lackner','Chiropractor','202-555-0102','202-555-0162','\0',NULL,NULL,NULL,NULL,NULL,NULL,NULL,'\0',NULL,NULL,'\0',NULL,NULL,NULL,NULL,NULL,305,409,'2016-08-12 11:18:18',3),(5368,'Transferee','Morin','Lilliana','Thornie','2009-06-15','Sarangani','Hungarian','Muslim','\0','Karrie','Pen','Mcnicol','Statistical Analyst','202-555-0167','202-555-0173','\0','Lila','Clem','Cocuzzo','Busser','202-555-0132','202-555-0198','\0',NULL,NULL,NULL,NULL,NULL,NULL,NULL,'\0',NULL,NULL,'\0',NULL,NULL,NULL,NULL,NULL,305,409,'2016-08-12 11:18:19',3),(5369,'Transferee','Amsden','Myles','Tootsie','2010-02-11','Sulu','CapeVerdean','Protestant','\0','Maren','Deborah','Brewer','Licensed Clinical Mental Health Counselor','202-555-0137','202-555-0114','\0','Tamekia','Adaline','Milioli','Amusement Park Worker','202-555-0183','202-555-0175','',NULL,NULL,NULL,NULL,NULL,NULL,NULL,'\0',NULL,NULL,'\0',NULL,NULL,NULL,NULL,NULL,305,409,'2016-08-12 11:18:19',3),(5370,'Transferee','Persky','Rosa','Corliss','2006-02-22','Negros Occidental','Qatari','Catholic','\0','Denna','Claire','Courval','Emcee','202-555-0197','202-555-0184','','Carisa','Mano','El-shaarawi','Strike Warfare/Missile Systems Officer','202-555-0199','202-555-0100','\0',NULL,NULL,NULL,NULL,NULL,NULL,NULL,'\0',NULL,NULL,'\0',NULL,NULL,NULL,NULL,NULL,305,409,'2016-08-12 11:18:19',3),(5371,'Transferee','Scanlan','Janessa','Deborah','2010-09-21','Ifugao','Welsh','Muslim','','Eve','Kendal','Russo','Statistical Analyst','202-555-0170','202-555-0165','\0','Carlton','Casey','Amadeo','Tobacco Buyer','202-555-0123','202-555-0148','',NULL,NULL,NULL,NULL,NULL,NULL,NULL,'\0',NULL,NULL,'\0',NULL,NULL,NULL,NULL,NULL,305,409,'2016-08-12 11:18:19',3),(5372,'Transferee','Shanley','Michaela','Audi','2007-10-21','Capiz','SierraLeonean','Catholic','','Janine','Millie','Valelly','AIDS Counselor','202-555-0181','202-555-0167','','Johnsie','Aurlie','Glider','Piano Professor','202-555-0177','202-555-0132','\0',NULL,NULL,NULL,NULL,NULL,NULL,NULL,'\0',NULL,NULL,'\0',NULL,NULL,NULL,NULL,NULL,305,409,'2016-08-12 11:18:19',3),(5373,'Transferee','Korzennik','Lila','Crissie','2008-11-10','Sultan Kudarat','Senegalese','Catholic','\0','Apolonia','Griffin','Alldredge','Multi-operation Forming Machine Setter','202-555-0102','202-555-0139','','Ezra','Deborah','Kauppi','Freight Clerk','202-555-0169','202-555-0185','\0',NULL,NULL,NULL,NULL,NULL,NULL,NULL,'\0',NULL,NULL,'\0',NULL,NULL,NULL,NULL,NULL,305,409,'2016-08-12 11:18:19',3),(5374,'Transferee','Scanlan','Maudie','Merrielle','2006-07-26','Aurora','Swiss','Muslim','\0','Maude','Ruddy','Norato','Freight Clerk','202 - 555 - 0150','202-555-0169','','Shauna','Scott','Bilodeau','Chiropractor','202-555-0123','202-555-0102','',NULL,NULL,NULL,NULL,NULL,NULL,NULL,'\0',NULL,NULL,'\0',NULL,NULL,NULL,NULL,NULL,305,409,'2016-08-12 11:18:20',3),(5375,'Transferee','Bertram','Tamekia','Cathie','2006-04-28','Camarines Sur','Jordanian','Born again','','Alecia','Riccardo','Liss','Statistical Analyst','202-555-0161','202-555-0132','\0','Yoshiko','Mano','Kasper','Nursing Service Director','202-555-0116','202-555-0177','',NULL,NULL,NULL,NULL,NULL,NULL,NULL,'\0',NULL,NULL,'\0',NULL,NULL,NULL,NULL,NULL,305,409,'2016-08-12 11:18:20',3),(5376,'Transferee','Venne','Ebonie','Quinton','2007-03-20','Capiz','Emirian','Muslim','\0','Sibyl','Sidonia','Still','Professor of Communication and Writing','202-555-0135','202-555-0131','\0','Maudie','Barny','Gurish','Short Story Writer','202-555-0150','202-555-0131','',NULL,NULL,NULL,NULL,NULL,NULL,NULL,'\0',NULL,NULL,'\0',NULL,NULL,NULL,NULL,NULL,305,409,'2016-08-12 11:18:20',3),(5377,'Transferee','Funcke','Teddy','Morse','2009-01-16','Kalinga','Welsh','Born again','\0','Lilliana','Latia','Sedcole','Multi-operation Forming Machine Setter','202-555-0137','202-555-0169','\0','Moses','Riccardo','Marston','Molasses Preparer','202-555-0181','202-555-0195','\0',NULL,NULL,NULL,NULL,NULL,NULL,NULL,'\0',NULL,NULL,'\0',NULL,NULL,NULL,NULL,NULL,306,409,'2016-08-12 11:18:38',3),(5378,'Transferee','Alldredge','Kanisha','Clim','2008-11-17','Isabela','TrinidadianorTobagonian','Protestant','','Denna','Indira','Fuchs','Strike Warfare/Missile Systems Officer','202-555-0179','202-555-0104','\0','Joana','Craggie','Cocuzzo','Short Story Writer','202 - 555 - 0150','202-555-0184','\0',NULL,NULL,NULL,NULL,NULL,NULL,NULL,'\0',NULL,NULL,'\0',NULL,NULL,NULL,NULL,NULL,306,409,'2016-08-12 11:18:39',3),(5379,'New','Mccarty','Pattie','Crissie','2007-05-21','Aklan','Monacan','Taoism','','Alecia','Katerina','Thibodeau','Ambulance Driver-Paramedic','202-555-0189','202-555-0145','','Winford','Jocelyn','Valdez','Cardroom Manager','202-555-0190','202-555-0114','',NULL,NULL,NULL,NULL,NULL,NULL,NULL,'\0',NULL,NULL,'\0',NULL,NULL,NULL,NULL,NULL,306,409,'2016-08-12 11:18:39',3),(5380,'Transferee','Upsdell','Elena','Phyllys','2006-01-19','Basilan','Moldovan','Protestant','','Melia','Brinn','Zarate','Nursing Service Director','202-555-0114','202-555-0185','\0','Arica','Orion','Decierdo','Nursing Service Director','202-555-0153','202-555-0173','',NULL,NULL,NULL,NULL,NULL,NULL,NULL,'\0',NULL,NULL,'\0',NULL,NULL,NULL,NULL,NULL,306,409,'2016-08-12 11:18:39',3),(5381,'Transferee','Deptula','Archie','Kendal','2011-04-28','Leyte','Herzegovinian','Protestant','','Maude','Lindy','Lord','Professor of Communication and Writing','202-555-0197','202-555-0101','\0','Karrie','Michele','Valelly','Nursing Service Director','202-555-0174','202-555-0100','\0',NULL,NULL,NULL,NULL,NULL,NULL,NULL,'\0',NULL,NULL,'\0',NULL,NULL,NULL,NULL,NULL,306,409,'2016-08-12 11:18:39',3),(5382,'New','Orfe','Jeanice','Claire','2011-02-28','Siquijor','Syrian','Protestant','','Ed','Latia','El-shaarawi','Drywall Applicator','202-555-0123','202-555-0112','','Madeleine','Maegan','Trautman','Statistical Analyst','202-555-0177','202-555-0145','',NULL,NULL,NULL,NULL,NULL,NULL,NULL,'\0',NULL,NULL,'\0',NULL,NULL,NULL,NULL,NULL,306,409,'2016-08-12 11:18:39',3),(5383,'New','Teutsch','Meghan','Mara','2007-10-16','Dinagat Islands','SierraLeonean','Protestant','\0','Leonel','Michele','Still','Cardroom Manager','202-555-0195','202-555-0161','\0','Maude','Tull','Tanenbaum','Piano Professor','202-555-0179','202-555-0100','',NULL,NULL,NULL,NULL,NULL,NULL,NULL,'\0',NULL,NULL,'\0',NULL,NULL,NULL,NULL,NULL,306,409,'2016-08-12 11:18:40',3),(5384,'Transferee','Balshaw','Leonel','Coralie','2008-02-21','Catanduanes','Uruguayan','Born again','\0','Stormy','Aurlie','Udall','Chiropractor','202-555-0131','202-555-0185','\0','Mandi','Coralie','Wilkin','Custom Wood Stair Builder','202-555-0114','202-555-0189','\0',NULL,NULL,NULL,NULL,NULL,NULL,NULL,'\0',NULL,NULL,'\0',NULL,NULL,NULL,NULL,NULL,306,409,'2016-08-12 11:18:40',3),(5385,'New','Thibodeau','Myles','Mara','2009-11-12','Nueva Ecija','NorthKorean','Taoism','','Elma','Derrik','Norato','Cardroom Manager','202-555-0162','202-555-0137','\0','Lezlie','Katerina','Stewart','Nursing Service Director','202-555-0102','202-555-0183','',NULL,NULL,NULL,NULL,NULL,NULL,NULL,'\0',NULL,NULL,'\0',NULL,NULL,NULL,NULL,NULL,306,409,'2016-08-12 11:18:40',3),(5386,'New','Fonseca','Janine','Skippie','2011-05-16','La Union','German','Born again','','Carisa','Griffin','Lueders-booth','Line Haul Driver','202-555-0198','202-555-0145','\0','Rikki','Merrielle','Burke','Voice-Over Artist','202-555-0163','202-555-0183','',NULL,NULL,NULL,NULL,NULL,NULL,NULL,'\0',NULL,NULL,'\0',NULL,NULL,NULL,NULL,NULL,306,409,'2016-08-12 11:18:40',3),(5387,'New','Sparda','Marshall','Aubrey','2009-03-16','Abra','Moldovan','Born again','\0','Pattie','Melantha','Ulam','Social Psychologist','202-555-0163','202-555-0162','','Lilliana','Roderich','Leis','Amusement Park Worker','202-555-0125','202-555-0185','',NULL,NULL,NULL,NULL,NULL,NULL,NULL,'\0',NULL,NULL,'\0',NULL,NULL,NULL,NULL,NULL,306,409,'2016-08-12 11:18:41',3),(5388,'Transferee','Markussen','Carlton','Merrielle','2006-02-26','Eastern Samar','Nicaraguan','Born again','','Ebonie','Claire','Giesbrecht','Professor of Communication and Writing','202-555-0199','202-555-0195','','Mariel','Riccardo','Upsdell','Voice-Over Artist','202-555-0175','202-555-0123','\0',NULL,NULL,NULL,NULL,NULL,NULL,NULL,'\0',NULL,NULL,'\0',NULL,NULL,NULL,NULL,NULL,306,409,'2016-08-12 11:18:41',3),(5389,'Transferee','Decierdo','Archie','Harriot','2007-02-18','Tawi-Tawi','Cuban','Protestant','\0','Marissa','Birgit','Metropolis','Ambulance Driver-Paramedic','202-555-0165','202-555-0110','\0','Antionette','Aurlie','Leis','Professor of Communication and Writing','202-555-0131','202-555-0150','\0',NULL,NULL,NULL,NULL,NULL,NULL,NULL,'\0',NULL,NULL,'\0',NULL,NULL,NULL,NULL,NULL,306,409,'2016-08-12 11:18:42',3),(5390,'Transferee','Amsden','Bridgette','Corliss','2011-05-17','South Cotabato','Thai','Catholic','','Maude','Quinton','Cocuzzo','Multi-operation Forming Machine Setter','202-555-0123','202-555-0125','\0','Loyce','Florette','Stilo','Short Story Writer','202-555-0101','202-555-0167','\0',NULL,NULL,NULL,NULL,NULL,NULL,NULL,'\0',NULL,NULL,'\0',NULL,NULL,NULL,NULL,NULL,306,409,'2016-08-12 11:18:43',3),(5391,'New','Bertram','Joana','Aubrey','2009-07-26','Camiguin','Macedonian','Taoism','','Michaela','Clim','Shanley','Nursing Service Director','202-555-0163','202-555-0184','','Leonel','Michele','Sedcole','Busser','202-555-0145','202-555-0100','',NULL,NULL,NULL,NULL,NULL,NULL,NULL,'\0',NULL,NULL,'\0',NULL,NULL,NULL,NULL,NULL,306,409,'2016-08-12 11:18:43',3),(5392,'New','Wilkin','Dorothea','Merrielle','2010-10-16','Batangas','Slovakian','Muslim','','Joanie','Katerina','Persky','Ambulance Driver-Paramedic','202-555-0173','202-555-0145','\0','Michaela','Harriot','Amsden','Nursing Service Director','202-555-0174','202-555-0100','\0',NULL,NULL,NULL,NULL,NULL,NULL,NULL,'\0',NULL,NULL,'\0',NULL,NULL,NULL,NULL,NULL,306,409,'2016-08-12 11:18:43',3),(5393,'New','Alldredge','Latashia','Craggie','2011-09-18','Davao del Sur','SolomonIslander','Taoism','\0','Joanie','Deirdre','Thibodeau','Freight Clerk','202-555-0109','202-555-0195','','Sudie','Riccardo','Wallander','Voice-Over Artist','202-555-0174','202-555-0135','\0',NULL,NULL,NULL,NULL,NULL,NULL,NULL,'\0',NULL,NULL,'\0',NULL,NULL,NULL,NULL,NULL,306,409,'2016-08-12 11:18:43',3),(5394,'Transferee','Hamel','Stacee','Florette','2007-11-26','Basilan','Omani','Taoism','','Winford','Astra','Badulescu','Line Haul Driver','202-555-0102','202-555-0190','','Erwin','Burk','Teutsch','Ambulance Driver-Paramedic','202-555-0179','202-555-0146','',NULL,NULL,NULL,NULL,NULL,NULL,NULL,'\0',NULL,NULL,'\0',NULL,NULL,NULL,NULL,NULL,306,409,'2016-08-12 11:18:44',3),(5395,'Transferee','Norato','Brinda','Kendal','2009-10-20','Sorsogon','Cypriot','Protestant','\0','Jana','Indira','Ebeling','Tobacco Buyer','202-555-0179','202-555-0161','','Johnsie','Cathie','Kauppi','Amusement Park Worker','202-555-0152','202-555-0189','\0',NULL,NULL,NULL,NULL,NULL,NULL,NULL,'\0',NULL,NULL,'\0',NULL,NULL,NULL,NULL,NULL,306,409,'2016-08-12 11:18:44',3),(5396,'Transferee','Venne','Pearle','Katerina','2006-05-11','Negros Oriental','Cypriot','Taoism','\0','Lezlie','Birgit','Kauppi','Licensed Clinical Mental Health Counselor','202-555-0114','202-555-0148','','Mariel','Conny','Benvenisty','Licensed Clinical Mental Health Counselor','202-555-0114','202-555-0199','',NULL,NULL,NULL,NULL,NULL,NULL,NULL,'\0',NULL,NULL,'\0',NULL,NULL,NULL,NULL,NULL,306,409,'2016-08-12 11:18:44',3),(5397,'Transferee','Kauppi','Hae','Mara','2006-06-16','Guimaras','SierraLeonean','Taoism','','Sunday','Clim','Rickles','Voice-Over Artist','202-555-0179','202-555-0148','','Ronda','Jessie','Bertram','Voice-Over Artist','202-555-0175','202-555-0138','\0',NULL,NULL,NULL,NULL,NULL,NULL,NULL,'\0',NULL,NULL,'\0',NULL,NULL,NULL,NULL,NULL,306,409,'2016-08-12 11:18:44',3),(5398,'Transferee','Valdez','Alecia','Morley','2009-01-28','Laguna','Senegalese','Taoism','\0','Marcellus','Mallorie','Stewart','Line Haul Driver','202-555-0145','202-555-0177','','Vilma','Morey','Arreguin','Custom Wood Stair Builder','202-555-0183','202-555-0198','\0',NULL,NULL,NULL,NULL,NULL,NULL,NULL,'\0',NULL,NULL,'\0',NULL,NULL,NULL,NULL,NULL,306,409,'2016-08-12 11:18:44',3),(5399,'New','Upsdell','Bridgette','Bernardo','2006-01-16','Zamboanga del Norte','German','Taoism','\0','Winford','Orion','Benvenisty','Licensed Clinical Mental Health Counselor','202-555-0162','202-555-0148','','Lezlie','Bernardo','Sassone','Gas Derrick Operator','202-555-0187','202-555-0186','',NULL,NULL,NULL,NULL,NULL,NULL,NULL,'\0',NULL,NULL,'\0',NULL,NULL,NULL,NULL,NULL,306,409,'2016-08-12 11:18:44',3),(5400,'New','Baskey','Dorothea','Burk','2011-08-10','Davao Oriental','Irish','Protestant','\0','Ai','Michele','Hulbert','Strike Warfare/Missile Systems Officer','202-555-0195','202-555-0137','','Meghan','Katerina','Arreguin','Multi-operation Forming Machine Setter','202-555-0153','202-555-0102','',NULL,NULL,NULL,NULL,NULL,NULL,NULL,'\0',NULL,NULL,'\0',NULL,NULL,NULL,NULL,NULL,306,409,'2016-08-12 11:18:45',3),(5401,'New','Compton','Leonore','Orion','2011-07-16','Agusan del Sur','Syrian','Protestant','\0','Elena','Barny','Leis','Tobacco Buyer','202-555-0139','202-555-0174','','Elma','Tootsie','Cady','Professor of Communication and Writing','202-555-0150','202-555-0190','\0',NULL,NULL,NULL,NULL,NULL,NULL,NULL,'\0',NULL,NULL,'\0',NULL,NULL,NULL,NULL,NULL,306,409,'2016-08-12 11:18:45',3),(5402,'Transferee','Balshaw','Maren','Oran','2010-01-22','Isabela','Panamanian','Catholic','\0','Soon','Aubrey','Prentice','Piano Professor','202-555-0100','202-555-0137','\0','Rikki','Mano','Alldredge','Drywall Applicator','202-555-0181','202-555-0125','',NULL,NULL,NULL,NULL,NULL,NULL,NULL,'\0',NULL,NULL,'\0',NULL,NULL,NULL,NULL,NULL,306,409,'2016-08-12 11:18:45',3),(5403,'Transferee','Valdez','Archie','Merrielle','2008-02-19','Misamis Occidental','Malian','Protestant','\0','Jeanice','Darrick','Sassone','Multi-operation Forming Machine Setter','202-555-0145','202-555-0184','\0','Odette','Aurlie','Naus','Busser','202-555-0152','202-555-0177','',NULL,NULL,NULL,NULL,NULL,NULL,NULL,'\0',NULL,NULL,'\0',NULL,NULL,NULL,NULL,NULL,306,409,'2016-08-12 11:18:45',3),(5404,'New','Dernburg','Elma','Claire','2010-02-25','Zamboanga del Norte','Omani','Taoism','','Tamekia','Griffin','Stilo','Drywall Applicator','202-555-0153','202-555-0112','','Tonja','Atlanta','Norato','Social Psychologist','202-555-0170','202-555-0150','\0',NULL,NULL,NULL,NULL,NULL,NULL,NULL,'\0',NULL,NULL,'\0',NULL,NULL,NULL,NULL,NULL,306,409,'2016-08-12 11:18:46',3),(5405,'Transferee','Badulescu','Erwin','Derrik','2008-04-13','Surigao del Sur','Brazilian','Taoism','','Stormy','Corliss','Stewart','Professor of Communication and Writing','202-555-0195','202-555-0139','\0','Celestine','Latia','Lubit','AIDS Counselor','202-555-0105','202-555-0153','',NULL,NULL,NULL,NULL,NULL,NULL,NULL,'\0',NULL,NULL,'\0',NULL,NULL,NULL,NULL,NULL,306,409,'2016-08-12 11:18:46',3),(5406,'New','Shanley','Pattie','Casey','2009-08-17','South Cotabato','Dutchwoman','Born again','\0','Karrie','Aubrey','Baskey','Nursing Service Director','202-555-0189','202-555-0104','','Winter','Alexio','Lachenbruch','Short Story Writer','202-555-0145','202-555-0148','',NULL,NULL,NULL,NULL,NULL,NULL,NULL,'\0',NULL,NULL,'\0',NULL,NULL,NULL,NULL,NULL,306,409,'2016-08-12 11:18:46',3),(5407,'New','Orfe','Ronda','Efrem','2007-02-20','Zamboanga del Norte','I-Kiribati','Muslim','\0','Delcie','Indira','Brake','Chiropractor','202-555-0179','202-555-0145','\0','Meghan','Adaline','Polya','Ambulance Driver-Paramedic','202-555-0173','202-555-0181','\0',NULL,NULL,NULL,NULL,NULL,NULL,NULL,'\0',NULL,NULL,'\0',NULL,NULL,NULL,NULL,NULL,307,409,'2016-08-12 11:19:01',5),(5408,'Transferee','Carty','Moses','Phyllys','2007-08-15','Pangasinan','French','Taoism','\0','Jade','Morse','Amsden','Line Haul Driver','202-555-0110','202 - 555 - 0150','','Madeleine','Quinton','Dernburg','Busser','202-555-0179','202-555-0186','\0',NULL,NULL,NULL,NULL,NULL,NULL,NULL,'\0',NULL,NULL,'\0',NULL,NULL,NULL,NULL,NULL,307,409,'2016-08-12 11:19:02',5),(5409,'New','Von mehren','Ed','Tootsie','2010-06-15','Leyte','Chinese','Protestant','','Melia','Ruddy','Brake','Statistical Analyst','202-555-0150','202-555-0150','\0','Idalia','Mano','Flowers','Lead Abatement Worker','202-555-0100','202-555-0173','\0',NULL,NULL,NULL,NULL,NULL,NULL,NULL,'\0',NULL,NULL,'\0',NULL,NULL,NULL,NULL,NULL,307,409,'2016-08-12 11:19:02',5),(5410,'New','Decierdo','Janessa','Jessie','2007-05-17','Cotabato','Ghanaian','Taoism','\0','Lila','Thornie','Glider','Piano Professor','202-555-0139','202-555-0146','\0','Loyce','Aurlie','Cepko','Tobacco Buyer','202-555-0198','202-555-0197','\0',NULL,NULL,NULL,NULL,NULL,NULL,NULL,'\0',NULL,NULL,'\0',NULL,NULL,NULL,NULL,NULL,307,409,'2016-08-12 11:19:02',5),(5411,'Transferee','Scanlan','Sean','Yuma','2006-06-16','Pampanga','Palauan','Protestant','','Sibyl','Riccardo','Ebeling','Piano Professor','202-555-0104','202-555-0170','','Shavon','Cecile','Persky','Statistical Analyst','202-555-0116','202-555-0135','',NULL,NULL,NULL,NULL,NULL,NULL,NULL,'\0',NULL,NULL,'\0',NULL,NULL,NULL,NULL,NULL,307,409,'2016-08-12 11:19:02',5),(5412,'New','Valdez','Brinda','Tull','2007-07-23','Pampanga','Ecuadorean','Protestant','','Zena','Burk','Bilodeau','Line Haul Driver','202-555-0183','202-555-0123','\0','Carlota','Roderich','Stewart','Chiropractor','202-555-0173','202-555-0110','',NULL,NULL,NULL,NULL,NULL,NULL,NULL,'\0',NULL,NULL,'\0',NULL,NULL,NULL,NULL,NULL,307,409,'2016-08-12 11:19:03',5),(5413,'Transferee','Hiles','Leonore','Skippie','2008-09-28','Nueva Ecija','Zimbabwean','Catholic','','Joana','Skippie','Compton','Amusement Park Worker','202-555-0184','202-555-0123','\0','Winter','Harriot','Korzennik','Gas Derrick Operator','202-555-0195','202-555-0152','',NULL,NULL,NULL,NULL,NULL,NULL,NULL,'\0',NULL,NULL,'\0',NULL,NULL,NULL,NULL,NULL,307,409,'2016-08-12 11:19:03',5),(5414,'Transferee','Decierdo','Denna','Sidonia','2008-02-10','Pampanga','Nigerian','Taoism','\0','Winford','Maegan','Valelly','Tobacco Buyer','202-555-0146','202-555-0102','\0','Venetta','Frans','Von mehren','AIDS Counselor','202-555-0145','202-555-0169','\0',NULL,NULL,NULL,NULL,NULL,NULL,NULL,'\0',NULL,NULL,'\0',NULL,NULL,NULL,NULL,NULL,307,409,'2016-08-12 11:19:03',5),(5415,'New','Verdile','Marissa','Maegan','2008-04-20','Agusan del Sur','SanMarinese','Muslim','','Moses','Michele','Klipp','Multi-operation Forming Machine Setter','202-555-0195','202-555-0170','\0','Odette','Orion','Arreguin','Short Story Writer','202-555-0197','202-555-0199','\0',NULL,NULL,NULL,NULL,NULL,NULL,NULL,'\0',NULL,NULL,'\0',NULL,NULL,NULL,NULL,NULL,307,409,'2016-08-12 11:19:03',5),(5416,'Transferee','Carty','Elmo','Ruddy','2011-09-22','Tawi-Tawi','Bulgarian','Born again','','Elsie','Phyllys','Compton','Molasses Preparer','202-555-0146','202-555-0132','','Tamekia','Alexio','Stigler','Freight Clerk','202-555-0105','202-555-0150','\0',NULL,NULL,NULL,NULL,NULL,NULL,NULL,'\0',NULL,NULL,'\0',NULL,NULL,NULL,NULL,NULL,307,409,'2016-08-12 11:19:04',5),(5417,'New','Stigler','Stormy','Lindy','2008-11-16','Zamboanga del Norte','Tongan','Muslim','\0','Odette','Casey','Lord','Gas Derrick Operator','202-555-0186','202-555-0197','\0','Eve','Casey','Cocuzzo','Freight Clerk','202-555-0102','202-555-0177','',NULL,NULL,NULL,NULL,NULL,NULL,NULL,'\0',NULL,NULL,'\0',NULL,NULL,NULL,NULL,NULL,307,409,'2016-08-12 11:19:04',5),(5418,'New','Benvenisty','Denna','Birgit','2009-07-23','Batanes','Dutch','Protestant','','Pearle','Mallorie','Funcke','Strike Warfare/Missile Systems Officer','202-555-0145','202-555-0112','\0','Loyce','Yuma','Kasper','Strike Warfare/Missile Systems Officer','202-555-0177','202-555-0162','',NULL,NULL,NULL,NULL,NULL,NULL,NULL,'\0',NULL,NULL,'\0',NULL,NULL,NULL,NULL,NULL,307,409,'2016-08-12 11:19:04',5),(5419,'New','Sedcole','Elsie','Scott','2007-11-20','Dinagat Islands','Hungarian','Protestant','\0','Serita','Mara','Stigler','Lead Abatement Worker','202-555-0179','202-555-0137','\0','Ed','Efrem','Bertram','Ambulance Driver-Paramedic','202-555-0174','202-555-0145','\0',NULL,NULL,NULL,NULL,NULL,NULL,NULL,'\0',NULL,NULL,'\0',NULL,NULL,NULL,NULL,NULL,307,409,'2016-08-12 11:19:04',5),(5420,'New','Norato','Kaleigh','Quinton','2011-02-22','Agusan del Sur','Finnish','Protestant','\0','Lynnette','Frans','Stewart','Chiropractor','202-555-0112','202-555-0116','\0','Lourie','Griffin','Lord','Short Story Writer','202-555-0123','202-555-0179','\0',NULL,NULL,NULL,NULL,NULL,NULL,NULL,'\0',NULL,NULL,'\0',NULL,NULL,NULL,NULL,NULL,307,409,'2016-08-12 11:19:05',5),(5421,'Transferee','Schluter','Carlota','Florette','2008-06-21','Batanes','Indian','Catholic','','Joana','Coralie','Gurish','Social Psychologist','202-555-0179','202-555-0153','','Shauna','Pen','Schluter','Voice-Over Artist','202-555-0150','202-555-0177','',NULL,NULL,NULL,NULL,NULL,NULL,NULL,'\0',NULL,NULL,'\0',NULL,NULL,NULL,NULL,NULL,307,409,'2016-08-12 11:19:05',5),(5422,'Transferee','Prentice','Myles','Aurlie','2010-04-17','Misamis Oriental','Iranian','Muslim','','Carlton','Tedi','Trautman','Social Psychologist','202-555-0145','202-555-0123','','Stacee','Marchall','Amsden','Gas Derrick Operator','202-555-0125','202-555-0102','\0',NULL,NULL,NULL,NULL,NULL,NULL,NULL,'\0',NULL,NULL,'\0',NULL,NULL,NULL,NULL,NULL,307,409,'2016-08-12 11:19:06',5),(5423,'New','Plummer','Serita','Adaline','2011-01-19','Misamis Oriental','Burundian','Catholic','','Sunday','Morse','Burke','Line Haul Driver','202-555-0162','202-555-0145','\0','Karrie','Mallorie','Udall','Custom Wood Stair Builder','202-555-0170','202-555-0150','',NULL,NULL,NULL,NULL,NULL,NULL,NULL,'\0',NULL,NULL,'\0',NULL,NULL,NULL,NULL,NULL,307,409,'2016-08-12 11:19:06',5),(5424,'Transferee','Lueders-booth','Maragret','Conny','2006-07-23','Misamis Oriental','Sudanese','Born again','\0','Joanie','Melantha','Burke','Drywall Applicator','202-555-0114','202-555-0123','','Leonel','Scott','Stewart','Short Story Writer','202-555-0169','202-555-0162','',NULL,NULL,NULL,NULL,NULL,NULL,NULL,'\0',NULL,NULL,'\0',NULL,NULL,NULL,NULL,NULL,307,409,'2016-08-12 11:19:07',5),(5425,'Transferee','Upsdell','Latashia','Birgit','2006-06-24','Bulacan','Serbian','Protestant','','Stormy','Harriot','Naus','Gas Derrick Operator','202-555-0183','202-555-0165','\0','Apolonia','Charlotta','Metropolis','Line Haul Driver','202-555-0198','202-555-0116','\0',NULL,NULL,NULL,NULL,NULL,NULL,NULL,'\0',NULL,NULL,'\0',NULL,NULL,NULL,NULL,NULL,307,409,'2016-08-12 11:19:07',5),(5426,'Transferee','Sassone','Jana','Cecile','2007-10-13','Shariff Kabunsuan','Burmese','Muslim','','Elmo','Morey','Rickles','Emcee','202-555-0150','202-555-0114','','Celestine','Harvey','Fuchs','Statistical Analyst','202-555-0173','202-555-0105','',NULL,NULL,NULL,NULL,NULL,NULL,NULL,'\0',NULL,NULL,'\0',NULL,NULL,NULL,NULL,NULL,307,409,'2016-08-12 11:19:07',5),(5427,'Transferee','Funcke','Alecia','Mallorie','2009-09-16','Batangas','Bhutanese','Catholic','\0','Janine','Tull','Amadeo','Emcee','202-555-0145','202-555-0179','\0','Marcellus','Ransell','Sedcole','AIDS Counselor','202-555-0146','202-555-0195','\0',NULL,NULL,NULL,NULL,NULL,NULL,NULL,'\0',NULL,NULL,'\0',NULL,NULL,NULL,NULL,NULL,307,409,'2016-08-12 11:19:07',5),(5428,'New','Cady','Alecia','Deborah','2009-03-16','Palawan','Estonian','Protestant','\0','Soon','Asia','Alldredge','Strike Warfare/Missile Systems Officer','202-555-0123','202-555-0148','\0','Marissa','Astra','Cady','Gas Derrick Operator','202-555-0112','202-555-0114','',NULL,NULL,NULL,NULL,NULL,NULL,NULL,'\0',NULL,NULL,'\0',NULL,NULL,NULL,NULL,NULL,307,409,'2016-08-12 11:19:07',5),(5429,'Transferee','Glider','Shavon','Frans','2010-08-13','Sarangani','Tajik','Born again','\0','Celestine','Roderich','John Chiappini','Molasses Preparer','202-555-0179','202-555-0183','\0','Mandi','Katerina','Bilodeau','Voice-Over Artist','202-555-0199','202-555-0183','',NULL,NULL,NULL,NULL,NULL,NULL,NULL,'\0',NULL,NULL,'\0',NULL,NULL,NULL,NULL,NULL,307,409,'2016-08-12 11:19:08',5),(5430,'New','Compton','Latashia','Cecile','2007-01-19','Camarines Norte','Ni-Vanuatu','Born again','','Hae','Mallorie','Lamarche','Short Story Writer','202-555-0175','202-555-0163','\0','Kaleigh','Jessie','Leis','Emcee','202-555-0137','202-555-0109','',NULL,NULL,NULL,NULL,NULL,NULL,NULL,'\0',NULL,NULL,'\0',NULL,NULL,NULL,NULL,NULL,307,409,'2016-08-12 11:19:08',5),(5431,'New','Amadeo','Melia','Brinn','2011-04-10','Isabela','Jordanian','Protestant','','Lila','Cathie','Baino','Lead Abatement Worker','202-555-0110','202-555-0169','','Ingrid','Astra','Markussen','Tobacco Buyer','202-555-0100','202-555-0162','\0',NULL,NULL,NULL,NULL,NULL,NULL,NULL,'\0',NULL,NULL,'\0',NULL,NULL,NULL,NULL,NULL,307,409,'2016-08-12 11:19:08',5),(5432,'Transferee','Funcke','Hae','Ransell','2011-11-18','Guimaras','Tunisian','Muslim','','Winford','Corliss','Benvenisty','Line Haul Driver','202-555-0125','202-555-0102','\0','Pattie','Cthrine','Flowers','Professor of Communication and Writing','202-555-0181','202-555-0112','\0',NULL,NULL,NULL,NULL,NULL,NULL,NULL,'\0',NULL,NULL,'\0',NULL,NULL,NULL,NULL,NULL,307,409,'2016-08-12 11:19:08',5),(5433,'New','Fonseca','Sunday','Cathie','2008-06-14','Camarines Sur','Jordanian','Taoism','','Karrie','Cthrine','Still','Freight Clerk','202-555-0135','202 - 555 - 0150','\0','Lila','Claire','Sparda','Freight Clerk','202-555-0173','202-555-0179','',NULL,NULL,NULL,NULL,NULL,NULL,NULL,'\0',NULL,NULL,'\0',NULL,NULL,NULL,NULL,NULL,307,409,'2016-08-12 11:19:08',5),(5434,'New','Persky','Rosa','Kendal','2008-08-22','Guimaras','Nigerian','Protestant','','Maudie','Tedi','Wilkin','Cardroom Manager','202-555-0146','202-555-0169','\0','Arica','Lindy','Yaqub','Amusement Park Worker','202-555-0114','202-555-0174','',NULL,NULL,NULL,NULL,NULL,NULL,NULL,'\0',NULL,NULL,'\0',NULL,NULL,NULL,NULL,NULL,307,409,'2016-08-12 11:19:09',5),(5435,'New','Kasper','Arica','Coralie','2009-01-25','Misamis Occidental','Guinea-Bissauan','Catholic','\0','Myles','Marchall','Bertram','Freight Clerk','202-555-0132','202-555-0195','','Ebonie','Tedi','Brake','Cardroom Manager','202-555-0123','202-555-0110','',NULL,NULL,NULL,NULL,NULL,NULL,NULL,'\0',NULL,NULL,'\0',NULL,NULL,NULL,NULL,NULL,307,409,'2016-08-12 11:19:09',5),(5436,'New','Fuchs','Alecia','Indira','2008-08-22','Camiguin','Ivorian','Protestant','\0','Elmo','Astra','Valdez','Tobacco Buyer','202-555-0189','202-555-0195','','Myles','Simonette','Russo','Voice-Over Artist','202-555-0189','202-555-0114','\0',NULL,NULL,NULL,NULL,NULL,NULL,NULL,'\0',NULL,NULL,'\0',NULL,NULL,NULL,NULL,NULL,307,409,'2016-08-12 11:19:09',5),(5437,'Transferee','Markussen','Winter','Latia','2002-04-22','Southern Leyte','TrinidadianorTobagonian','Taoism','','Ruth','Brinn','Burke','Amusement Park Worker','202-555-0125','202-555-0183','','Pattie','Cathie','Cady','AIDS Counselor','202-555-0100','202-555-0169','',NULL,NULL,NULL,NULL,NULL,NULL,NULL,'\0',NULL,NULL,'\0',NULL,NULL,NULL,NULL,NULL,308,409,'2016-08-12 11:20:18',4),(5438,'New','Slosser','Ai','Deirdre','2003-03-10','Cebu','Grenadian','Muslim','\0','Janine','Morley','Cady','Ambulance Driver-Paramedic','202-555-0148','202-555-0195','\0','Kanisha','Clem','Baskey','Short Story Writer','202-555-0195','202-555-0175','\0',NULL,NULL,NULL,NULL,NULL,NULL,NULL,'\0',NULL,NULL,'\0',NULL,NULL,NULL,NULL,NULL,308,409,'2016-08-12 11:20:18',4),(5439,'New','Sassone','Mariel','Corliss','2004-02-11','Bohol','Icelander','Muslim','\0','Carisa','Birgit','Korzennik','Line Haul Driver','202-555-0175','202-555-0152','\0','Teddy','Townie','Norato','Chiropractor','202-555-0165','202-555-0179','\0',NULL,NULL,NULL,NULL,NULL,NULL,NULL,'\0',NULL,NULL,'\0',NULL,NULL,NULL,NULL,NULL,308,409,'2016-08-12 11:20:19',4),(5440,'New','Liss','Michaela','Aubrey','2006-08-21','Southern Leyte','Ecuadorean','Muslim','\0','Ebonie','Thornie','Cepko','Freight Clerk','202-555-0150','202-555-0197','\0','Brinda','Aubrey','Sedcole','Licensed Clinical Mental Health Counselor','202-555-0114','202-555-0101','',NULL,NULL,NULL,NULL,NULL,NULL,NULL,'\0',NULL,NULL,'\0',NULL,NULL,NULL,NULL,NULL,308,409,'2016-08-12 11:20:19',4),(5441,'New','Cocuzzo','Latashia','Katerina','2004-03-27','Zamboanga Sibugay','Dominican','Protestant','','Jade','Merrielle','Arreguin','Short Story Writer','202-555-0190','202-555-0100','','Maude','Tull','Burke','Lead Abatement Worker','202-555-0146','202-555-0198','\0',NULL,NULL,NULL,NULL,NULL,NULL,NULL,'\0',NULL,NULL,'\0',NULL,NULL,NULL,NULL,NULL,308,409,'2016-08-12 11:20:19',4),(5442,'New','John Chiappini','Elena','Merrielle','2002-03-28','Quirino','Emirian','Protestant','','Jeanice','Darrick','Burke','Busser','202-555-0138','202-555-0148','\0','Teddy','Cecile','Schluter','Nursing Service Director','202-555-0148','202-555-0112','\0',NULL,NULL,NULL,NULL,NULL,NULL,NULL,'\0',NULL,NULL,'\0',NULL,NULL,NULL,NULL,NULL,308,409,'2016-08-12 11:20:19',4),(5443,'New','Benvenisty','Margorie','Tull','2004-02-23','Isabela','Vietnamese','Protestant','\0','Elena','Astra','Glider','Busser','202-555-0152','202-555-0116','','Edith','Cecile','Naus','Drywall Applicator','202-555-0131','202-555-0195','\0',NULL,NULL,NULL,NULL,NULL,NULL,NULL,'\0',NULL,NULL,'\0',NULL,NULL,NULL,NULL,NULL,308,409,'2016-08-12 11:20:20',4),(5444,'New','Prentice','Joanie','Oran','2006-09-24','Lanao del Norte','Dutch','Catholic','','Lourie','Morey','Metropolis','AIDS Counselor','202-555-0173','202-555-0123','\0','Janine','Efrem','Rickles','Social Psychologist','202-555-0104','202-555-0125','\0',NULL,NULL,NULL,NULL,NULL,NULL,NULL,'\0',NULL,NULL,'\0',NULL,NULL,NULL,NULL,NULL,308,409,'2016-08-12 11:20:20',4),(5445,'New','Tanenbaum','Merissa','Tootsie','2003-04-11','Sultan Kudarat','Taiwanese','Protestant','\0','Michaela','Derrik','Marston','Emcee','202-555-0195','202-555-0161','','Janessa','Simonette','Russo','Custom Wood Stair Builder','202-555-0123','202-555-0104','',NULL,NULL,NULL,NULL,NULL,NULL,NULL,'\0',NULL,NULL,'\0',NULL,NULL,NULL,NULL,NULL,308,409,'2016-08-12 11:20:20',4),(5446,'New','Sedcole','Elma','Clem','2002-09-11','Metro Manila','Latvian','Born again','\0','Apolonia','Michele','Wallander','Short Story Writer','202-555-0125','202-555-0179','\0','Venetta','Clim','Hamel','Cardroom Manager','202-555-0137','202-555-0179','\0',NULL,NULL,NULL,NULL,NULL,NULL,NULL,'\0',NULL,NULL,'\0',NULL,NULL,NULL,NULL,NULL,308,409,'2016-08-12 11:20:21',4),(5447,'New','Upsdell','Arica','Cecile','2005-06-20','Mountain Province','German','Protestant','\0','Maudie','Conny','Badulescu','Licensed Clinical Mental Health Counselor','202-555-0114','202-555-0138','','Janessa','Ransell','Compton','Custom Wood Stair Builder','202-555-0153','202-555-0100','\0',NULL,NULL,NULL,NULL,NULL,NULL,NULL,'\0',NULL,NULL,'\0',NULL,NULL,NULL,NULL,NULL,308,409,'2016-08-12 11:20:21',4),(5448,'Transferee','Morin','Brinda','Harriot','2003-10-26','Ifugao','SouthAfrican','Muslim','\0','Elmo','Casey','Hamel','Chiropractor','202-555-0109','202-555-0125','','Teddy','Roderich','Still','Short Story Writer','202-555-0109','202-555-0150','\0',NULL,NULL,NULL,NULL,NULL,NULL,NULL,'\0',NULL,NULL,'\0',NULL,NULL,NULL,NULL,NULL,308,409,'2016-08-12 11:20:22',4),(5449,'New','Roussinos','Carisa','Corliss','2006-05-12','Guimaras','Bhutanese','Muslim','\0','Joana','Harvey','Brewer','Busser','202-555-0123','202-555-0104','','Ezra','Indira','Schluter','Drywall Applicator','202-555-0195','202-555-0132','',NULL,NULL,NULL,NULL,NULL,NULL,NULL,'\0',NULL,NULL,'\0',NULL,NULL,NULL,NULL,NULL,308,409,'2016-08-12 11:20:22',4),(5450,'Transferee','Sedcole','Mandi','Burk','2006-11-25','Compostela Valley','SierraLeonean','Protestant','\0','Tonja','Corliss','Lord','Ambulance Driver-Paramedic','202-555-0183','202-555-0100','','Sudie','Indira','Baskey','Strike Warfare/Missile Systems Officer','202-555-0181','202-555-0181','',NULL,NULL,NULL,NULL,NULL,NULL,NULL,'\0',NULL,NULL,'\0',NULL,NULL,NULL,NULL,NULL,308,409,'2016-08-12 11:20:22',4),(5451,'New','Arreguin','Jesica','Riccardo','2005-07-10','Aklan','Thai','Muslim','\0','Sunday','Indira','Glider','Statistical Analyst','202-555-0183','202-555-0109','\0','Teddy','Quinton','Fuchs','Ambulance Driver-Paramedic','202-555-0174','202-555-0181','\0',NULL,NULL,NULL,NULL,NULL,NULL,NULL,'\0',NULL,NULL,'\0',NULL,NULL,NULL,NULL,NULL,308,409,'2016-08-12 11:20:22',4),(5452,'New','Badulescu','Venetta','Craggie','2004-08-11','Shariff Kabunsuan','Togolese','Born again','\0','Shauna','Morley','Cocuzzo','Voice-Over Artist','202-555-0116','202-555-0199','\0','Loyce','Cathie','Trautman','Statistical Analyst','202-555-0179','202-555-0179','',NULL,NULL,NULL,NULL,NULL,NULL,NULL,'\0',NULL,NULL,'\0',NULL,NULL,NULL,NULL,NULL,308,409,'2016-08-12 11:20:23',4),(5453,'New','Persky','Antionette','Efrem','2004-04-25','Aklan','Tajik','Born again','','Michaela','Harvey','Mccarty','Drywall Applicator','202-555-0112','202-555-0179','','Jeanice','Millie','Trautman','Custom Wood Stair Builder','202-555-0175','202-555-0189','',NULL,NULL,NULL,NULL,NULL,NULL,NULL,'\0',NULL,NULL,'\0',NULL,NULL,NULL,NULL,NULL,308,409,'2016-08-12 11:20:23',4),(5454,'Transferee','Scanlan','Brinda','Coralie','2004-02-20','Misamis Oriental','I-Kiribati','Taoism','','Eve','Adaline','Cady','Voice-Over Artist','202-555-0183','202-555-0186','\0','Jeanice','Tedi','El-shaarawi','Chiropractor','202-555-0123','202-555-0183','\0',NULL,NULL,NULL,NULL,NULL,NULL,NULL,'\0',NULL,NULL,'\0',NULL,NULL,NULL,NULL,NULL,308,409,'2016-08-12 11:20:23',4),(5455,'Transferee','Hulbert','Jeanice','Morse','2003-10-17','Leyte','Bolivian','Muslim','','Erwin','Riccardo','Signon','Nursing Service Director','202-555-0131','202-555-0146','','Margorie','Morley','El-shaarawi','Strike Warfare/Missile Systems Officer','202-555-0138','202-555-0138','\0',NULL,NULL,NULL,NULL,NULL,NULL,NULL,'\0',NULL,NULL,'\0',NULL,NULL,NULL,NULL,NULL,308,409,'2016-08-12 11:20:23',4),(5456,'New','Orfe','Rona','Lindy','2004-09-14','Nueva Ecija','SanMarinese','Taoism','\0','Sean','Darrick','Polya','Multi-operation Forming Machine Setter','202-555-0169','202-555-0139','\0','Lila','Efrem','Prentice','Strike Warfare/Missile Systems Officer','202-555-0146','202-555-0131','',NULL,NULL,NULL,NULL,NULL,NULL,NULL,'\0',NULL,NULL,'\0',NULL,NULL,NULL,NULL,NULL,308,409,'2016-08-12 11:20:24',4),(5457,'Transferee','Baino','Carlton','Frans','2003-07-21','Zamboanga del Norte','Libyan','Muslim','','Sunday','Yuma','Ebeling','Voice-Over Artist','202-555-0138','202-555-0175','\0','Antionette','Aurlie','Pesavento','Nursing Service Director','202-555-0123','202-555-0174','',NULL,NULL,NULL,NULL,NULL,NULL,NULL,'\0',NULL,NULL,'\0',NULL,NULL,NULL,NULL,NULL,308,409,'2016-08-12 11:20:24',4),(5458,'Transferee','Pesavento','Ingrid','Florette','2004-04-19','Apayao','Liechtensteiner','Born again','','Michaela','Indira','Russo','Licensed Clinical Mental Health Counselor','202-555-0183','202-555-0198','\0','Lillian','Atlanta','Morin','AIDS Counselor','202-555-0148','202-555-0189','',NULL,NULL,NULL,NULL,NULL,NULL,NULL,'\0',NULL,NULL,'\0',NULL,NULL,NULL,NULL,NULL,308,409,'2016-08-12 11:20:24',4),(5459,'Transferee','Lockhart','Winter','Yuma','2004-04-22','Quezon','Fijian','Muslim','','Janine','Tull','Shanley','AIDS Counselor','202-555-0175','202-555-0179','','Lynnette','Indira','Amadeo','Custom Wood Stair Builder','202-555-0114','202-555-0148','\0',NULL,NULL,NULL,NULL,NULL,NULL,NULL,'\0',NULL,NULL,'\0',NULL,NULL,NULL,NULL,NULL,308,409,'2016-08-12 11:20:24',4),(5460,'New','Cady','Setsuko','Mano','2002-09-17','La Union','Emirian','Born again','','Elma','Morley','Mcnicol','Gas Derrick Operator','202-555-0175','202-555-0131','\0','Shavon','Lindy','Sassone','AIDS Counselor','202-555-0138','202-555-0138','\0',NULL,NULL,NULL,NULL,NULL,NULL,NULL,'\0',NULL,NULL,'\0',NULL,NULL,NULL,NULL,NULL,308,409,'2016-08-12 11:20:24',4),(5461,'Transferee','Still','Brinda','Derrik','2005-02-25','Agusan del Norte','Ni-Vanuatu','Protestant','','Delcie','Alexio','Schluter','Ambulance Driver-Paramedic','202-555-0162','202-555-0195','','Carisa','Claire','Hamel','AIDS Counselor','202-555-0163','202-555-0187','',NULL,NULL,NULL,NULL,NULL,NULL,NULL,'\0',NULL,NULL,'\0',NULL,NULL,NULL,NULL,NULL,308,409,'2016-08-12 11:20:24',4),(5462,'Transferee','Marston','Patricia','Claire','2003-10-13','Batanes','Iraqi','Muslim','\0','Elena','Cthrine','Glider','Molasses Preparer','202-555-0131','202-555-0185','','Moses','Quinton','Fuchs','Gas Derrick Operator','202-555-0145','202-555-0189','\0',NULL,NULL,NULL,NULL,NULL,NULL,NULL,'\0',NULL,NULL,'\0',NULL,NULL,NULL,NULL,NULL,308,409,'2016-08-12 11:20:25',4),(5463,'Transferee','Hulbert','Loyce','Kendal','2004-11-15','Maguindanao','Austrian','Catholic','\0','Ruth','Lindy','Metropolis','Short Story Writer','202-555-0195','202-555-0179','\0','Shavon','Orion','Naus','Tobacco Buyer','202 - 555 - 0150','202-555-0185','\0',NULL,NULL,NULL,NULL,NULL,NULL,NULL,'\0',NULL,NULL,'\0',NULL,NULL,NULL,NULL,NULL,308,409,'2016-08-12 11:20:25',4),(5464,'Transferee','Milioli','Archie','Maegan','2006-08-20','Davao del Sur','Tuvaluan','Taoism','','Ronda','Efrem','Bilodeau','Drywall Applicator','202-555-0173','202-555-0175','\0','Lourie','Pen','Metropolis','Strike Warfare/Missile Systems Officer','202-555-0181','202-555-0187','\0',NULL,NULL,NULL,NULL,NULL,NULL,NULL,'\0',NULL,NULL,'\0',NULL,NULL,NULL,NULL,NULL,308,409,'2016-08-12 11:20:25',4),(5465,'Transferee','Russo','Merissa','Marchall','2003-01-28','Northern Samar','Liechtensteiner','Taoism','\0','Ai','Deirdre','Cocuzzo','Voice-Over Artist','202-555-0100','202-555-0173','','Elsie','Yuma','Tanenbaum','Multi-operation Forming Machine Setter','202-555-0146','202-555-0197','\0',NULL,NULL,NULL,NULL,NULL,NULL,NULL,'\0',NULL,NULL,'\0',NULL,NULL,NULL,NULL,NULL,308,409,'2016-08-12 11:20:25',4),(5466,'Transferee','Dernburg','Venetta','Jocelyn','2005-06-14','Biliran','Bhutanese','Taoism','\0','Janessa','Harriot','Hiles','Multi-operation Forming Machine Setter','202-555-0189','202-555-0184','','Winter','Efrem','Compton','Strike Warfare/Missile Systems Officer','202-555-0148','202-555-0173','',NULL,NULL,NULL,NULL,NULL,NULL,NULL,'\0',NULL,NULL,'\0',NULL,NULL,NULL,NULL,NULL,308,409,'2016-08-12 11:20:26',4),(5467,'Transferee','Benvenisty','Sudie','Brinn','2005-08-21','Camarines Sur','Belizean','Protestant','','Ruth','Conny','Lord','Custom Wood Stair Builder','202-555-0167','202-555-0135','\0','Leonel','Craggie','Fuchs','Chiropractor','202-555-0104','202-555-0179','\0',NULL,NULL,NULL,NULL,NULL,NULL,NULL,'\0',NULL,NULL,'\0',NULL,NULL,NULL,NULL,NULL,309,409,'2016-08-12 11:20:42',4),(5468,'New','Cocuzzo','Idalia','Latia','2004-09-13','Davao del Norte','KittianandNevisian','Born again','','Pattie','Jessie','Baskey','Licensed Clinical Mental Health Counselor','202-555-0123','202-555-0131','\0','Donte','Tull','Fuchs','Amusement Park Worker','202-555-0138','202-555-0179','\0',NULL,NULL,NULL,NULL,NULL,NULL,NULL,'\0',NULL,NULL,'\0',NULL,NULL,NULL,NULL,NULL,309,409,'2016-08-12 11:20:43',4),(5469,'New','Leis','Tamekia','Kendal','2004-10-18','Cotabato','Gabonese','Taoism','\0','Michaela','Cathie','Norato','Custom Wood Stair Builder','202-555-0132','202-555-0195','\0','Pearle','Burk','Venne','Busser','202-555-0123','202-555-0199','\0',NULL,NULL,NULL,NULL,NULL,NULL,NULL,'\0',NULL,NULL,'\0',NULL,NULL,NULL,NULL,NULL,309,409,'2016-08-12 11:20:43',4),(5470,'New','Hamel','Jesica','Aurlie','2002-09-16','Cagayan','Zambian','Protestant','','Margorie','Millie','Burke','Chiropractor','202-555-0197','202-555-0177','\0','Pearle','Corliss','Korzennik','Licensed Clinical Mental Health Counselor','202-555-0167','202-555-0145','\0',NULL,NULL,NULL,NULL,NULL,NULL,NULL,'\0',NULL,NULL,'\0',NULL,NULL,NULL,NULL,NULL,309,409,'2016-08-12 11:20:43',4),(5471,'Transferee','Klipp','Joanie','Katerina','2006-03-26','Mountain Province','Japanese','Taoism','','Sibyl','Audi','Fuchs','Busser','202-555-0183','202-555-0125','','Ruth','Ruddy','Compton','Professor of Communication and Writing','202-555-0102','202-555-0195','\0',NULL,NULL,NULL,NULL,NULL,NULL,NULL,'\0',NULL,NULL,'\0',NULL,NULL,NULL,NULL,NULL,309,409,'2016-08-12 11:20:43',4),(5472,'Transferee','Decierdo','Winter','Millie','2006-02-14','Apayao','Namibian','Muslim','\0','Leonore','Tedi','Metropolis','Drywall Applicator','202-555-0104','202-555-0179','\0','Hae','Brinn','Valdez','Short Story Writer','202-555-0110','202-555-0170','\0',NULL,NULL,NULL,NULL,NULL,NULL,NULL,'\0',NULL,NULL,'\0',NULL,NULL,NULL,NULL,NULL,309,409,'2016-08-12 11:20:43',4),(5473,'New','Valelly','Carisa','Brinn','2006-11-13','Lanao del Sur','Honduran','Born again','\0','Donte','Merrielle','Markussen','Nursing Service Director','202-555-0190','202-555-0183','','Idalia','Derrik','Roussinos','Ambulance Driver-Paramedic','202-555-0189','202-555-0197','\0',NULL,NULL,NULL,NULL,NULL,NULL,NULL,'\0',NULL,NULL,'\0',NULL,NULL,NULL,NULL,NULL,309,409,'2016-08-12 11:20:44',4),(5474,'New','Glider','Kanisha','Ransell','2005-01-12','Zamboanga del Sur','Palauan','Taoism','','Delcie','Ruddy','Norato','Chiropractor','202-555-0125','202-555-0198','','Maudie','Pen','Rickles','Chiropractor','202-555-0112','202-555-0125','\0',NULL,NULL,NULL,NULL,NULL,NULL,NULL,'\0',NULL,NULL,'\0',NULL,NULL,NULL,NULL,NULL,309,409,'2016-08-12 11:20:44',4),(5475,'New','Gurish','Bridgette','Tull','2004-01-15','Agusan del Sur','KittianandNevisian','Catholic','\0','Carlota','Jocelyn','Sparda','Custom Wood Stair Builder','202-555-0125','202-555-0148','','Vilma','Cathie','Baskey','Piano Professor','202-555-0125','202-555-0175','',NULL,NULL,NULL,NULL,NULL,NULL,NULL,'\0',NULL,NULL,'\0',NULL,NULL,NULL,NULL,NULL,309,409,'2016-08-12 11:20:44',4),(5476,'Transferee','Ulam','Madeleine','Quinton','2006-10-11','Kalinga','Nepalese','Born again','\0','Leonel','Astra','Hulbert','Amusement Park Worker','202-555-0125','202-555-0131','\0','Stacee','Mara','Balshaw','AIDS Counselor','202-555-0169','202-555-0125','',NULL,NULL,NULL,NULL,NULL,NULL,NULL,'\0',NULL,NULL,'\0',NULL,NULL,NULL,NULL,NULL,309,409,'2016-08-12 11:20:44',4),(5477,'New','Brewer','Dorothea','Morse','2002-08-16','Maguindanao','Guinea-Bissauan','Protestant','\0','Ludivina','Crissie','Wilkin','Licensed Clinical Mental Health Counselor','202-555-0131','202-555-0138','\0','Maragret','Quinton','Lachenbruch','Busser','202-555-0131','202-555-0179','',NULL,NULL,NULL,NULL,NULL,NULL,NULL,'\0',NULL,NULL,'\0',NULL,NULL,NULL,NULL,NULL,309,409,'2016-08-12 11:20:44',4),(5478,'New','Norato','Sean','Michele','2003-05-24','Capiz','Danish','Taoism','\0','Mandi','Morley','Marston','Custom Wood Stair Builder','202-555-0185','202-555-0131','\0','Odette','Harvey','Courval','Amusement Park Worker','202-555-0183','202-555-0177','\0',NULL,NULL,NULL,NULL,NULL,NULL,NULL,'\0',NULL,NULL,'\0',NULL,NULL,NULL,NULL,NULL,309,409,'2016-08-12 11:20:45',4),(5479,'New','Signon','Brinda','Quinton','2005-11-19','Catanduanes','EquatorialGuinean','Born again','\0','Delcie','Corliss','Shanley','Social Psychologist','202 - 555 - 0150','202-555-0190','','Stacee','Cathie','John Chiappini','Amusement Park Worker','202-555-0135','202-555-0165','\0',NULL,NULL,NULL,NULL,NULL,NULL,NULL,'\0',NULL,NULL,'\0',NULL,NULL,NULL,NULL,NULL,309,409,'2016-08-12 11:20:45',4),(5480,'Transferee','Leis','Karrie','Frans','2005-07-12','Romblon','EquatorialGuinean','Protestant','','Alecia','Deborah','Compton','Piano Professor','202-555-0105','202-555-0132','','Brinda','Casey','Brake','Cardroom Manager','202-555-0197','202-555-0135','\0',NULL,NULL,NULL,NULL,NULL,NULL,NULL,'\0',NULL,NULL,'\0',NULL,NULL,NULL,NULL,NULL,309,409,'2016-08-12 11:20:46',4),(5481,'New','Bilodeau','Elmo','Kendal','2006-06-13','Masbate','Congolese','Born again','\0','Shauna','Griffin','Compton','Voice-Over Artist','202-555-0183','202-555-0102','','Lourie','Yuma','Yaqub','Tobacco Buyer','202-555-0189','202-555-0104','\0',NULL,NULL,NULL,NULL,NULL,NULL,NULL,'\0',NULL,NULL,'\0',NULL,NULL,NULL,NULL,NULL,309,409,'2016-08-12 11:20:46',4),(5482,'New','Wallander','Frederick','Indira','2003-05-12','Eastern Samar','Bhutanese','Catholic','','Arica','Birgit','Deptula','Emcee','202-555-0177','202-555-0189','\0','Winford','Casey','Stigler','AIDS Counselor','202-555-0179','202-555-0101','',NULL,NULL,NULL,NULL,NULL,NULL,NULL,'\0',NULL,NULL,'\0',NULL,NULL,NULL,NULL,NULL,309,409,'2016-08-12 11:20:46',4),(5483,'Transferee','Balshaw','Apolonia','Thornie','2002-05-23','Ilocos Sur','Italian','Protestant','','Brinda','Asia','Tanenbaum','AIDS Counselor','202-555-0135','202-555-0175','','Margorie','Rogers','Glider','AIDS Counselor','202-555-0189','202-555-0100','\0',NULL,NULL,NULL,NULL,NULL,NULL,NULL,'\0',NULL,NULL,'\0',NULL,NULL,NULL,NULL,NULL,309,409,'2016-08-12 11:20:46',4),(5484,'New','Maddox','Marissa','Michele','2005-08-18','Eastern Samar','French','Born again','','Madeleine','Asia','Dernburg','Tobacco Buyer','202-555-0175','202-555-0167','\0','Teddy','Townie','Teutsch','Busser','202-555-0177','202-555-0175','',NULL,NULL,NULL,NULL,NULL,NULL,NULL,'\0',NULL,NULL,'\0',NULL,NULL,NULL,NULL,NULL,309,409,'2016-08-12 11:20:46',4),(5485,'New','John Chiappini','Carlton','Birgit','2006-03-19','Ilocos Sur','SouthKorean','Catholic','','Michaela','Frans','Mcnicol','Social Psychologist','202-555-0145','202-555-0146','','Jade','Ruddy','Still','Amusement Park Worker','202-555-0114','202-555-0109','\0',NULL,NULL,NULL,NULL,NULL,NULL,NULL,'\0',NULL,NULL,'\0',NULL,NULL,NULL,NULL,NULL,309,409,'2016-08-12 11:20:47',4),(5486,'Transferee','Milioli','Joana','Millie','2002-11-14','Maguindanao','Taiwanese','Muslim','\0','Stacee','Barny','Scanlan','Drywall Applicator','202-555-0152','202-555-0195','','Macy','Burk','Lamarche','Emcee','202-555-0112','202-555-0185','',NULL,NULL,NULL,NULL,NULL,NULL,NULL,'\0',NULL,NULL,'\0',NULL,NULL,NULL,NULL,NULL,309,409,'2016-08-12 11:20:47',4),(5487,'New','Gurish','Karrie','Ransell','2003-02-18','Surigao del Norte','Grenadian','Born again','\0','Loyce','Cecile','Kasper','Molasses Preparer','202-555-0100','202-555-0161','','Karrie','Asia','Verdile','Tobacco Buyer','202-555-0189','202-555-0150','\0',NULL,NULL,NULL,NULL,NULL,NULL,NULL,'\0',NULL,NULL,'\0',NULL,NULL,NULL,NULL,NULL,309,409,'2016-08-12 11:20:47',4),(5488,'New','Glider','Teddy','Phyllys','2003-06-21','Cotabato','Burundian','Muslim','\0','Moses','Mara','Lubit','Molasses Preparer','202-555-0179','202-555-0189','\0','Kanisha','Phyllys','Valdez','Multi-operation Forming Machine Setter','202-555-0197','202-555-0102','\0',NULL,NULL,NULL,NULL,NULL,NULL,NULL,'\0',NULL,NULL,'\0',NULL,NULL,NULL,NULL,NULL,309,409,'2016-08-12 11:20:47',4),(5489,'Transferee','Markussen','Rona','Barny','2004-11-22','Misamis Occidental','CostaRican','Catholic','\0','Marshall','Clem','Norato','Tobacco Buyer','202-555-0186','202-555-0199','','Lillian','Pen','Persky','Cardroom Manager','202-555-0123','202-555-0100','\0',NULL,NULL,NULL,NULL,NULL,NULL,NULL,'\0',NULL,NULL,'\0',NULL,NULL,NULL,NULL,NULL,309,409,'2016-08-12 11:20:47',4),(5490,'Transferee','Bronicki','Ebonie','Merrielle','2002-05-21','Kalinga','Barbudans','Catholic','\0','Maudie','Morse','Fuchs','Custom Wood Stair Builder','202-555-0190','202-555-0105','','Patricia','Darrick','Amadeo','Nursing Service Director','202-555-0181','202-555-0183','\0',NULL,NULL,NULL,NULL,NULL,NULL,NULL,'\0',NULL,NULL,'\0',NULL,NULL,NULL,NULL,NULL,309,409,'2016-08-12 11:20:48',4),(5491,'New','Gurish','Lynnette','Roderich','2005-04-13','Pangasinan','SaintLucian','Catholic','','Sudie','Brinn','Amsden','Social Psychologist','202-555-0104','202-555-0145','\0','Ruth','Aubrey','Slosser','Emcee','202-555-0145','202-555-0145','\0',NULL,NULL,NULL,NULL,NULL,NULL,NULL,'\0',NULL,NULL,'\0',NULL,NULL,NULL,NULL,NULL,309,409,'2016-08-12 11:20:48',4),(5492,'Transferee','Markussen','Loyce','Ruddy','2006-05-23','Misamis Occidental','Laotian','Protestant','\0','Janessa','Audi','Lord','Line Haul Driver','202-555-0109','202-555-0114','\0','Frederick','Pen','Balshaw','Gas Derrick Operator','202-555-0165','202-555-0173','\0',NULL,NULL,NULL,NULL,NULL,NULL,NULL,'\0',NULL,NULL,'\0',NULL,NULL,NULL,NULL,NULL,309,409,'2016-08-12 11:20:48',4),(5493,'Transferee','Courval','Lillian','Ransell','2005-07-21','Sarangani','Jordanian','Taoism','\0','Melia','Tedi','Venne','Piano Professor','202-555-0190','202-555-0189','','Maragret','Yuma','Kauppi','Gas Derrick Operator','202-555-0100','202-555-0197','',NULL,NULL,NULL,NULL,NULL,NULL,NULL,'\0',NULL,NULL,'\0',NULL,NULL,NULL,NULL,NULL,309,409,'2016-08-12 11:20:48',4),(5494,'New','Amadeo','Alecia','Marchall','2003-01-19','Palawan','Slovakian','Born again','','Lilliana','Morse','Trautman','Chiropractor','202-555-0137','202-555-0148','','Ronda','Astra','Benvenisty','Nursing Service Director','202-555-0123','202-555-0189','\0',NULL,NULL,NULL,NULL,NULL,NULL,NULL,'\0',NULL,NULL,'\0',NULL,NULL,NULL,NULL,NULL,309,409,'2016-08-12 11:20:49',4),(5495,'Transferee','Burke','Tamekia','Coralie','2006-01-15','Shariff Kabunsuan','Hungarian','Taoism','\0','Archie','Marchall','Amsden','Licensed Clinical Mental Health Counselor','202-555-0139','202-555-0162','\0','Hae','Merrielle','Klipp','Lead Abatement Worker','202-555-0139','202-555-0100','\0',NULL,NULL,NULL,NULL,NULL,NULL,NULL,'\0',NULL,NULL,'\0',NULL,NULL,NULL,NULL,NULL,309,409,'2016-08-12 11:20:49',4),(5496,'Transferee','Rickles','Venetta','Sidonia','2003-08-17','Dinagat Islands','EastTimorese','Catholic','','Stormy','Loydie','El-shaarawi','Short Story Writer','202-555-0184','202-555-0189','\0','Pearle','Tootsie','Stilo','Lead Abatement Worker','202-555-0167','202-555-0161','\0',NULL,NULL,NULL,NULL,NULL,NULL,NULL,'\0',NULL,NULL,'\0',NULL,NULL,NULL,NULL,NULL,309,409,'2016-08-12 11:20:49',4),(5497,'New','Flowers','Arica','Corliss','2005-09-10','Misamis Occidental','Azerbaijani','Catholic','','Marcellus','Adaline','Badulescu','Gas Derrick Operator','202-555-0125','202-555-0189','\0','Maragret','Clem','Bertram','Chiropractor','202-555-0174','202-555-0105','',NULL,NULL,NULL,NULL,NULL,NULL,NULL,'\0',NULL,NULL,'\0',NULL,NULL,NULL,NULL,NULL,310,409,'2016-08-12 11:21:05',4),(5498,'Transferee','Bertram','Moses','Harriot','2002-09-11','Nueva Vizcaya','Afghan','Taoism','','Elsie','Morley','Korzennik','Social Psychologist','202-555-0112','202-555-0131','','Erwin','Tootsie','Stigler','Social Psychologist','202-555-0114','202-555-0125','\0',NULL,NULL,NULL,NULL,NULL,NULL,NULL,'\0',NULL,NULL,'\0',NULL,NULL,NULL,NULL,NULL,310,409,'2016-08-12 11:21:05',4),(5499,'Transferee','Teutsch','Johnsie','Craggie','2006-10-25','Surigao del Sur','Norwegian','Protestant','','Karrie','Craggie','Lachenbruch','Drywall Applicator','202-555-0114','202-555-0175','','Venetta','Mano','Udall','Ambulance Driver-Paramedic','202-555-0116','202-555-0116','\0',NULL,NULL,NULL,NULL,NULL,NULL,NULL,'\0',NULL,NULL,'\0',NULL,NULL,NULL,NULL,NULL,310,409,'2016-08-12 11:21:05',4),(5500,'Transferee','Stigler','Maude','Michele','2002-01-21','Samar','Chinese','Catholic','\0','Denna','Michele','Venne','Social Psychologist','202-555-0161','202-555-0197','','Teddy','Adaline','Von mehren','Chiropractor','202-555-0165','202-555-0138','\0',NULL,NULL,NULL,NULL,NULL,NULL,NULL,'\0',NULL,NULL,'\0',NULL,NULL,NULL,NULL,NULL,310,409,'2016-08-12 11:21:06',4),(5501,'Transferee','Upsdell','Frederick','Indira','2006-09-11','Iloilo','Nicaraguan','Muslim','','Winford','Loydie','Lamarche','Nursing Service Director','202 - 555 - 0150','202-555-0179','','Sudie','Indira','Trautman','Busser','202-555-0175','202-555-0116','\0',NULL,NULL,NULL,NULL,NULL,NULL,NULL,'\0',NULL,NULL,'\0',NULL,NULL,NULL,NULL,NULL,310,409,'2016-08-12 11:21:06',4),(5502,'Transferee','Ebeling','Madeleine','Quinton','2002-02-26','Ifugao','Kuwaiti','Protestant','','Madeleine','Morey','Venne','Tobacco Buyer','202 - 555 - 0150','202-555-0183','\0','Elena','Tootsie','Yaqub','Ambulance Driver-Paramedic','202-555-0139','202-555-0110','\0',NULL,NULL,NULL,NULL,NULL,NULL,NULL,'\0',NULL,NULL,'\0',NULL,NULL,NULL,NULL,NULL,310,409,'2016-08-12 11:21:06',4),(5503,'Transferee','Hulbert','Winford','Conny','2006-08-26','Masbate','Ghanaian','Taoism','','Sean','Mallorie','Von mehren','Line Haul Driver','202-555-0165','202-555-0114','','Edith','Loydie','Dernburg','Voice-Over Artist','202-555-0197','202-555-0190','\0',NULL,NULL,NULL,NULL,NULL,NULL,NULL,'\0',NULL,NULL,'\0',NULL,NULL,NULL,NULL,NULL,310,409,'2016-08-12 11:21:06',4),(5504,'Transferee','Kasper','Vilma','Morey','2004-02-17','Aurora','Motswana','Taoism','\0','Idalia','Harriot','Stigler','Piano Professor','202-555-0112','202-555-0153','\0','Zena','Ransell','Thibodeau','Emcee','202-555-0165','202-555-0175','',NULL,NULL,NULL,NULL,NULL,NULL,NULL,'\0',NULL,NULL,'\0',NULL,NULL,NULL,NULL,NULL,310,409,'2016-08-12 11:21:06',4),(5505,'Transferee','Lockhart','Melia','Efrem','2004-09-24','Camarines Sur','SouthAfrican','Catholic','\0','Carlota','Latia','Hiles','Gas Derrick Operator','202-555-0104','202-555-0175','','Moses','Millie','Milioli','Nursing Service Director','202-555-0181','202-555-0135','',NULL,NULL,NULL,NULL,NULL,NULL,NULL,'\0',NULL,NULL,'\0',NULL,NULL,NULL,NULL,NULL,310,409,'2016-08-12 11:21:06',4),(5506,'Transferee','Bertram','Marshall','Orion','2002-09-10','Metro Manila','Luxembourger','Muslim','','Serita','Townie','Orfe','Statistical Analyst','202-555-0145','202-555-0195','','Ezra','Morley','Markussen','Voice-Over Artist','202-555-0163','202-555-0145','',NULL,NULL,NULL,NULL,NULL,NULL,NULL,'\0',NULL,NULL,'\0',NULL,NULL,NULL,NULL,NULL,310,409,'2016-08-12 11:21:07',4),(5507,'Transferee','Orfe','Serita','Indira','2003-09-24','Sultan Kudarat','Congolese','Protestant','\0','Jade','Charlotta','Prentice','Piano Professor','202-555-0173','202-555-0153','','Edith','Marchall','Still','Drywall Applicator','202-555-0185','202-555-0167','',NULL,NULL,NULL,NULL,NULL,NULL,NULL,'\0',NULL,NULL,'\0',NULL,NULL,NULL,NULL,NULL,310,409,'2016-08-12 11:21:07',4),(5508,'Transferee','Von mehren','Brinda','Efrem','2005-05-19','Camarines Norte','Ethiopian','Muslim','','Denna','Adaline','Brewer','Short Story Writer','202-555-0152','202-555-0177','','Eve','Efrem','El-shaarawi','Custom Wood Stair Builder','202-555-0150','202-555-0195','',NULL,NULL,NULL,NULL,NULL,NULL,NULL,'\0',NULL,NULL,'\0',NULL,NULL,NULL,NULL,NULL,310,409,'2016-08-12 11:21:07',4),(5509,'New','Marston','Sibyl','Marchall','2005-09-25','Nueva Ecija','Estonian','Protestant','','Vilma','Roderich','Sassone','Lead Abatement Worker','202-555-0109','202-555-0145','\0','Apolonia','Charlotta','Scanlan','Social Psychologist','202-555-0131','202-555-0170','\0',NULL,NULL,NULL,NULL,NULL,NULL,NULL,'\0',NULL,NULL,'\0',NULL,NULL,NULL,NULL,NULL,310,409,'2016-08-12 11:21:08',4),(5510,'New','Hiles','Loyce','Corliss','2004-02-13','Siquijor','Malaysian','Catholic','','Loyce','Morley','Korzennik','Chiropractor','202-555-0195','202-555-0161','\0','Joana','Coralie','Clear','AIDS Counselor','202-555-0175','202-555-0114','\0',NULL,NULL,NULL,NULL,NULL,NULL,NULL,'\0',NULL,NULL,'\0',NULL,NULL,NULL,NULL,NULL,310,409,'2016-08-12 11:21:08',4),(5511,'Transferee','Liss','Idalia','Merrielle','2003-06-21','Samar','Thai','Muslim','\0','Jesica','Loydie','Bronicki','Multi-operation Forming Machine Setter','202-555-0152','202-555-0181','','Ludivina','Skippie','Mccarty','Ambulance Driver-Paramedic','202-555-0197','202-555-0150','\0',NULL,NULL,NULL,NULL,NULL,NULL,NULL,'\0',NULL,NULL,'\0',NULL,NULL,NULL,NULL,NULL,310,409,'2016-08-12 11:21:08',4),(5512,'New','Bilodeau','Meghan','Millie','2003-01-20','Laguna','Congolese','Protestant','\0','Mandi','Claire','Von mehren','Voice-Over Artist','202-555-0112','202-555-0104','','Marissa','Crissie','Amsden','AIDS Counselor','202-555-0199','202-555-0145','',NULL,NULL,NULL,NULL,NULL,NULL,NULL,'\0',NULL,NULL,'\0',NULL,NULL,NULL,NULL,NULL,310,409,'2016-08-12 11:21:09',4),(5513,'New','Yaqub','Meghan','Audi','2004-07-16','Ifugao','Macedonian','Catholic','\0','Johnsie','Michele','Slosser','AIDS Counselor','202-555-0131','202-555-0116','\0','Brinda','Roderich','Markussen','Multi-operation Forming Machine Setter','202-555-0195','202-555-0101','\0',NULL,NULL,NULL,NULL,NULL,NULL,NULL,'\0',NULL,NULL,'\0',NULL,NULL,NULL,NULL,NULL,310,409,'2016-08-12 11:21:10',4),(5514,'Transferee','Bronicki','Ezra','Atlanta','2002-02-25','Sarangani','PapuaNewGuinean','Taoism','\0','Jeanice','Tull','Tanenbaum','Multi-operation Forming Machine Setter','202-555-0165','202-555-0185','\0','Denna','Deirdre','Bronicki','Emcee','202-555-0145','202-555-0100','\0',NULL,NULL,NULL,NULL,NULL,NULL,NULL,'\0',NULL,NULL,'\0',NULL,NULL,NULL,NULL,NULL,310,409,'2016-08-12 11:21:10',4),(5515,'New','Signon','Sudie','Simonette','2002-01-27','Bukidnon','Gambian','Muslim','\0','Archie','Thornie','Signon','Amusement Park Worker','202-555-0100','202-555-0145','\0','Lillian','Astra','Ebeling','Drywall Applicator','202-555-0123','202-555-0163','\0',NULL,NULL,NULL,NULL,NULL,NULL,NULL,'\0',NULL,NULL,'\0',NULL,NULL,NULL,NULL,NULL,310,409,'2016-08-12 11:21:11',4),(5516,'Transferee','Pesavento','Karrie','Indira','2005-02-28','Bulacan','Chinese','Muslim','','Winford','Clem','Thibodeau','Line Haul Driver','202-555-0179','202-555-0190','\0','Lila','Barny','Deptula','Drywall Applicator','202-555-0137','202-555-0145','\0',NULL,NULL,NULL,NULL,NULL,NULL,NULL,'\0',NULL,NULL,'\0',NULL,NULL,NULL,NULL,NULL,310,409,'2016-08-12 11:21:11',4),(5517,'New','Courval','Tamekia','Frans','2005-11-15','Tarlac','Dominican','Muslim','\0','Rona','Casey','Slosser','Drywall Applicator','202-555-0198','202-555-0181','','Tamekia','Mara','Brake','Line Haul Driver','202-555-0184','202-555-0179','',NULL,NULL,NULL,NULL,NULL,NULL,NULL,'\0',NULL,NULL,'\0',NULL,NULL,NULL,NULL,NULL,310,409,'2016-08-12 11:21:11',4),(5518,'New','Benvenisty','Serita','Quinton','2003-10-20','Mountain Province','Ni-Vanuatu','Catholic','\0','Dorothea','Ruddy','Glider','Piano Professor','202-555-0197','202-555-0101','\0','Stacee','Clim','Courval','Drywall Applicator','202-555-0110','202-555-0163','',NULL,NULL,NULL,NULL,NULL,NULL,NULL,'\0',NULL,NULL,'\0',NULL,NULL,NULL,NULL,NULL,310,409,'2016-08-12 11:21:12',4),(5519,'New','Tanenbaum','Yoshiko','Melantha','2003-10-14','Sulu','SouthAfrican','Catholic','','Lynnette','Jessie','Rickles','Social Psychologist','202-555-0197','202-555-0195','','Stormy','Coralie','Mccarty','Piano Professor','202-555-0145','202-555-0179','\0',NULL,NULL,NULL,NULL,NULL,NULL,NULL,'\0',NULL,NULL,'\0',NULL,NULL,NULL,NULL,NULL,310,409,'2016-08-12 11:21:12',4),(5520,'Transferee','Lachenbruch','Brinda','Audi','2006-10-20','Occidental Mindoro','Guinean','Muslim','\0','Tonja','Harvey','Fuchs','Freight Clerk','202-555-0187','202 - 555 - 0150','\0','Marcellus','Jocelyn','Flowers','Nursing Service Director','202-555-0183','202-555-0102','\0',NULL,NULL,NULL,NULL,NULL,NULL,NULL,'\0',NULL,NULL,'\0',NULL,NULL,NULL,NULL,NULL,310,409,'2016-08-12 11:21:12',4),(5521,'Transferee','Amsden','Mariel','Burk','2006-10-25','Laguna','Comoran','Protestant','','Kaleigh','Sidonia','Funcke','AIDS Counselor','202-555-0105','202-555-0173','','Rosa','Yuma','John Chiappini','Statistical Analyst','202-555-0167','202-555-0190','\0',NULL,NULL,NULL,NULL,NULL,NULL,NULL,'\0',NULL,NULL,'\0',NULL,NULL,NULL,NULL,NULL,310,409,'2016-08-12 11:21:12',4),(5522,'Transferee','Baskey','Ludivina','Orion','2002-02-23','Metro Manila','Ivorian','Born again','','Marcellus','Burk','Dernburg','Chiropractor','202-555-0184','202-555-0173','\0','Frederick','Astra','Wallander','Chiropractor','202-555-0132','202-555-0123','\0',NULL,NULL,NULL,NULL,NULL,NULL,NULL,'\0',NULL,NULL,'\0',NULL,NULL,NULL,NULL,NULL,310,409,'2016-08-12 11:21:13',4),(5523,'Transferee','Cady','Eve','Jessie','2005-08-23','Northern Samar','Greek','Muslim','','Lourie','Loydie','Orfe','Amusement Park Worker','202-555-0175','202-555-0153','','Teddy','Deborah','Metropolis','Ambulance Driver-Paramedic','202-555-0123','202-555-0112','\0',NULL,NULL,NULL,NULL,NULL,NULL,NULL,'\0',NULL,NULL,'\0',NULL,NULL,NULL,NULL,NULL,310,409,'2016-08-12 11:21:13',4),(5524,'Transferee','Valdez','Rosa','Pen','2006-04-10','Compostela Valley','Mozambican','Taoism','','Venetta','Corliss','Leis','Gas Derrick Operator','202-555-0116','202-555-0170','\0','Ai','Loydie','Clear','Piano Professor','202-555-0170','202-555-0125','\0',NULL,NULL,NULL,NULL,NULL,NULL,NULL,'\0',NULL,NULL,'\0',NULL,NULL,NULL,NULL,NULL,310,409,'2016-08-12 11:21:13',4),(5525,'New','Dernburg','Janine','Marchall','2002-03-15','Leyte','Polish','Born again','','Patricia','Barny','Baino','Busser','202-555-0163','202-555-0165','','Arica','Alexio','John Chiappini','Gas Derrick Operator','202-555-0174','202-555-0195','',NULL,NULL,NULL,NULL,NULL,NULL,NULL,'\0',NULL,NULL,'\0',NULL,NULL,NULL,NULL,NULL,310,409,'2016-08-12 11:21:13',4),(5526,'New','Ulam','Rona','Florette','2003-08-14','Ilocos Sur','Afghan','Protestant','\0','Sibyl','Morse','Wallander','Statistical Analyst','202-555-0110','202-555-0190','\0','Stacee','Efrem','Burke','Emcee','202-555-0112','202-555-0195','',NULL,NULL,NULL,NULL,NULL,NULL,NULL,'\0',NULL,NULL,'\0',NULL,NULL,NULL,NULL,NULL,310,409,'2016-08-12 11:21:14',4),(5527,'New','Arreguin','Sibyl','Derrik','2006-05-15','Eastern Samar','Tongan','Muslim','','Edith','Quinton','Bilodeau','Ambulance Driver-Paramedic','202-555-0145','202-555-0190','','Pearle','Merrielle','Mcnicol','Drywall Applicator','202-555-0123','202-555-0198','',NULL,NULL,NULL,NULL,NULL,NULL,NULL,'\0',NULL,NULL,'\0',NULL,NULL,NULL,NULL,NULL,311,409,'2016-08-12 11:21:57',4),(5528,'Transferee','Rickles','Joanie','Darrick','2003-11-25','Misamis Oriental','Omani','Protestant','','Jana','Maegan','Yaqub','Freight Clerk','202-555-0125','202-555-0197','\0','Ruth','Lindy','Lamarche','Professor of Communication and Writing','202-555-0102','202-555-0195','',NULL,NULL,NULL,NULL,NULL,NULL,NULL,'\0',NULL,NULL,'\0',NULL,NULL,NULL,NULL,NULL,311,409,'2016-08-12 11:21:57',4),(5529,'Transferee','Deptula','Meghan','Indira','2003-02-24','Cebu','Motswana','Taoism','\0','Yoshiko','Roderich','Lachenbruch','Freight Clerk','202-555-0186','202-555-0150','\0','Venetta','Morse','Lueders-booth','Emcee','202-555-0198','202-555-0145','\0',NULL,NULL,NULL,NULL,NULL,NULL,NULL,'\0',NULL,NULL,'\0',NULL,NULL,NULL,NULL,NULL,311,409,'2016-08-12 11:21:57',4),(5530,'Transferee','Valdez','Leonore','Millie','2002-07-20','Bataan','Malawian','Catholic','','Lilliana','Adaline','Lackner','Cardroom Manager','202-555-0153','202-555-0163','\0','Loyce','Derrik','Compton','Social Psychologist','202-555-0167','202-555-0112','',NULL,NULL,NULL,NULL,NULL,NULL,NULL,'\0',NULL,NULL,'\0',NULL,NULL,NULL,NULL,NULL,311,409,'2016-08-12 11:21:57',4),(5531,'New','Lockhart','Mandi','Latia','2003-02-18','Capiz','Tongan','Muslim','\0','Marcellus','Jessie','Sassone','Gas Derrick Operator','202-555-0185','202-555-0185','\0','Tonja','Skippie','Bronicki','Drywall Applicator','202-555-0110','202-555-0135','',NULL,NULL,NULL,NULL,NULL,NULL,NULL,'\0',NULL,NULL,'\0',NULL,NULL,NULL,NULL,NULL,311,409,'2016-08-12 11:21:58',4),(5532,'Transferee','Sedcole','Delcie','Roderich','2002-05-26','Aurora','Somali','Catholic','\0','Lilliana','Marchall','Cocuzzo','Molasses Preparer','202-555-0114','202-555-0199','\0','Loyce','Harriot','Cady','Piano Professor','202-555-0170','202-555-0137','',NULL,NULL,NULL,NULL,NULL,NULL,NULL,'\0',NULL,NULL,'\0',NULL,NULL,NULL,NULL,NULL,311,409,'2016-08-12 11:21:58',4),(5533,'Transferee','Schluter','Janine','Katerina','2005-03-20','Romblon','Indian','Taoism','\0','Soon','Aubrey','Hulbert','Chiropractor','202-555-0135','202 - 555 - 0150','\0','Sunday','Quinton','Bilodeau','Short Story Writer','202-555-0169','202-555-0109','',NULL,NULL,NULL,NULL,NULL,NULL,NULL,'\0',NULL,NULL,'\0',NULL,NULL,NULL,NULL,NULL,311,409,'2016-08-12 11:21:58',4),(5534,'New','Leis','Teddy','Morse','2006-01-17','Zamboanga del Norte','Ethiopian','Muslim','','Leonore','Millie','Hamel','Multi-operation Forming Machine Setter','202-555-0123','202-555-0123','','Erwin','Crissie','Hulbert','Chiropractor','202-555-0138','202-555-0116','',NULL,NULL,NULL,NULL,NULL,NULL,NULL,'\0',NULL,NULL,'\0',NULL,NULL,NULL,NULL,NULL,311,409,'2016-08-12 11:21:59',4),(5535,'New','Brewer','Donte','Loydie','2005-07-14','Bulacan','Kyrgyz','Catholic','','Merissa','Derrik','Roussinos','Drywall Applicator','202-555-0161','202-555-0137','','Jade','Maegan','Benvenisty','Piano Professor','202-555-0132','202-555-0150','',NULL,NULL,NULL,NULL,NULL,NULL,NULL,'\0',NULL,NULL,'\0',NULL,NULL,NULL,NULL,NULL,311,409,'2016-08-12 11:21:59',4),(5536,'Transferee','Bertram','Moses','Frans','2005-05-15','Guimaras','CentralAfrican','Born again','','Elsie','Quinton','Rickles','Busser','202-555-0186','202-555-0145','','Teddy','Clim','Brewer','Licensed Clinical Mental Health Counselor','202-555-0195','202-555-0146','\0',NULL,NULL,NULL,NULL,NULL,NULL,NULL,'\0',NULL,NULL,'\0',NULL,NULL,NULL,NULL,NULL,311,409,'2016-08-12 11:21:59',4),(5537,'Transferee','Sedcole','Tamekia','Alexio','2005-11-28','Agusan del Norte','Monacan','Born again','\0','Meghan','Jessie','Cady','Lead Abatement Worker','202-555-0183','202-555-0198','\0','Marshall','Melantha','Milioli','Drywall Applicator','202-555-0100','202-555-0167','',NULL,NULL,NULL,NULL,NULL,NULL,NULL,'\0',NULL,NULL,'\0',NULL,NULL,NULL,NULL,NULL,311,409,'2016-08-12 11:22:00',4),(5538,'Transferee','Korzennik','Margorie','Birgit','2005-02-23','Zamboanga del Norte','Czech','Catholic','\0','Jana','Griffin','Korzennik','Chiropractor','202-555-0105','202-555-0179','','Mandi','Conny','Stilo','Molasses Preparer','202-555-0179','202-555-0145','\0',NULL,NULL,NULL,NULL,NULL,NULL,NULL,'\0',NULL,NULL,'\0',NULL,NULL,NULL,NULL,NULL,311,409,'2016-08-12 11:22:00',4),(5539,'New','Lamarche','Ezra','Cathie','2003-11-13','Sorsogon','Taiwanese','Born again','','Pearle','Quinton','Kauppi','Gas Derrick Operator','202-555-0100','202-555-0123','\0','Leonel','Deirdre','Stilo','AIDS Counselor','202-555-0195','202-555-0131','',NULL,NULL,NULL,NULL,NULL,NULL,NULL,'\0',NULL,NULL,'\0',NULL,NULL,NULL,NULL,NULL,311,409,'2016-08-12 11:22:01',4),(5540,'New','Lord','Dorothea','Latia','2004-02-24','Northern Samar','Congolese','Taoism','','Idalia','Jocelyn','Plummer','Emcee','202-555-0177','202-555-0102','','Rosa','Morley','Baskey','Emcee','202-555-0145','202-555-0197','',NULL,NULL,NULL,NULL,NULL,NULL,NULL,'\0',NULL,NULL,'\0',NULL,NULL,NULL,NULL,NULL,311,409,'2016-08-12 11:22:01',4),(5541,'Transferee','Hulbert','Maren','Millie','2002-06-17','Pangasinan','Jamaican','Muslim','','Mandi','Corliss','Polya','Emcee','202-555-0195','202-555-0179','','Carlota','Birgit','Liss','Lead Abatement Worker','202-555-0173','202-555-0114','\0',NULL,NULL,NULL,NULL,NULL,NULL,NULL,'\0',NULL,NULL,'\0',NULL,NULL,NULL,NULL,NULL,311,409,'2016-08-12 11:22:01',4),(5542,'Transferee','Bronicki','Sunday','Yuma','2002-08-11','Zamboanga del Sur','Portuguese','Catholic','\0','Maragret','Griffin','Baskey','Busser','202-555-0100','202-555-0102','\0','Maren','Townie','Yaqub','Short Story Writer','202-555-0186','202-555-0114','\0',NULL,NULL,NULL,NULL,NULL,NULL,NULL,'\0',NULL,NULL,'\0',NULL,NULL,NULL,NULL,NULL,311,409,'2016-08-12 11:22:02',4),(5543,'New','Flowers','Marcellus','Tootsie','2003-03-28','Compostela Valley','Tongan','Taoism','\0','Denna','Kendal','Wallander','Nursing Service Director','202-555-0161','202-555-0104','','Sean','Sidonia','Alldredge','Freight Clerk','202-555-0138','202-555-0131','',NULL,NULL,NULL,NULL,NULL,NULL,NULL,'\0',NULL,NULL,'\0',NULL,NULL,NULL,NULL,NULL,311,409,'2016-08-12 11:22:02',4),(5544,'Transferee','Lord','Kanisha','Clem','2005-09-22','Camiguin','Mongolian','Muslim','','Stacee','Phyllys','Zarate','AIDS Counselor','202-555-0137','202-555-0195','\0','Elena','Conny','Sparda','Nursing Service Director','202-555-0114','202-555-0179','',NULL,NULL,NULL,NULL,NULL,NULL,NULL,'\0',NULL,NULL,'\0',NULL,NULL,NULL,NULL,NULL,311,409,'2016-08-12 11:22:02',4),(5545,'Transferee','Kasper','Winter','Riccardo','2002-08-11','Benguet','Bolivian','Catholic','','Mariel','Casey','Norato','Multi-operation Forming Machine Setter','202-555-0137','202-555-0131','\0','Maren','Audi','Wallander','Short Story Writer','202-555-0125','202-555-0102','',NULL,NULL,NULL,NULL,NULL,NULL,NULL,'\0',NULL,NULL,'\0',NULL,NULL,NULL,NULL,NULL,311,409,'2016-08-12 11:22:02',4),(5546,'Transferee','Milioli','Mariel','Katerina','2004-05-11','Masbate','Malagasy','Taoism','','Teddy','Oran','Alldredge','Social Psychologist','202-555-0104','202-555-0114','','Tamekia','Morey','Norato','Lead Abatement Worker','202 - 555 - 0150','202-555-0173','\0',NULL,NULL,NULL,NULL,NULL,NULL,NULL,'\0',NULL,NULL,'\0',NULL,NULL,NULL,NULL,NULL,311,409,'2016-08-12 11:22:03',4),(5547,'Transferee','Liss','Tamekia','Tedi','2002-09-21','Zambales','Nigerian','Born again','\0','Edith','Alexio','Thibodeau','Molasses Preparer','202-555-0131','202-555-0162','','Elmo','Merrielle','Badulescu','Ambulance Driver-Paramedic','202-555-0125','202-555-0190','\0',NULL,NULL,NULL,NULL,NULL,NULL,NULL,'\0',NULL,NULL,'\0',NULL,NULL,NULL,NULL,NULL,311,409,'2016-08-12 11:22:03',4),(5548,'Transferee','Bilodeau','Rona','Sidonia','2002-11-28','Eastern Samar','Nigerien','Muslim','','Sean','Scott','Upsdell','Molasses Preparer','202-555-0167','202-555-0114','','Madeleine','Burk','Gurish','Busser','202-555-0146','202-555-0175','',NULL,NULL,NULL,NULL,NULL,NULL,NULL,'\0',NULL,NULL,'\0',NULL,NULL,NULL,NULL,NULL,311,409,'2016-08-12 11:22:03',4),(5549,'New','Cepko','Michaela','Coralie','2005-04-22','Agusan del Sur','British','Born again','\0','Lynnette','Harriot','Mccarty','Professor of Communication and Writing','202-555-0179','202-555-0199','','Macy','Yuma','Amadeo','Piano Professor','202-555-0104','202-555-0101','\0',NULL,NULL,NULL,NULL,NULL,NULL,NULL,'\0',NULL,NULL,'\0',NULL,NULL,NULL,NULL,NULL,311,409,'2016-08-12 11:22:04',4),(5550,'Transferee','Brake','Dorothea','Maegan','2005-09-19','Cagayan','Swiss','Protestant','\0','Stacee','Bernardo','Mcnicol','Molasses Preparer','202-555-0165','202-555-0179','\0','Dorothea','Riccardo','Hulbert','Social Psychologist','202-555-0137','202-555-0179','',NULL,NULL,NULL,NULL,NULL,NULL,NULL,'\0',NULL,NULL,'\0',NULL,NULL,NULL,NULL,NULL,311,409,'2016-08-12 11:22:04',4),(5551,'Transferee','Scanlan','Ed','Claire','2005-03-15','Isabela','Spanish','Catholic','\0','Lynnette','Tootsie','Udall','Tobacco Buyer','202-555-0148','202-555-0195','','Maude','Skippie','Fuchs','Lead Abatement Worker','202-555-0152','202 - 555 - 0150','\0',NULL,NULL,NULL,NULL,NULL,NULL,NULL,'\0',NULL,NULL,'\0',NULL,NULL,NULL,NULL,NULL,311,409,'2016-08-12 11:22:04',4),(5552,'Transferee','Verdile','Carlota','Audi','2003-10-14','Samar','Italian','Protestant','','Maren','Audi','Glider','Lead Abatement Worker','202-555-0186','202-555-0145','\0','Ebonie','Indira','Bronicki','Strike Warfare/Missile Systems Officer','202-555-0114','202-555-0174','',NULL,NULL,NULL,NULL,NULL,NULL,NULL,'\0',NULL,NULL,'\0',NULL,NULL,NULL,NULL,NULL,311,409,'2016-08-12 11:22:04',4),(5553,'Transferee','Polya','Venetta','Ruddy','2002-09-24','Ilocos Norte','Cambodian','Born again','\0','Shauna','Morey','Carty','Lead Abatement Worker','202-555-0138','202-555-0161','','Setsuko','Phyllys','Marston','Short Story Writer','202-555-0185','202-555-0101','\0',NULL,NULL,NULL,NULL,NULL,NULL,NULL,'\0',NULL,NULL,'\0',NULL,NULL,NULL,NULL,NULL,311,409,'2016-08-12 11:22:05',4),(5554,'Transferee','Decierdo','Stormy','Yuma','2002-05-14','Benguet','Bolivian','Protestant','\0','Jade','Simonette','Norato','Gas Derrick Operator','202-555-0145','202-555-0186','','Leonel','Claire','Benvenisty','Multi-operation Forming Machine Setter','202-555-0145','202-555-0145','',NULL,NULL,NULL,NULL,NULL,NULL,NULL,'\0',NULL,NULL,'\0',NULL,NULL,NULL,NULL,NULL,311,409,'2016-08-12 11:22:05',4),(5555,'New','Bronicki','Patricia','Thornie','2004-11-18','Sorsogon','Batswana','Catholic','','Merissa','Griffin','Lubit','Licensed Clinical Mental Health Counselor','202-555-0132','202-555-0125','\0','Karrie','Indira','Hulbert','Voice-Over Artist','202-555-0167','202-555-0116','',NULL,NULL,NULL,NULL,NULL,NULL,NULL,'\0',NULL,NULL,'\0',NULL,NULL,NULL,NULL,NULL,311,409,'2016-08-12 11:22:06',4),(5556,'Transferee','Sassone','Margorie','Alexio','2006-03-27','Basilan','Fijian','Born again','','Meghan','Sidonia','Lueders-booth','Chiropractor','202-555-0181','202-555-0145','','Archie','Tull','Cepko','Nursing Service Director','202-555-0161','202-555-0167','\0',NULL,NULL,NULL,NULL,NULL,NULL,NULL,'\0',NULL,NULL,'\0',NULL,NULL,NULL,NULL,NULL,311,409,'2016-08-12 11:22:06',4),(5557,'Transferee','Morin','Erwin','Rogers','2012-09-19','Pangasinan','Zimbabwean','Born again','','Yoshiko','Birgit','Sassone','Voice-Over Artist','202-555-0101','202-555-0148','\0','Denna','Roderich','Lueders-booth','Multi-operation Forming Machine Setter','202-555-0102','202-555-0100','\0',NULL,NULL,NULL,NULL,NULL,NULL,NULL,'\0',NULL,NULL,'\0',NULL,NULL,NULL,NULL,NULL,301,408,'2018-08-12 11:24:54',3),(5558,'Transferee','Lockhart','Maude','Claire','2012-02-16','Aklan','Andorran','Protestant','\0','Joana','Atlanta','Cady','Strike Warfare/Missile Systems Officer','202-555-0165','202-555-0183','\0','Apolonia','Roderich','Sparda','Gas Derrick Operator','202-555-0170','202-555-0131','',NULL,NULL,NULL,NULL,NULL,NULL,NULL,'\0',NULL,NULL,'\0',NULL,NULL,NULL,NULL,NULL,301,408,'2018-08-12 11:24:54',3),(5559,'Transferee','Giesbrecht','Loyce','Kendal','2012-07-13','Zamboanga del Norte','Micronesian','Born again','','Jeanice','Katerina','Schluter','Tobacco Buyer','202-555-0179','202-555-0145','\0','Ebonie','Casey','Benvenisty','Statistical Analyst','202-555-0198','202-555-0114','',NULL,NULL,NULL,NULL,NULL,NULL,NULL,'\0',NULL,NULL,'\0',NULL,NULL,NULL,NULL,NULL,301,408,'2018-08-12 11:24:55',3),(5560,'New','Rickles','Apolonia','Oran','2012-06-21','Catanduanes','Senegalese','Taoism','','Stacee','Indira','Udall','Professor of Communication and Writing','202-555-0175','202-555-0145','\0','Antionette','Scott','Mccarty','Social Psychologist','202-555-0123','202-555-0153','\0',NULL,NULL,NULL,NULL,NULL,NULL,NULL,'\0',NULL,NULL,'\0',NULL,NULL,NULL,NULL,NULL,301,408,'2018-08-12 11:24:55',3),(5561,'Transferee','Clear','Lynnette','Griffin','2012-02-15','Albay','SouthAfrican','Protestant','','Alecia','Jocelyn','Bronicki','Amusement Park Worker','202-555-0123','202-555-0145','','Janessa','Atlanta','Lockhart','Molasses Preparer','202-555-0114','202-555-0195','',NULL,NULL,NULL,NULL,NULL,NULL,NULL,'\0',NULL,NULL,'\0',NULL,NULL,NULL,NULL,NULL,301,408,'2018-08-12 11:24:55',3),(5562,'New','Cepko','Apolonia','Adaline','2012-10-26','Lanao del Norte','Croatian','Catholic','','Jade','Frans','Korzennik','Cardroom Manager','202-555-0145','202-555-0179','','Jesica','Jocelyn','Burke','Tobacco Buyer','202-555-0190','202-555-0116','',NULL,NULL,NULL,NULL,NULL,NULL,NULL,'\0',NULL,NULL,'\0',NULL,NULL,NULL,NULL,NULL,301,408,'2018-08-12 11:24:55',3),(5563,'Transferee','Teutsch','Teddy','Millie','2012-01-13','Ifugao','Nigerian','Catholic','\0','Mariel','Audi','Milioli','Gas Derrick Operator','202-555-0125','202-555-0145','','Teddy','Maegan','Stigler','Social Psychologist','202-555-0148','202-555-0132','',NULL,NULL,NULL,NULL,NULL,NULL,NULL,'\0',NULL,NULL,'\0',NULL,NULL,NULL,NULL,NULL,301,408,'2018-08-12 11:24:56',3),(5564,'Transferee','Mcnicol','Johnsie','Latia','2012-10-26','Cebu','Nicaraguan','Taoism','\0','Ruth','Ransell','Glider','Busser','202-555-0145','202-555-0152','','Marissa','Coralie','Korzennik','Amusement Park Worker','202-555-0101','202-555-0161','',NULL,NULL,NULL,NULL,NULL,NULL,NULL,'\0',NULL,NULL,'\0',NULL,NULL,NULL,NULL,NULL,301,408,'2018-08-12 11:24:56',3),(5565,'Transferee','Russo','Sunday','Mara','2012-09-24','Apayao','NewZealander','Protestant','\0','Stacee','Charlotta','Russo','Statistical Analyst','202-555-0152','202-555-0198','\0','Maude','Merrielle','Courval','Professor of Communication and Writing','202-555-0181','202-555-0179','',NULL,NULL,NULL,NULL,NULL,NULL,NULL,'\0',NULL,NULL,'\0',NULL,NULL,NULL,NULL,NULL,301,408,'2018-08-12 11:24:58',3),(5566,'Transferee','Giesbrecht','Madeleine','Clim','2012-05-27','Camarines Sur','Macedonian','Catholic','\0','Bridgette','Crissie','Carty','Lead Abatement Worker','202-555-0131','202-555-0131','\0','Ebonie','Melantha','Valdez','Licensed Clinical Mental Health Counselor','202-555-0162','202-555-0123','',NULL,NULL,NULL,NULL,NULL,NULL,NULL,'\0',NULL,NULL,'\0',NULL,NULL,NULL,NULL,NULL,301,408,'2018-08-12 11:24:58',3),(5567,'Transferee','Valelly','Ruth','Barny','2012-09-22','Sorsogon','Panamanian','Taoism','\0','Margorie','Darrick','Badulescu','Chiropractor','202-555-0189','202-555-0114','','Sudie','Birgit','Rickles','Line Haul Driver','202-555-0198','202-555-0179','',NULL,NULL,NULL,NULL,NULL,NULL,NULL,'\0',NULL,NULL,'\0',NULL,NULL,NULL,NULL,NULL,301,408,'2018-08-12 11:24:58',3),(5568,'Transferee','Lachenbruch','Pearle','Quinton','2012-05-14','Iloilo','Guatemalan','Born again','\0','Sibyl','Adaline','Yaqub','Gas Derrick Operator','202-555-0173','202-555-0125','\0','Meghan','Simonette','Slosser','Professor of Communication and Writing','202-555-0197','202-555-0101','\0',NULL,NULL,NULL,NULL,NULL,NULL,NULL,'\0',NULL,NULL,'\0',NULL,NULL,NULL,NULL,NULL,301,408,'2018-08-12 11:24:59',3),(5569,'Transferee','Udall','Macy','Morey','2012-01-21','Misamis Oriental','Micronesian','Protestant','','Mariel','Morse','Metropolis','Professor of Communication and Writing','202-555-0179','202-555-0187','','Ai','Phyllys','Glider','Statistical Analyst','202-555-0112','202-555-0109','\0',NULL,NULL,NULL,NULL,NULL,NULL,NULL,'\0',NULL,NULL,'\0',NULL,NULL,NULL,NULL,NULL,301,408,'2018-08-12 11:24:59',3),(5570,'Transferee','Persky','Archie','Conny','2012-09-12','Ilocos Sur','Slovenian','Taoism','','Hae','Mara','Persky','Line Haul Driver','202-555-0152','202-555-0131','\0','Edith','Clim','Flowers','Nursing Service Director','202-555-0100','202-555-0165','\0',NULL,NULL,NULL,NULL,NULL,NULL,NULL,'\0',NULL,NULL,'\0',NULL,NULL,NULL,NULL,NULL,301,408,'2018-08-12 11:24:59',3),(5571,'New','Lamarche','Ed','Coralie','2012-10-23','Pangasinan','Ghanaian','Taoism','\0','Stacee','Bernardo','Norato','Emcee','202-555-0187','202-555-0190','\0','Joanie','Tedi','Polya','Line Haul Driver','202-555-0173','202-555-0125','',NULL,NULL,NULL,NULL,NULL,NULL,NULL,'\0',NULL,NULL,'\0',NULL,NULL,NULL,NULL,NULL,301,408,'2018-08-12 11:25:00',3),(5572,'New','Hamel','Sunday','Rogers','2012-02-19','Occidental Mindoro','Haitian','Protestant','\0','Rosa','Harvey','Sassone','Freight Clerk','202-555-0131','202-555-0105','','Ronda','Orion','Norato','Cardroom Manager','202 - 555 - 0150','202-555-0175','\0',NULL,NULL,NULL,NULL,NULL,NULL,NULL,'\0',NULL,NULL,'\0',NULL,NULL,NULL,NULL,NULL,301,408,'2018-08-12 11:25:00',3),(5573,'New','Venne','Sibyl','Derrik','2012-01-27','Apayao','Kuwaiti','Muslim','','Venetta','Scott','Venne','Custom Wood Stair Builder','202-555-0135','202-555-0179','\0','Alecia','Mallorie','Ebeling','Multi-operation Forming Machine Setter','202-555-0165','202-555-0169','',NULL,NULL,NULL,NULL,NULL,NULL,NULL,'\0',NULL,NULL,'\0',NULL,NULL,NULL,NULL,NULL,301,408,'2018-08-12 11:25:01',3),(5574,'New','Hulbert','Frederick','Mano','2012-01-17','Ifugao','Eritrean','Born again','','Elma','Burk','Slosser','Statistical Analyst','202-555-0146','202-555-0177','','Johnsie','Asia','Kauppi','Gas Derrick Operator','202 - 555 - 0150','202-555-0137','\0',NULL,NULL,NULL,NULL,NULL,NULL,NULL,'\0',NULL,NULL,'\0',NULL,NULL,NULL,NULL,NULL,301,408,'2018-08-12 11:25:01',3),(5575,'Transferee','Wallander','Lourie','Ruddy','2012-01-22','Quirino','Nigerien','Muslim','\0','Moses','Skippie','Upsdell','Multi-operation Forming Machine Setter','202-555-0195','202 - 555 - 0150','\0','Madeleine','Simonette','Lachenbruch','Drywall Applicator','202-555-0169','202-555-0125','\0',NULL,NULL,NULL,NULL,NULL,NULL,NULL,'\0',NULL,NULL,'\0',NULL,NULL,NULL,NULL,NULL,301,408,'2018-08-12 11:25:02',3),(5576,'New','Flowers','Tonja','Loydie','2012-07-18','Zamboanga Sibugay','Irish','Catholic','','Lezlie','Aurlie','Hiles','Drywall Applicator','202-555-0125','202-555-0105','\0','Myles','Lindy','Clear','Freight Clerk','202-555-0100','202-555-0174','\0',NULL,NULL,NULL,NULL,NULL,NULL,NULL,'\0',NULL,NULL,'\0',NULL,NULL,NULL,NULL,NULL,301,408,'2018-08-12 11:25:02',3),(5577,'Transferee','Brewer','Vilma','Casey','2012-09-21','La Union','Jamaican','Born again','','Mandi','Mano','Liss','Ambulance Driver-Paramedic','202-555-0100','202-555-0195','','Maudie','Marchall','Arreguin','Freight Clerk','202-555-0177','202-555-0181','',NULL,NULL,NULL,NULL,NULL,NULL,NULL,'\0',NULL,NULL,'\0',NULL,NULL,NULL,NULL,NULL,301,408,'2018-08-12 11:25:04',3),(5578,'Transferee','Glider','Frederick','Barny','2012-09-25','Occidental Mindoro','Swazi','Muslim','\0','Meghan','Coralie','Valelly','Social Psychologist','202-555-0162','202-555-0189','','Carisa','Clem','Cady','Piano Professor','202-555-0125','202-555-0175','',NULL,NULL,NULL,NULL,NULL,NULL,NULL,'\0',NULL,NULL,'\0',NULL,NULL,NULL,NULL,NULL,301,408,'2018-08-12 11:25:04',3),(5579,'Transferee','Cepko','Setsuko','Quinton','2012-07-26','Camarines Sur','Iraqi','Born again','','Venetta','Ruddy','Verdile','Multi-operation Forming Machine Setter','202-555-0123','202-555-0184','','Shavon','Michele','Alldredge','Multi-operation Forming Machine Setter','202-555-0100','202-555-0175','\0',NULL,NULL,NULL,NULL,NULL,NULL,NULL,'\0',NULL,NULL,'\0',NULL,NULL,NULL,NULL,NULL,301,408,'2018-08-12 11:25:04',3),(5580,'New','Verdile','Bridgette','Katerina','2012-08-22','Sultan Kudarat','Lebanese','Muslim','','Lourie','Mara','Trautman','Ambulance Driver-Paramedic','202-555-0138','202-555-0179','','Winford','Millie','Orfe','Chiropractor','202-555-0165','202-555-0100','\0',NULL,NULL,NULL,NULL,NULL,NULL,NULL,'\0',NULL,NULL,'\0',NULL,NULL,NULL,NULL,NULL,301,408,'2018-08-12 11:25:05',3),(5581,'Transferee','Tanenbaum','Bridgette','Deborah','2012-06-10','Sultan Kudarat','Honduran','Protestant','\0','Kaleigh','Marchall','Rickles','Custom Wood Stair Builder','202-555-0146','202-555-0145','\0','Denna','Mano','Maddox','Cardroom Manager','202-555-0186','202-555-0101','',NULL,NULL,NULL,NULL,NULL,NULL,NULL,'\0',NULL,NULL,'\0',NULL,NULL,NULL,NULL,NULL,301,408,'2018-08-12 11:25:06',3),(5582,'New','Decierdo','Madeleine','Morey','2012-04-11','Leyte','Grenadian','Born again','\0','Archie','Maegan','Flowers','Statistical Analyst','202-555-0161','202-555-0189','','Winter','Cthrine','Upsdell','Licensed Clinical Mental Health Counselor','202-555-0186','202-555-0173','\0',NULL,NULL,NULL,NULL,NULL,NULL,NULL,'\0',NULL,NULL,'\0',NULL,NULL,NULL,NULL,NULL,301,408,'2018-08-12 11:25:06',3),(5583,'New','Korzennik','Marshall','Craggie','2012-02-13','Surigao del Norte','Surinamer','Born again','\0','Denna','Coralie','Marston','Molasses Preparer','202-555-0153','202-555-0116','\0','Teddy','Katerina','Lamarche','Statistical Analyst','202-555-0114','202-555-0175','\0',NULL,NULL,NULL,NULL,NULL,NULL,NULL,'\0',NULL,NULL,'\0',NULL,NULL,NULL,NULL,NULL,301,408,'2018-08-12 11:25:06',3),(5584,'New','Glider','Odette','Melantha','2012-10-15','Cebu','Saudi','Taoism','','Zena','Skippie','Bertram','Ambulance Driver-Paramedic','202-555-0104','202-555-0148','\0','Johnsie','Riccardo','Prentice','Molasses Preparer','202-555-0173','202-555-0175','',NULL,NULL,NULL,NULL,NULL,NULL,NULL,'\0',NULL,NULL,'\0',NULL,NULL,NULL,NULL,NULL,301,408,'2018-08-12 11:25:07',3),(5585,'New','Plummer','Joana','Melantha','2012-05-12','Benguet','Icelander','Protestant','','Archie','Skippie','Lubit','Ambulance Driver-Paramedic','202-555-0135','202-555-0132','','Serita','Deirdre','Burke','Emcee','202-555-0145','202-555-0197','\0',NULL,NULL,NULL,NULL,NULL,NULL,NULL,'\0',NULL,NULL,'\0',NULL,NULL,NULL,NULL,NULL,301,408,'2018-08-12 11:25:07',3),(5586,'Transferee','Amadeo','Brinda','Yuma','2012-05-13','Dinagat Islands','Cypriot','Protestant','','Maren','Atlanta','Bertram','Tobacco Buyer','202 - 555 - 0150','202-555-0123','','Latashia','Cthrine','El-shaarawi','Licensed Clinical Mental Health Counselor','202-555-0162','202-555-0102','',NULL,NULL,NULL,NULL,NULL,NULL,NULL,'\0',NULL,NULL,'\0',NULL,NULL,NULL,NULL,NULL,301,408,'2018-08-12 11:25:07',3),(5587,'Transferee','Benvenisty','Stormy','Thornie','2008-03-26','Basilan','Mauritian','Protestant','','Pearle','Indira','Burke','Licensed Clinical Mental Health Counselor','202-555-0169','202-555-0146','','Elmo','Millie','Trautman','Molasses Preparer','202-555-0112','202-555-0195','\0',NULL,NULL,NULL,NULL,NULL,NULL,NULL,'\0',NULL,NULL,'\0',NULL,NULL,NULL,NULL,NULL,302,408,'2018-08-12 11:33:29',3),(5588,'New','Dernburg','Maren','Katerina','2007-02-24','Guimaras','Cypriot','Catholic','','Pearle','Indira','Korzennik','Freight Clerk','202-555-0169','202-555-0185','','Loyce','Cthrine','Balshaw','Emcee','202 - 555 - 0150','202 - 555 - 0150','',NULL,NULL,NULL,NULL,NULL,NULL,NULL,'\0',NULL,NULL,'\0',NULL,NULL,NULL,NULL,NULL,302,408,'2018-08-12 11:33:29',3),(5589,'New','Carty','Lezlie','Merrielle','2009-10-12','Quirino','Yemenite','Taoism','','Loyce','Mano','Clear','Line Haul Driver','202-555-0179','202-555-0153','','Michaela','Deborah','Schluter','Piano Professor','202-555-0175','202-555-0116','\0',NULL,NULL,NULL,NULL,NULL,NULL,NULL,'\0',NULL,NULL,'\0',NULL,NULL,NULL,NULL,NULL,302,408,'2018-08-12 11:33:29',3),(5590,'Transferee','Funcke','Joanie','Aubrey','2009-06-18','Agusan del Norte','EquatorialGuinean','Taoism','\0','Delcie','Melantha','Signon','Molasses Preparer','202-555-0146','202-555-0110','','Moses','Clim','Scanlan','Tobacco Buyer','202-555-0173','202-555-0105','',NULL,NULL,NULL,NULL,NULL,NULL,NULL,'\0',NULL,NULL,'\0',NULL,NULL,NULL,NULL,NULL,302,408,'2018-08-12 11:33:30',3),(5591,'New','Arreguin','Maren','Charlotta','2011-08-23','Oriental Mindoro','British','Muslim','\0','Ronda','Derrik','Glider','Gas Derrick Operator','202-555-0112','202-555-0177','','Karrie','Aubrey','Kasper','Drywall Applicator','202-555-0105','202-555-0110','',NULL,NULL,NULL,NULL,NULL,NULL,NULL,'\0',NULL,NULL,'\0',NULL,NULL,NULL,NULL,NULL,302,408,'2018-08-12 11:33:30',3),(5592,'Transferee','Deptula','Elmo','Latia','2009-02-16','Biliran','Libyan','Muslim','\0','Melia','Millie','Von mehren','Professor of Communication and Writing','202-555-0114','202-555-0100','\0','Vilma','Jocelyn','Kauppi','Custom Wood Stair Builder','202-555-0146','202-555-0125','\0',NULL,NULL,NULL,NULL,NULL,NULL,NULL,'\0',NULL,NULL,'\0',NULL,NULL,NULL,NULL,NULL,302,408,'2018-08-12 11:33:30',3),(5593,'Transferee','Shanley','Venetta','Tull','2006-06-15','Bataan','Tunisian','Catholic','','Kaleigh','Charlotta','Russo','Molasses Preparer','202-555-0114','202-555-0109','\0','Tamekia','Cecile','Signon','Line Haul Driver','202-555-0102','202-555-0105','',NULL,NULL,NULL,NULL,NULL,NULL,NULL,'\0',NULL,NULL,'\0',NULL,NULL,NULL,NULL,NULL,302,408,'2018-08-12 11:33:30',3),(5594,'Transferee','Prentice','Melia','Oran','2010-06-16','Tawi-Tawi','SouthAfrican','Catholic','\0','Meghan','Charlotta','Lamarche','Tobacco Buyer','202-555-0195','202-555-0177','','Tamekia','Clim','Hulbert','Cardroom Manager','202-555-0179','202-555-0114','\0',NULL,NULL,NULL,NULL,NULL,NULL,NULL,'\0',NULL,NULL,'\0',NULL,NULL,NULL,NULL,NULL,302,408,'2018-08-12 11:33:31',3),(5595,'New','Cady','Merissa','Indira','2011-03-10','Romblon','Belizean','Protestant','','Latashia','Jocelyn','Lubit','Molasses Preparer','202-555-0175','202-555-0114','\0','Kaleigh','Tedi','Morin','Freight Clerk','202-555-0175','202-555-0185','',NULL,NULL,NULL,NULL,NULL,NULL,NULL,'\0',NULL,NULL,'\0',NULL,NULL,NULL,NULL,NULL,302,408,'2018-08-12 11:33:31',3),(5596,'New','Brewer','Latashia','Casey','2009-06-13','Romblon','Greek','Catholic','\0','Winter','Maegan','Bertram','Busser','202-555-0100','202-555-0138','','Shavon','Coralie','John Chiappini','Molasses Preparer','202-555-0187','202-555-0125','\0',NULL,NULL,NULL,NULL,NULL,NULL,NULL,'\0',NULL,NULL,'\0',NULL,NULL,NULL,NULL,NULL,302,408,'2018-08-12 11:33:31',3),(5597,'Transferee','Ebeling','Zena','Jessie','2006-02-15','Nueva Vizcaya','Ukrainian','Catholic','\0','Yoshiko','Roderich','Lord','Cardroom Manager','202-555-0125','202-555-0125','','Carlota','Mano','Cepko','Tobacco Buyer','202-555-0186','202-555-0125','\0',NULL,NULL,NULL,NULL,NULL,NULL,NULL,'\0',NULL,NULL,'\0',NULL,NULL,NULL,NULL,NULL,302,408,'2018-08-12 11:33:32',3),(5598,'New','Lamarche','Alecia','Astra','2011-08-12','Quirino','American','Protestant','\0','Merissa','Townie','Compton','Line Haul Driver','202-555-0179','202-555-0145','','Marcellus','Maegan','Giesbrecht','Emcee','202-555-0190','202-555-0173','',NULL,NULL,NULL,NULL,NULL,NULL,NULL,'\0',NULL,NULL,'\0',NULL,NULL,NULL,NULL,NULL,302,408,'2018-08-12 11:33:32',3),(5599,'Transferee','Shanley','Kanisha','Astra','2008-05-26','Davao del Sur','Icelander','Muslim','','Jana','Merrielle','Leis','Lead Abatement Worker','202-555-0187','202-555-0125','','Odette','Clem','Decierdo','Custom Wood Stair Builder','202-555-0146','202-555-0173','\0',NULL,NULL,NULL,NULL,NULL,NULL,NULL,'\0',NULL,NULL,'\0',NULL,NULL,NULL,NULL,NULL,302,408,'2018-08-12 11:33:32',3),(5600,'Transferee','Norato','Zena','Scott','2010-09-17','Mountain Province','Sudanese','Born again','\0','Carlton','Ruddy','Orfe','Molasses Preparer','202-555-0102','202-555-0132','\0','Michaela','Clem','Lord','Gas Derrick Operator','202-555-0145','202-555-0173','',NULL,NULL,NULL,NULL,NULL,NULL,NULL,'\0',NULL,NULL,'\0',NULL,NULL,NULL,NULL,NULL,302,408,'2018-08-12 11:33:33',3),(5601,'New','Leis','Ludivina','Atlanta','2009-02-20','Lanao del Norte','Dominican','Protestant','\0','Kaleigh','Indira','Wallander','Cardroom Manager','202-555-0105','202-555-0175','','Michaela','Florette','Roussinos','Ambulance Driver-Paramedic','202-555-0102','202-555-0125','\0',NULL,NULL,NULL,NULL,NULL,NULL,NULL,'\0',NULL,NULL,'\0',NULL,NULL,NULL,NULL,NULL,302,408,'2018-08-12 11:33:33',3),(5602,'Transferee','Courval','Kaleigh','Audi','2008-07-27','Surigao del Norte','Irish','Muslim','\0','Joanie','Riccardo','Bertram','Nursing Service Director','202-555-0189','202-555-0139','','Stormy','Jessie','Prentice','Short Story Writer','202-555-0135','202-555-0174','\0',NULL,NULL,NULL,NULL,NULL,NULL,NULL,'\0',NULL,NULL,'\0',NULL,NULL,NULL,NULL,NULL,302,408,'2018-08-12 11:33:33',3),(5603,'Transferee','Glider','Teddy','Sidonia','2008-11-12','Ilocos Sur','Tanzanian','Born again','','Rosa','Phyllys','Funcke','Lead Abatement Worker','202-555-0123','202-555-0102','','Eve','Birgit','Flowers','Licensed Clinical Mental Health Counselor','202-555-0183','202-555-0148','\0',NULL,NULL,NULL,NULL,NULL,NULL,NULL,'\0',NULL,NULL,'\0',NULL,NULL,NULL,NULL,NULL,302,408,'2018-08-12 11:33:34',3),(5604,'Transferee','Sparda','Melia','Latia','2007-11-23','Cebu','Dutch','Born again','\0','Jeanice','Burk','Brewer','Emcee','202-555-0123','202-555-0189','','Merissa','Tootsie','Korzennik','Multi-operation Forming Machine Setter','202-555-0114','202-555-0161','',NULL,NULL,NULL,NULL,NULL,NULL,NULL,'\0',NULL,NULL,'\0',NULL,NULL,NULL,NULL,NULL,302,408,'2018-08-12 11:33:34',3),(5605,'Transferee','Russo','Eve','Aubrey','2008-01-20','Oriental Mindoro','Greek','Born again','','Teddy','Phyllys','Prentice','Multi-operation Forming Machine Setter','202-555-0139','202-555-0161','','Myles','Kendal','Markussen','Ambulance Driver-Paramedic','202-555-0175','202-555-0169','',NULL,NULL,NULL,NULL,NULL,NULL,NULL,'\0',NULL,NULL,'\0',NULL,NULL,NULL,NULL,NULL,302,408,'2018-08-12 11:33:34',3),(5606,'Transferee','Cady','Leonel','Morey','2010-09-10','Eastern Samar','Dominican','Muslim','\0','Ed','Darrick','Baino','Licensed Clinical Mental Health Counselor','202-555-0175','202-555-0125','\0','Janessa','Mano','Gurish','AIDS Counselor','202-555-0169','202-555-0167','',NULL,NULL,NULL,NULL,NULL,NULL,NULL,'\0',NULL,NULL,'\0',NULL,NULL,NULL,NULL,NULL,302,408,'2018-08-12 11:33:34',3),(5607,'New','Cady','Edith','Florette','2010-09-20','Bataan','Angolan','Catholic','','Michaela','Conny','El-shaarawi','Lead Abatement Worker','202-555-0179','202-555-0184','\0','Celestine','Tedi','Alldredge','Lead Abatement Worker','202-555-0183','202-555-0112','',NULL,NULL,NULL,NULL,NULL,NULL,NULL,'\0',NULL,NULL,'\0',NULL,NULL,NULL,NULL,NULL,302,408,'2018-08-12 11:33:35',3),(5608,'New','Udall','Mariel','Clem','2009-07-20','Sorsogon','Azerbaijani','Catholic','\0','Zena','Lindy','Udall','Nursing Service Director','202-555-0175','202-555-0184','\0','Setsuko','Burk','Thibodeau','Multi-operation Forming Machine Setter','202-555-0165','202-555-0170','\0',NULL,NULL,NULL,NULL,NULL,NULL,NULL,'\0',NULL,NULL,'\0',NULL,NULL,NULL,NULL,NULL,302,408,'2018-08-12 11:33:35',3),(5609,'New','Bronicki','Winter','Ransell','2009-08-28','Tarlac','NorthKorean','Catholic','','Donte','Griffin','Bronicki','Amusement Park Worker','202-555-0195','202-555-0189','\0','Ingrid','Maegan','Benvenisty','Ambulance Driver-Paramedic','202-555-0125','202-555-0131','',NULL,NULL,NULL,NULL,NULL,NULL,NULL,'\0',NULL,NULL,'\0',NULL,NULL,NULL,NULL,NULL,302,408,'2018-08-12 11:33:35',3),(5610,'New','Maddox','Apolonia','Sidonia','2007-02-17','Cavite','Burmese','Muslim','','Karrie','Barny','Burke','Molasses Preparer','202-555-0173','202-555-0189','\0','Arica','Aurlie','Lockhart','Tobacco Buyer','202-555-0145','202-555-0153','\0',NULL,NULL,NULL,NULL,NULL,NULL,NULL,'\0',NULL,NULL,'\0',NULL,NULL,NULL,NULL,NULL,302,408,'2018-08-12 11:33:36',3),(5611,'Transferee','Decierdo','Carlota','Frans','2009-05-20','Davao del Sur','Peruvian','Muslim','\0','Stacee','Frans','Bronicki','Ambulance Driver-Paramedic','202-555-0165','202-555-0189','\0','Leonore','Katerina','Pesavento','Short Story Writer','202-555-0181','202-555-0145','\0',NULL,NULL,NULL,NULL,NULL,NULL,NULL,'\0',NULL,NULL,'\0',NULL,NULL,NULL,NULL,NULL,302,408,'2018-08-12 11:33:36',3),(5612,'New','Decierdo','Latashia','Atlanta','2010-02-13','Northern Samar','Senegalese','Born again','','Elsie','Harriot','Burke','Lead Abatement Worker','202-555-0153','202-555-0131','\0','Arica','Tedi','Yaqub','Multi-operation Forming Machine Setter','202-555-0109','202 - 555 - 0150','',NULL,NULL,NULL,NULL,NULL,NULL,NULL,'\0',NULL,NULL,'\0',NULL,NULL,NULL,NULL,NULL,302,408,'2018-08-12 11:33:37',3),(5613,'Transferee','Yaqub','Carlton','Audi','2011-09-16','Batanes','Chilean','Taoism','','Merissa','Crissie','Balshaw','Chiropractor','202-555-0102','202-555-0189','','Arica','Phyllys','Valdez','Multi-operation Forming Machine Setter','202-555-0165','202-555-0173','\0',NULL,NULL,NULL,NULL,NULL,NULL,NULL,'\0',NULL,NULL,'\0',NULL,NULL,NULL,NULL,NULL,302,408,'2018-08-12 11:33:37',3),(5614,'Transferee','Slosser','Jesica','Griffin','2010-04-10','Rizal','Nigerian','Taoism','\0','Elena','Deborah','Lachenbruch','Emcee','202-555-0189','202-555-0135','\0','Janine','Aubrey','Balshaw','Line Haul Driver','202-555-0138','202-555-0153','\0',NULL,NULL,NULL,NULL,NULL,NULL,NULL,'\0',NULL,NULL,'\0',NULL,NULL,NULL,NULL,NULL,302,408,'2018-08-12 11:33:37',3),(5615,'Transferee','Russo','Jana','Jocelyn','2007-06-23','Batangas','Namibian','Taoism','','Marissa','Claire','Lord','Social Psychologist','202-555-0179','202-555-0145','','Maude','Skippie','Prentice','Lead Abatement Worker','202-555-0167','202 - 555 - 0150','',NULL,NULL,NULL,NULL,NULL,NULL,NULL,'\0',NULL,NULL,'\0',NULL,NULL,NULL,NULL,NULL,302,408,'2018-08-12 11:33:37',3),(5616,'Transferee','Fonseca','Johnsie','Lindy','2011-04-27','Pangasinan','Dominican','Catholic','\0','Ronda','Riccardo','Decierdo','Custom Wood Stair Builder','202-555-0131','202-555-0174','','Carlota','Mano','Plummer','Gas Derrick Operator','202-555-0179','202 - 555 - 0150','',NULL,NULL,NULL,NULL,NULL,NULL,NULL,'\0',NULL,NULL,'\0',NULL,NULL,NULL,NULL,NULL,302,408,'2018-08-12 11:33:38',3),(5617,'New','Lockhart','Delcie','Maegan','2009-05-25','Negros Oriental','Zimbabwean','Catholic','','Denna','Yuma','Wilkin','Gas Derrick Operator','202-555-0174','202-555-0173','\0','Frederick','Mara','Sassone','Short Story Writer','202-555-0173','202-555-0190','',NULL,NULL,NULL,NULL,NULL,NULL,NULL,'\0',NULL,NULL,'\0',NULL,NULL,NULL,NULL,NULL,303,408,'2018-08-12 11:46:09',3),(5618,'Transferee','Giesbrecht','Macy','Deborah','2007-04-20','Masbate','Iraqi','Taoism','','Janine','Millie','Pesavento','Nursing Service Director','202-555-0162','202-555-0175','','Jesica','Jessie','Mccarty','Cardroom Manager','202-555-0186','202-555-0195','\0',NULL,NULL,NULL,NULL,NULL,NULL,NULL,'\0',NULL,NULL,'\0',NULL,NULL,NULL,NULL,NULL,303,408,'2018-08-12 11:46:10',3),(5619,'New','Courval','Venetta','Coralie','2007-02-25','Romblon','Micronesian','Catholic','','Rikki','Cthrine','Morin','Chiropractor','202-555-0102','202-555-0100','\0','Leonore','Atlanta','Baskey','Piano Professor','202-555-0185','202-555-0181','\0',NULL,NULL,NULL,NULL,NULL,NULL,NULL,'\0',NULL,NULL,'\0',NULL,NULL,NULL,NULL,NULL,303,408,'2018-08-12 11:46:10',3),(5620,'New','Norato','Yoshiko','Tootsie','2010-10-12','Catanduanes','Libyan','Catholic','\0','Latashia','Atlanta','Orfe','Line Haul Driver','202-555-0135','202-555-0116','','Sudie','Oran','Courval','Nursing Service Director','202-555-0183','202-555-0186','\0',NULL,NULL,NULL,NULL,NULL,NULL,NULL,'\0',NULL,NULL,'\0',NULL,NULL,NULL,NULL,NULL,303,408,'2018-08-12 11:46:10',3),(5621,'New','Hiles','Vilma','Orion','2009-02-22','Camarines Sur','Moldovan','Catholic','','Elena','Maegan','Baskey','Cardroom Manager','202-555-0195','202-555-0100','','Elma','Alexio','Kauppi','Short Story Writer','202-555-0189','202-555-0114','\0',NULL,NULL,NULL,NULL,NULL,NULL,NULL,'\0',NULL,NULL,'\0',NULL,NULL,NULL,NULL,NULL,303,408,'2018-08-12 11:46:10',3),(5622,'Transferee','Metropolis','Delcie','Ransell','2010-06-14','Cebu','Burundian','Muslim','\0','Maude','Jocelyn','Lamarche','Voice-Over Artist','202-555-0177','202-555-0177','\0','Ruth','Marchall','Cocuzzo','Licensed Clinical Mental Health Counselor','202-555-0189','202-555-0137','',NULL,NULL,NULL,NULL,NULL,NULL,NULL,'\0',NULL,NULL,'\0',NULL,NULL,NULL,NULL,NULL,303,408,'2018-08-12 11:46:10',3),(5623,'Transferee','Glider','Elsie','Atlanta','2008-11-24','Basilan','Turkish','Protestant','\0','Delcie','Corliss','Polya','Molasses Preparer','202-555-0137','202-555-0102','','Joana','Coralie','Dernburg','AIDS Counselor','202-555-0101','202-555-0125','',NULL,NULL,NULL,NULL,NULL,NULL,NULL,'\0',NULL,NULL,'\0',NULL,NULL,NULL,NULL,NULL,303,408,'2018-08-12 11:46:11',3),(5624,'Transferee','Lamarche','Yoshiko','Lindy','2009-08-13','Albay','Slovenian','Catholic','','Delcie','Derrik','Hamel','Gas Derrick Operator','202-555-0110','202-555-0190','','Hae','Merrielle','Ulam','Piano Professor','202-555-0146','202-555-0101','\0',NULL,NULL,NULL,NULL,NULL,NULL,NULL,'\0',NULL,NULL,'\0',NULL,NULL,NULL,NULL,NULL,303,408,'2018-08-12 11:46:11',3),(5625,'New','Bronicki','Dorothea','Ransell','2009-09-28','Rizal','Danish','Catholic','\0','Margorie','Millie','Schluter','Gas Derrick Operator','202-555-0186','202-555-0102','','Sudie','Jocelyn','Mccarty','Drywall Applicator','202-555-0195','202-555-0125','\0',NULL,NULL,NULL,NULL,NULL,NULL,NULL,'\0',NULL,NULL,'\0',NULL,NULL,NULL,NULL,NULL,303,408,'2018-08-12 11:46:11',3),(5626,'New','Naus','Idalia','Townie','2011-01-26','Oriental Mindoro','Grenadian','Taoism','\0','Lynnette','Harvey','Stewart','Statistical Analyst','202 - 555 - 0150','202-555-0186','\0','Macy','Mara','Dernburg','Voice-Over Artist','202-555-0175','202-555-0163','',NULL,NULL,NULL,NULL,NULL,NULL,NULL,'\0',NULL,NULL,'\0',NULL,NULL,NULL,NULL,NULL,303,408,'2018-08-12 11:46:11',3),(5627,'New','Cepko','Pattie','Deirdre','2008-08-25','Laguna','Belizean','Taoism','\0','Soon','Deborah','Glider','Emcee','202-555-0145','202-555-0195','','Bridgette','Merrielle','Amsden','Molasses Preparer','202-555-0179','202-555-0132','\0',NULL,NULL,NULL,NULL,NULL,NULL,NULL,'\0',NULL,NULL,'\0',NULL,NULL,NULL,NULL,NULL,303,408,'2018-08-12 11:46:12',3),(5628,'New','Thibodeau','Soon','Audi','2009-11-28','Lanao del Sur','Paraguayan','Muslim','\0','Ruth','Cecile','Sedcole','Strike Warfare/Missile Systems Officer','202-555-0179','202-555-0146','','Madeleine','Sidonia','Leis','Professor of Communication and Writing','202-555-0137','202-555-0131','\0',NULL,NULL,NULL,NULL,NULL,NULL,NULL,'\0',NULL,NULL,'\0',NULL,NULL,NULL,NULL,NULL,303,408,'2018-08-12 11:46:12',3),(5629,'New','Deptula','Winford','Jocelyn','2011-01-12','Camiguin','Luxembourger','Muslim','','Ludivina','Oran','Hiles','Tobacco Buyer','202-555-0145','202-555-0179','','Loyce','Morey','Roussinos','Gas Derrick Operator','202-555-0170','202-555-0152','\0',NULL,NULL,NULL,NULL,NULL,NULL,NULL,'\0',NULL,NULL,'\0',NULL,NULL,NULL,NULL,NULL,303,408,'2018-08-12 11:46:12',3),(5630,'Transferee','Plummer','Lilliana','Morey','2006-05-19','Camarines Sur','Tuvaluan','Catholic','','Johnsie','Thornie','Lachenbruch','Multi-operation Forming Machine Setter','202-555-0137','202-555-0132','\0','Jeanice','Efrem','Maddox','Amusement Park Worker','202-555-0102','202-555-0174','\0',NULL,NULL,NULL,NULL,NULL,NULL,NULL,'\0',NULL,NULL,'\0',NULL,NULL,NULL,NULL,NULL,303,408,'2018-08-12 11:46:12',3),(5631,'New','Arreguin','Kaleigh','Crissie','2007-04-23','Bukidnon','Argentinean','Protestant','\0','Carlton','Deborah','Clear','Tobacco Buyer','202-555-0173','202-555-0123','\0','Elma','Phyllys','Arreguin','Voice-Over Artist','202-555-0174','202-555-0114','',NULL,NULL,NULL,NULL,NULL,NULL,NULL,'\0',NULL,NULL,'\0',NULL,NULL,NULL,NULL,NULL,303,408,'2018-08-12 11:46:13',3),(5632,'Transferee','Lockhart','Frederick','Indira','2011-06-21','Biliran','Thai','Muslim','','Lynnette','Oran','Maddox','Lead Abatement Worker','202-555-0186','202-555-0165','\0','Sibyl','Indira','Fonseca','Drywall Applicator','202-555-0183','202-555-0112','',NULL,NULL,NULL,NULL,NULL,NULL,NULL,'\0',NULL,NULL,'\0',NULL,NULL,NULL,NULL,NULL,303,408,'2018-08-12 11:46:13',3),(5633,'Transferee','Lord','Carlota','Efrem','2009-08-16','Camarines Sur','Tanzanian','Born again','\0','Teddy','Maegan','Markussen','Voice-Over Artist','202-555-0195','202-555-0116','','Elena','Maegan','Mcnicol','Molasses Preparer','202-555-0173','202-555-0100','\0',NULL,NULL,NULL,NULL,NULL,NULL,NULL,'\0',NULL,NULL,'\0',NULL,NULL,NULL,NULL,NULL,303,408,'2018-08-12 11:46:13',3),(5634,'New','Brake','Elsie','Marchall','2009-01-17','Albay','EastTimorese','Protestant','','Maragret','Indira','Mccarty','Emcee','202-555-0177','202-555-0173','','Ingrid','Cecile','Trautman','Amusement Park Worker','202-555-0162','202-555-0100','\0',NULL,NULL,NULL,NULL,NULL,NULL,NULL,'\0',NULL,NULL,'\0',NULL,NULL,NULL,NULL,NULL,303,408,'2018-08-12 11:46:13',3),(5635,'Transferee','Amsden','Rona','Morey','2010-11-14','Tarlac','Cypriot','Catholic','\0','Janine','Deirdre','Lamarche','Ambulance Driver-Paramedic','202-555-0104','202-555-0135','\0','Delcie','Skippie','Kauppi','Chiropractor','202-555-0104','202-555-0175','',NULL,NULL,NULL,NULL,NULL,NULL,NULL,'\0',NULL,NULL,'\0',NULL,NULL,NULL,NULL,NULL,303,408,'2018-08-12 11:46:14',3),(5636,'Transferee','Bilodeau','Setsuko','Atlanta','2006-11-17','Ilocos Norte','Marshallese','Muslim','','Marissa','Merrielle','Dernburg','Line Haul Driver','202-555-0175','202-555-0100','','Lourie','Riccardo','Marston','Strike Warfare/Missile Systems Officer','202-555-0104','202-555-0100','',NULL,NULL,NULL,NULL,NULL,NULL,NULL,'\0',NULL,NULL,'\0',NULL,NULL,NULL,NULL,NULL,303,408,'2018-08-12 11:46:15',3),(5637,'Transferee','Benvenisty','Michaela','Charlotta','2006-04-26','Kalinga','Thai','Catholic','','Edith','Conny','Still','Drywall Applicator','202-555-0167','202-555-0195','','Archie','Oran','Yaqub','Voice-Over Artist','202-555-0135','202-555-0102','\0',NULL,NULL,NULL,NULL,NULL,NULL,NULL,'\0',NULL,NULL,'\0',NULL,NULL,NULL,NULL,NULL,303,408,'2018-08-12 11:46:16',3),(5638,'Transferee','Lockhart','Hae','Kendal','2010-07-14','Shariff Kabunsuan','Barbadian','Taoism','\0','Elmo','Oran','Pesavento','Freight Clerk','202-555-0179','202-555-0145','','Margorie','Bernardo','Cepko','Line Haul Driver','202-555-0161','202-555-0181','\0',NULL,NULL,NULL,NULL,NULL,NULL,NULL,'\0',NULL,NULL,'\0',NULL,NULL,NULL,NULL,NULL,303,408,'2018-08-12 11:46:16',3),(5639,'Transferee','Fonseca','Celestine','Birgit','2008-04-22','South Cotabato','KittianandNevisian','Protestant','','Delcie','Tootsie','Klipp','Emcee','202-555-0195','202-555-0104','\0','Johnsie','Deborah','Sassone','Gas Derrick Operator','202-555-0179','202-555-0153','',NULL,NULL,NULL,NULL,NULL,NULL,NULL,'\0',NULL,NULL,'\0',NULL,NULL,NULL,NULL,NULL,303,408,'2018-08-12 11:46:16',3),(5640,'Transferee','Kasper','Meghan','Harriot','2010-03-26','Aurora','Andorran','Protestant','\0','Jeanice','Marchall','Amadeo','Nursing Service Director','202-555-0195','202-555-0114','','Stormy','Deirdre','Signon','Tobacco Buyer','202-555-0102','202-555-0189','',NULL,NULL,NULL,NULL,NULL,NULL,NULL,'\0',NULL,NULL,'\0',NULL,NULL,NULL,NULL,NULL,303,408,'2018-08-12 11:46:16',3),(5641,'Transferee','Persky','Delcie','Frans','2007-08-21','Isabela','Russian','Catholic','','Jana','Indira','Shanley','Short Story Writer','202-555-0116','202-555-0131','','Maudie','Simonette','Cocuzzo','Drywall Applicator','202-555-0181','202-555-0190','\0',NULL,NULL,NULL,NULL,NULL,NULL,NULL,'\0',NULL,NULL,'\0',NULL,NULL,NULL,NULL,NULL,303,408,'2018-08-12 11:46:17',3),(5642,'Transferee','Markussen','Macy','Oran','2009-06-18','Bohol','Liberian','Catholic','\0','Lillian','Cathie','Carty','Voice-Over Artist','202-555-0185','202-555-0123','','Apolonia','Griffin','Ulam','Molasses Preparer','202-555-0145','202-555-0189','\0',NULL,NULL,NULL,NULL,NULL,NULL,NULL,'\0',NULL,NULL,'\0',NULL,NULL,NULL,NULL,NULL,303,408,'2018-08-12 11:46:17',3),(5643,'New','Orfe','Sean','Phyllys','2006-09-21','Mountain Province','Icelander','Muslim','','Ingrid','Lindy','Mccarty','Multi-operation Forming Machine Setter','202-555-0173','202-555-0132','\0','Meghan','Orion','Glider','Gas Derrick Operator','202-555-0123','202-555-0181','',NULL,NULL,NULL,NULL,NULL,NULL,NULL,'\0',NULL,NULL,'\0',NULL,NULL,NULL,NULL,NULL,303,408,'2018-08-12 11:46:17',3),(5644,'New','Wallander','Idalia','Latia','2009-09-11','Siquijor','Ugandan','Taoism','\0','Leonel','Rogers','Milioli','Lead Abatement Worker','202-555-0114','202-555-0152','\0','Tamekia','Michele','Burke','Lead Abatement Worker','202-555-0139','202-555-0131','',NULL,NULL,NULL,NULL,NULL,NULL,NULL,'\0',NULL,NULL,'\0',NULL,NULL,NULL,NULL,NULL,303,408,'2018-08-12 11:46:17',3),(5645,'Transferee','Hulbert','Lezlie','Clim','2011-02-15','Aurora','Mozambican','Muslim','\0','Kanisha','Darrick','Deptula','Short Story Writer','202-555-0189','202-555-0183','','Marissa','Asia','Wilkin','Chiropractor','202-555-0185','202-555-0125','\0',NULL,NULL,NULL,NULL,NULL,NULL,NULL,'\0',NULL,NULL,'\0',NULL,NULL,NULL,NULL,NULL,303,408,'2018-08-12 11:46:18',3),(5646,'New','Glider','Elena','Morse','2008-05-16','Batanes','Mongolian','Protestant','\0','Shavon','Lindy','Burke','Short Story Writer','202-555-0104','202-555-0162','\0','Loyce','Adaline','Still','Drywall Applicator','202-555-0110','202-555-0112','',NULL,NULL,NULL,NULL,NULL,NULL,NULL,'\0',NULL,NULL,'\0',NULL,NULL,NULL,NULL,NULL,303,408,'2018-08-12 11:46:18',3),(5647,'New','Stigler','Ai','Phyllys','2009-02-23','Zamboanga del Sur','Jordanian','Catholic','','Erwin','Mara','Mccarty','Drywall Applicator','202-555-0169','202-555-0173','','Delcie','Indira','Deptula','Piano Professor','202-555-0179','202-555-0175','',NULL,NULL,NULL,NULL,NULL,NULL,NULL,'\0',NULL,NULL,'\0',NULL,NULL,NULL,NULL,NULL,304,408,'2018-08-12 11:46:51',3),(5648,'Transferee','John Chiappini','Madeleine','Florette','2009-10-16','Antique','Moldovan','Protestant','\0','Pattie','Corliss','Badulescu','Lead Abatement Worker','202-555-0102','202-555-0132','\0','Lillian','Claire','Hiles','Cardroom Manager','202-555-0114','202-555-0102','\0',NULL,NULL,NULL,NULL,NULL,NULL,NULL,'\0',NULL,NULL,'\0',NULL,NULL,NULL,NULL,NULL,304,408,'2018-08-12 11:46:52',3),(5649,'Transferee','Roussinos','Sibyl','Oran','2007-02-22','Aurora','Andorran','Protestant','\0','Moses','Mara','Stilo','Tobacco Buyer','202-555-0100','202-555-0174','\0','Stormy','Deirdre','Arreguin','Drywall Applicator','202-555-0114','202-555-0175','',NULL,NULL,NULL,NULL,NULL,NULL,NULL,'\0',NULL,NULL,'\0',NULL,NULL,NULL,NULL,NULL,304,408,'2018-08-12 11:46:52',3),(5650,'Transferee','Verdile','Bridgette','Conny','2010-02-15','Sultan Kudarat','Comoran','Catholic','\0','Elena','Tull','Yaqub','Social Psychologist','202-555-0131','202 - 555 - 0150','\0','Rona','Florette','Glider','Busser','202-555-0186','202-555-0175','\0',NULL,NULL,NULL,NULL,NULL,NULL,NULL,'\0',NULL,NULL,'\0',NULL,NULL,NULL,NULL,NULL,304,408,'2018-08-12 11:46:52',3),(5651,'Transferee','Balshaw','Mariel','Griffin','2011-02-21','Laguna','Thai','Born again','\0','Myles','Burk','Compton','Gas Derrick Operator','202-555-0137','202-555-0195','','Alecia','Katerina','Shanley','Statistical Analyst','202-555-0175','202-555-0181','',NULL,NULL,NULL,NULL,NULL,NULL,NULL,'\0',NULL,NULL,'\0',NULL,NULL,NULL,NULL,NULL,304,408,'2018-08-12 11:46:53',3),(5652,'Transferee','Amadeo','Pearle','Coralie','2009-06-17','Occidental Mindoro','Nepalese','Muslim','','Marissa','Tull','Schluter','Chiropractor','202-555-0145','202-555-0102','\0','Kaleigh','Claire','Alldredge','Chiropractor','202-555-0186','202-555-0195','',NULL,NULL,NULL,NULL,NULL,NULL,NULL,'\0',NULL,NULL,'\0',NULL,NULL,NULL,NULL,NULL,304,408,'2018-08-12 11:46:53',3),(5653,'Transferee','Lockhart','Venetta','Aurlie','2009-04-21','Metro Manila','Namibian','Born again','','Shauna','Simonette','Baskey','Professor of Communication and Writing','202-555-0145','202-555-0187','','Tamekia','Crissie','Slosser','Drywall Applicator','202-555-0145','202-555-0165','\0',NULL,NULL,NULL,NULL,NULL,NULL,NULL,'\0',NULL,NULL,'\0',NULL,NULL,NULL,NULL,NULL,304,408,'2018-08-12 11:46:53',3),(5654,'New','Upsdell','Brinda','Ruddy','2006-08-25','Nueva Vizcaya','Kyrgyz','Taoism','\0','Soon','Ruddy','Pesavento','Line Haul Driver','202-555-0162','202-555-0184','\0','Winford','Thornie','Roussinos','Short Story Writer','202-555-0175','202-555-0145','',NULL,NULL,NULL,NULL,NULL,NULL,NULL,'\0',NULL,NULL,'\0',NULL,NULL,NULL,NULL,NULL,304,408,'2018-08-12 11:46:53',3),(5655,'Transferee','Tanenbaum','Kaleigh','Derrik','2011-04-26','Romblon','Luxembourger','Muslim','','Ingrid','Birgit','Upsdell','AIDS Counselor','202-555-0195','202-555-0173','','Bridgette','Pen','Carty','Freight Clerk','202-555-0173','202-555-0110','\0',NULL,NULL,NULL,NULL,NULL,NULL,NULL,'\0',NULL,NULL,'\0',NULL,NULL,NULL,NULL,NULL,304,408,'2018-08-12 11:46:54',3),(5656,'Transferee','Yaqub','Joanie','Kendal','2010-05-18','Guimaras','Bahraini','Protestant','','Tonja','Millie','Thibodeau','Lead Abatement Worker','202-555-0131','202-555-0114','\0','Loyce','Aubrey','Valdez','Tobacco Buyer','202-555-0195','202-555-0167','',NULL,NULL,NULL,NULL,NULL,NULL,NULL,'\0',NULL,NULL,'\0',NULL,NULL,NULL,NULL,NULL,304,408,'2018-08-12 11:46:54',3),(5657,'Transferee','Schluter','Erwin','Morley','2007-09-27','Cagayan','SaintLucian','Protestant','\0','Idalia','Roderich','Courval','Chiropractor','202-555-0131','202-555-0148','\0','Dorothea','Scott','Klipp','Ambulance Driver-Paramedic','202-555-0175','202-555-0187','\0',NULL,NULL,NULL,NULL,NULL,NULL,NULL,'\0',NULL,NULL,'\0',NULL,NULL,NULL,NULL,NULL,304,408,'2018-08-12 11:46:54',3),(5658,'New','Roussinos','Lila','Scott','2008-02-17','Zamboanga del Norte','Maltese','Catholic','\0','Elsie','Deirdre','Kasper','Multi-operation Forming Machine Setter','202-555-0132','202-555-0175','','Jade','Quinton','Amsden','Molasses Preparer','202-555-0145','202-555-0132','',NULL,NULL,NULL,NULL,NULL,NULL,NULL,'\0',NULL,NULL,'\0',NULL,NULL,NULL,NULL,NULL,304,408,'2018-08-12 11:46:54',3),(5659,'Transferee','Glider','Macy','Quinton','2009-10-16','Agusan del Sur','Micronesian','Taoism','','Stormy','Adaline','Wallander','Emcee','202-555-0139','202-555-0145','','Jana','Morley','Mcnicol','Statistical Analyst','202-555-0170','202 - 555 - 0150','\0',NULL,NULL,NULL,NULL,NULL,NULL,NULL,'\0',NULL,NULL,'\0',NULL,NULL,NULL,NULL,NULL,304,408,'2018-08-12 11:46:54',3),(5660,'New','Orfe','Pattie','Michele','2009-05-15','Camiguin','Mongolian','Muslim','','Meghan','Morse','Cocuzzo','Lead Abatement Worker','202-555-0179','202-555-0195','\0','Tonja','Alexio','Sedcole','Strike Warfare/Missile Systems Officer','202-555-0174','202-555-0138','',NULL,NULL,NULL,NULL,NULL,NULL,NULL,'\0',NULL,NULL,'\0',NULL,NULL,NULL,NULL,NULL,304,408,'2018-08-12 11:46:55',3),(5661,'New','Lubit','Ronda','Bernardo','2010-01-26','Apayao','Spanish','Born again','\0','Stormy','Alexio','Benvenisty','Line Haul Driver','202-555-0184','202-555-0177','','Patricia','Casey','Stilo','Short Story Writer','202-555-0163','202-555-0146','\0',NULL,NULL,NULL,NULL,NULL,NULL,NULL,'\0',NULL,NULL,'\0',NULL,NULL,NULL,NULL,NULL,304,408,'2018-08-12 11:46:55',3),(5662,'Transferee','Stewart','Vilma','Mara','2009-07-16','Negros Occidental','Romanian','Protestant','','Meghan','Aubrey','John Chiappini','Multi-operation Forming Machine Setter','202-555-0177','202-555-0162','\0','Melia','Griffin','Hamel','AIDS Counselor','202-555-0161','202-555-0177','\0',NULL,NULL,NULL,NULL,NULL,NULL,NULL,'\0',NULL,NULL,'\0',NULL,NULL,NULL,NULL,NULL,304,408,'2018-08-12 11:46:55',3),(5663,'Transferee','Gurish','Rikki','Phyllys','2006-10-17','Pampanga','Tongan','Muslim','','Lourie','Quinton','Hulbert','Licensed Clinical Mental Health Counselor','202-555-0185','202-555-0199','\0','Yoshiko','Charlotta','Leis','Gas Derrick Operator','202-555-0102','202-555-0102','',NULL,NULL,NULL,NULL,NULL,NULL,NULL,'\0',NULL,NULL,'\0',NULL,NULL,NULL,NULL,NULL,304,408,'2018-08-12 11:46:56',3),(5664,'Transferee','Klipp','Marissa','Maegan','2010-07-20','Tarlac','Ni-Vanuatu','Muslim','\0','Alecia','Casey','Liss','Custom Wood Stair Builder','202-555-0150','202-555-0138','','Pattie','Astra','Prentice','Busser','202-555-0138','202-555-0195','\0',NULL,NULL,NULL,NULL,NULL,NULL,NULL,'\0',NULL,NULL,'\0',NULL,NULL,NULL,NULL,NULL,304,408,'2018-08-12 11:46:56',3),(5665,'New','Hulbert','Shauna','Kendal','2007-11-19','Bohol','Polish','Muslim','','Jade','Mara','Badulescu','Emcee','202-555-0195','202-555-0179','\0','Lezlie','Marchall','Maddox','Chiropractor','202-555-0132','202-555-0162','\0',NULL,NULL,NULL,NULL,NULL,NULL,NULL,'\0',NULL,NULL,'\0',NULL,NULL,NULL,NULL,NULL,304,408,'2018-08-12 11:46:56',3),(5666,'Transferee','Mccarty','Michaela','Riccardo','2009-09-18','Tawi-Tawi','Herzegovinian','Muslim','','Merissa','Coralie','Tanenbaum','Nursing Service Director','202 - 555 - 0150','202-555-0153','','Ebonie','Claire','Lachenbruch','Line Haul Driver','202-555-0179','202-555-0199','\0',NULL,NULL,NULL,NULL,NULL,NULL,NULL,'\0',NULL,NULL,'\0',NULL,NULL,NULL,NULL,NULL,304,408,'2018-08-12 11:46:57',3),(5667,'Transferee','Prentice','Sean','Crissie','2007-08-22','Maguindanao','Kyrgyz','Catholic','','Sudie','Mano','Thibodeau','Piano Professor','202-555-0112','202-555-0175','','Dorothea','Audi','Kauppi','Voice-Over Artist','202-555-0185','202-555-0189','\0',NULL,NULL,NULL,NULL,NULL,NULL,NULL,'\0',NULL,NULL,'\0',NULL,NULL,NULL,NULL,NULL,304,408,'2018-08-12 11:46:57',3),(5668,'Transferee','Flowers','Yoshiko','Florette','2009-06-23','Catanduanes','Nauruan','Taoism','','Sunday','Tedi','Signon','Busser','202-555-0152','202-555-0100','\0','Serita','Craggie','Hamel','Line Haul Driver','202-555-0116','202-555-0189','',NULL,NULL,NULL,NULL,NULL,NULL,NULL,'\0',NULL,NULL,'\0',NULL,NULL,NULL,NULL,NULL,304,408,'2018-08-12 11:46:57',3),(5669,'New','Signon','Joanie','Phyllys','2010-10-25','Aurora','Georgian','Muslim','','Maude','Crissie','Liss','Emcee','202-555-0198','202-555-0100','','Shavon','Frans','Norato','Custom Wood Stair Builder','202-555-0170','202-555-0146','',NULL,NULL,NULL,NULL,NULL,NULL,NULL,'\0',NULL,NULL,'\0',NULL,NULL,NULL,NULL,NULL,304,408,'2018-08-12 11:46:58',3),(5670,'Transferee','Scanlan','Archie','Corliss','2006-10-25','Cagayan','Nepalese','Protestant','\0','Lynnette','Simonette','Lubit','Licensed Clinical Mental Health Counselor','202 - 555 - 0150','202-555-0112','\0','Rona','Maegan','Badulescu','AIDS Counselor','202-555-0185','202-555-0184','\0',NULL,NULL,NULL,NULL,NULL,NULL,NULL,'\0',NULL,NULL,'\0',NULL,NULL,NULL,NULL,NULL,304,408,'2018-08-12 11:46:58',3),(5671,'Transferee','Deptula','Serita','Ruddy','2011-11-21','Camiguin','Canadian','Protestant','\0','Leonel','Sidonia','Funcke','Statistical Analyst','202-555-0100','202-555-0162','','Kaleigh','Maegan','Sparda','Multi-operation Forming Machine Setter','202-555-0109','202-555-0145','\0',NULL,NULL,NULL,NULL,NULL,NULL,NULL,'\0',NULL,NULL,'\0',NULL,NULL,NULL,NULL,NULL,304,408,'2018-08-12 11:46:58',3),(5672,'New','Venne','Donte','Darrick','2007-08-12','Tawi-Tawi','Mauritian','Born again','','Rosa','Michele','Teutsch','Molasses Preparer','202-555-0102','202-555-0102','\0','Myles','Townie','Scanlan','Line Haul Driver','202-555-0185','202-555-0169','',NULL,NULL,NULL,NULL,NULL,NULL,NULL,'\0',NULL,NULL,'\0',NULL,NULL,NULL,NULL,NULL,304,408,'2018-08-12 11:46:59',3),(5673,'New','Polya','Stormy','Clim','2006-07-18','Surigao del Sur','Bosnian','Muslim','\0','Lezlie','Cthrine','Schluter','AIDS Counselor','202-555-0189','202-555-0123','\0','Maren','Coralie','Hiles','Gas Derrick Operator','202-555-0109','202-555-0138','\0',NULL,NULL,NULL,NULL,NULL,NULL,NULL,'\0',NULL,NULL,'\0',NULL,NULL,NULL,NULL,NULL,304,408,'2018-08-12 11:46:59',3),(5674,'New','Ulam','Myles','Adaline','2006-05-28','Camarines Norte','Austrian','Taoism','','Alecia','Riccardo','Upsdell','Nursing Service Director','202-555-0105','202-555-0125','','Marissa','Darrick','Schluter','Nursing Service Director','202-555-0162','202-555-0145','\0',NULL,NULL,NULL,NULL,NULL,NULL,NULL,'\0',NULL,NULL,'\0',NULL,NULL,NULL,NULL,NULL,304,408,'2018-08-12 11:46:59',3),(5675,'New','Flowers','Ronda','Birgit','2008-05-28','South Cotabato','Nicaraguan','Taoism','\0','Marshall','Deborah','Maddox','Lead Abatement Worker','202-555-0195','202-555-0153','\0','Ai','Crissie','Korzennik','Gas Derrick Operator','202-555-0183','202-555-0195','',NULL,NULL,NULL,NULL,NULL,NULL,NULL,'\0',NULL,NULL,'\0',NULL,NULL,NULL,NULL,NULL,304,408,'2018-08-12 11:47:00',3),(5676,'New','Kasper','Alecia','Mano','2009-09-20','Oriental Mindoro','Italian','Taoism','\0','Moses','Morey','Mcnicol','Molasses Preparer','202-555-0101','202-555-0181','','Donte','Florette','Leis','Ambulance Driver-Paramedic','202-555-0125','202-555-0189','',NULL,NULL,NULL,NULL,NULL,NULL,NULL,'\0',NULL,NULL,'\0',NULL,NULL,NULL,NULL,NULL,304,408,'2018-08-12 11:47:00',3),(5677,'New','Schluter','Ludivina','Cthrine','2010-11-28','Laguna','Kyrgyz','Born again','','Setsuko','Scott','Gurish','Professor of Communication and Writing','202-555-0189','202-555-0102','','Elmo','Astra','Thibodeau','Short Story Writer','202-555-0186','202-555-0123','\0',NULL,NULL,NULL,NULL,NULL,NULL,NULL,'\0',NULL,NULL,'\0',NULL,NULL,NULL,NULL,NULL,305,408,'2018-08-12 11:48:11',4),(5678,'New','Badulescu','Sunday','Griffin','2011-09-22','Compostela Valley','Saudi','Born again','','Lila','Maegan','Yaqub','Short Story Writer','202-555-0102','202-555-0116','\0','Rosa','Jocelyn','Kauppi','Chiropractor','202-555-0145','202-555-0195','',NULL,NULL,NULL,NULL,NULL,NULL,NULL,'\0',NULL,NULL,'\0',NULL,NULL,NULL,NULL,NULL,305,408,'2018-08-12 11:48:12',4),(5679,'New','Mccarty','Winter','Cathie','2007-10-23','Cavite','Cameroonian','Protestant','','Carlota','Sidonia','Lueders-booth','Statistical Analyst','202-555-0163','202-555-0105','\0','Ed','Oran','Wallander','Freight Clerk','202-555-0100','202-555-0138','\0',NULL,NULL,NULL,NULL,NULL,NULL,NULL,'\0',NULL,NULL,'\0',NULL,NULL,NULL,NULL,NULL,305,408,'2018-08-12 11:48:12',4),(5680,'Transferee','Markussen','Maudie','Oran','2006-06-16','Bohol','Yemenite','Muslim','','Macy','Michele','Udall','Ambulance Driver-Paramedic','202-555-0198','202-555-0162','','Apolonia','Astra','Sparda','Nursing Service Director','202-555-0170','202-555-0145','\0',NULL,NULL,NULL,NULL,NULL,NULL,NULL,'\0',NULL,NULL,'\0',NULL,NULL,NULL,NULL,NULL,305,408,'2018-08-12 11:48:12',4),(5681,'New','Wallander','Delcie','Mano','2008-07-24','Aklan','Nicaraguan','Born again','\0','Setsuko','Simonette','Markussen','Drywall Applicator','202-555-0145','202-555-0162','\0','Apolonia','Bernardo','Slosser','Lead Abatement Worker','202-555-0179','202-555-0195','',NULL,NULL,NULL,NULL,NULL,NULL,NULL,'\0',NULL,NULL,'\0',NULL,NULL,NULL,NULL,NULL,305,408,'2018-08-12 11:48:12',4),(5682,'Transferee','Sassone','Marcellus','Mara','2011-11-12','Rizal','Panamanian','Protestant','','Pearle','Birgit','Sparda','Emcee','202-555-0179','202-555-0197','','Johnsie','Casey','Lackner','Emcee','202-555-0177','202-555-0195','\0',NULL,NULL,NULL,NULL,NULL,NULL,NULL,'\0',NULL,NULL,'\0',NULL,NULL,NULL,NULL,NULL,305,408,'2018-08-12 11:48:12',4),(5683,'Transferee','Ulam','Ludivina','Quinton','2007-02-17','Iloilo','Mauritian','Protestant','','Donte','Millie','Sedcole','Drywall Applicator','202-555-0123','202-555-0165','','Elmo','Astra','Alldredge','Licensed Clinical Mental Health Counselor','202-555-0179','202-555-0169','\0',NULL,NULL,NULL,NULL,NULL,NULL,NULL,'\0',NULL,NULL,'\0',NULL,NULL,NULL,NULL,NULL,305,408,'2018-08-12 11:48:13',4),(5684,'Transferee','Ulam','Pearle','Charlotta','2009-10-26','Southern Leyte','Emirian','Muslim','','Janessa','Efrem','Still','Custom Wood Stair Builder','202-555-0131','202-555-0183','\0','Antionette','Riccardo','Lamarche','Tobacco Buyer','202-555-0170','202-555-0195','',NULL,NULL,NULL,NULL,NULL,NULL,NULL,'\0',NULL,NULL,'\0',NULL,NULL,NULL,NULL,NULL,305,408,'2018-08-12 11:48:13',4),(5685,'Transferee','Benvenisty','Odette','Morley','2006-07-25','Tarlac','Maltese','Catholic','','Lilliana','Quinton','Korzennik','Cardroom Manager','202-555-0173','202-555-0145','','Idalia','Marchall','Shanley','Voice-Over Artist','202-555-0195','202-555-0173','\0',NULL,NULL,NULL,NULL,NULL,NULL,NULL,'\0',NULL,NULL,'\0',NULL,NULL,NULL,NULL,NULL,305,408,'2018-08-12 11:48:13',4),(5686,'Transferee','Bilodeau','Pattie','Darrick','2006-09-14','Dinagat Islands','Lithuanian','Born again','','Dorothea','Brinn','Morin','Social Psychologist','202-555-0187','202-555-0197','\0','Madeleine','Morley','Stigler','Freight Clerk','202-555-0102','202-555-0195','\0',NULL,NULL,NULL,NULL,NULL,NULL,NULL,'\0',NULL,NULL,'\0',NULL,NULL,NULL,NULL,NULL,305,408,'2018-08-12 11:48:13',4),(5687,'Transferee','Schluter','Sudie','Alexio','2011-03-12','Leyte','Belarusian','Catholic','','Jana','Ransell','Lueders-booth','Molasses Preparer','202-555-0139','202-555-0101','\0','Delcie','Indira','Russo','Busser','202-555-0183','202-555-0198','',NULL,NULL,NULL,NULL,NULL,NULL,NULL,'\0',NULL,NULL,'\0',NULL,NULL,NULL,NULL,NULL,305,408,'2018-08-12 11:48:14',4),(5688,'New','Valdez','Carisa','Skippie','2008-04-28','Davao del Sur','Dutch','Born again','\0','Maude','Rogers','Kasper','Lead Abatement Worker','202-555-0145','202-555-0109','','Marcellus','Brinn','Marston','Voice-Over Artist','202-555-0152','202-555-0173','\0',NULL,NULL,NULL,NULL,NULL,NULL,NULL,'\0',NULL,NULL,'\0',NULL,NULL,NULL,NULL,NULL,305,408,'2018-08-12 11:48:14',4),(5689,'Transferee','Carty','Tonja','Corliss','2006-03-13','Bohol','Azerbaijani','Taoism','','Madeleine','Tull','Courval','Cardroom Manager','202-555-0173','202-555-0189','','Melia','Clim','Venne','Tobacco Buyer','202-555-0163','202-555-0135','',NULL,NULL,NULL,NULL,NULL,NULL,NULL,'\0',NULL,NULL,'\0',NULL,NULL,NULL,NULL,NULL,305,408,'2018-08-12 11:48:14',4),(5690,'Transferee','Russo','Melia','Deborah','2010-07-14','Batangas','Tajik','Taoism','','Frederick','Phyllys','Schluter','Amusement Park Worker','202-555-0110','202-555-0110','','Archie','Katerina','Lockhart','AIDS Counselor','202-555-0123','202-555-0123','',NULL,NULL,NULL,NULL,NULL,NULL,NULL,'\0',NULL,NULL,'\0',NULL,NULL,NULL,NULL,NULL,305,408,'2018-08-12 11:48:15',4),(5691,'New','Wilkin','Stacee','Clem','2006-01-22','Palawan','Malagasy','Born again','','Ruth','Efrem','Still','Molasses Preparer','202-555-0146','202-555-0123','','Moses','Darrick','Courval','Tobacco Buyer','202-555-0195','202-555-0163','',NULL,NULL,NULL,NULL,NULL,NULL,NULL,'\0',NULL,NULL,'\0',NULL,NULL,NULL,NULL,NULL,305,408,'2018-08-12 11:48:15',4),(5692,'New','Valdez','Marissa','Deirdre','2007-05-18','Abra','Liechtensteiner','Born again','','Lezlie','Clim','Maddox','Tobacco Buyer','202-555-0163','202-555-0123','','Lourie','Coralie','Badulescu','Amusement Park Worker','202-555-0116','202-555-0145','',NULL,NULL,NULL,NULL,NULL,NULL,NULL,'\0',NULL,NULL,'\0',NULL,NULL,NULL,NULL,NULL,305,408,'2018-08-12 11:48:15',4),(5693,'Transferee','Flowers','Sunday','Oran','2009-11-19','Tawi-Tawi','Vietnamese','Muslim','\0','Ronda','Aubrey','Cady','Emcee','202-555-0181','202-555-0100','\0','Dorothea','Aubrey','Mccarty','Tobacco Buyer','202-555-0102','202-555-0175','\0',NULL,NULL,NULL,NULL,NULL,NULL,NULL,'\0',NULL,NULL,'\0',NULL,NULL,NULL,NULL,NULL,305,408,'2018-08-12 11:48:16',4),(5694,'New','Arreguin','Jeanice','Alexio','2010-07-18','Sorsogon','Congolese','Muslim','','Delcie','Cthrine','Baskey','Tobacco Buyer','202-555-0190','202-555-0187','\0','Soon','Bernardo','Von mehren','Statistical Analyst','202-555-0184','202-555-0170','',NULL,NULL,NULL,NULL,NULL,NULL,NULL,'\0',NULL,NULL,'\0',NULL,NULL,NULL,NULL,NULL,305,408,'2018-08-12 11:48:16',4),(5695,'Transferee','Klipp','Ebonie','Morley','2009-07-14','Albay','Dominican','Catholic','','Carlota','Thornie','Wallander','Licensed Clinical Mental Health Counselor','202-555-0135','202-555-0195','','Jana','Craggie','Courval','Molasses Preparer','202-555-0183','202-555-0132','',NULL,NULL,NULL,NULL,NULL,NULL,NULL,'\0',NULL,NULL,'\0',NULL,NULL,NULL,NULL,NULL,305,408,'2018-08-12 11:48:16',4),(5696,'New','Von mehren','Stacee','Kendal','2007-04-22','Capiz','Nauruan','Protestant','','Ai','Jocelyn','Funcke','Gas Derrick Operator','202-555-0177','202-555-0179','','Ludivina','Deirdre','Badulescu','Tobacco Buyer','202-555-0105','202-555-0114','',NULL,NULL,NULL,NULL,NULL,NULL,NULL,'\0',NULL,NULL,'\0',NULL,NULL,NULL,NULL,NULL,305,408,'2018-08-12 11:48:16',4),(5697,'New','Fuchs','Jade','Yuma','2008-11-11','Northern Samar','Congolese','Born again','','Meghan','Morse','Benvenisty','Lead Abatement Worker','202-555-0198','202-555-0173','\0','Vilma','Coralie','Arreguin','AIDS Counselor','202-555-0112','202-555-0150','\0',NULL,NULL,NULL,NULL,NULL,NULL,NULL,'\0',NULL,NULL,'\0',NULL,NULL,NULL,NULL,NULL,305,408,'2018-08-12 11:48:17',4),(5698,'New','Kasper','Jesica','Coralie','2009-08-25','Aklan','Tajik','Taoism','','Lynnette','Mara','Funcke','Statistical Analyst','202-555-0139','202-555-0173','\0','Rona','Crissie','Funcke','Emcee','202-555-0100','202-555-0163','\0',NULL,NULL,NULL,NULL,NULL,NULL,NULL,'\0',NULL,NULL,'\0',NULL,NULL,NULL,NULL,NULL,305,408,'2018-08-12 11:48:17',4),(5699,'New','Metropolis','Lezlie','Ruddy','2010-06-14','Davao Oriental','Hungarian','Muslim','\0','Sudie','Atlanta','Sedcole','Lead Abatement Worker','202-555-0199','202-555-0187','\0','Patricia','Riccardo','Baskey','Drywall Applicator','202-555-0181','202-555-0161','',NULL,NULL,NULL,NULL,NULL,NULL,NULL,'\0',NULL,NULL,'\0',NULL,NULL,NULL,NULL,NULL,305,408,'2018-08-12 11:48:17',4),(5700,'New','Hamel','Zena','Merrielle','2010-06-25','Zamboanga del Norte','Uruguayan','Protestant','','Ingrid','Michele','Stewart','Busser','202-555-0175','202-555-0100','','Arica','Townie','John Chiappini','Drywall Applicator','202-555-0174','202-555-0135','',NULL,NULL,NULL,NULL,NULL,NULL,NULL,'\0',NULL,NULL,'\0',NULL,NULL,NULL,NULL,NULL,305,408,'2018-08-12 11:48:17',4),(5701,'New','Russo','Odette','Florette','2006-03-20','Compostela Valley','Palauan','Protestant','\0','Alecia','Adaline','Pesavento','Nursing Service Director','202-555-0195','202-555-0114','','Marcellus','Lindy','Shanley','Custom Wood Stair Builder','202-555-0167','202-555-0110','\0',NULL,NULL,NULL,NULL,NULL,NULL,NULL,'\0',NULL,NULL,'\0',NULL,NULL,NULL,NULL,NULL,305,408,'2018-08-12 11:48:17',4),(5702,'New','Arreguin','Lourie','Clim','2009-09-25','Kalinga','Chadian','Protestant','\0','Arica','Maegan','Korzennik','Statistical Analyst','202-555-0137','202-555-0152','','Tamekia','Townie','El-shaarawi','Emcee','202-555-0137','202-555-0112','\0',NULL,NULL,NULL,NULL,NULL,NULL,NULL,'\0',NULL,NULL,'\0',NULL,NULL,NULL,NULL,NULL,305,408,'2018-08-12 11:48:18',4),(5703,'New','Lamarche','Eve','Bernardo','2008-10-19','Camarines Norte','Moroccan','Protestant','\0','Ronda','Orion','Upsdell','Strike Warfare/Missile Systems Officer','202-555-0102','202-555-0102','','Maren','Yuma','Bilodeau','Busser','202-555-0195','202-555-0163','\0',NULL,NULL,NULL,NULL,NULL,NULL,NULL,'\0',NULL,NULL,'\0',NULL,NULL,NULL,NULL,NULL,305,408,'2018-08-12 11:48:18',4),(5704,'New','Baskey','Bridgette','Barny','2010-07-15','Cotabato','Colombian','Muslim','','Ronda','Ruddy','Cocuzzo','Nursing Service Director','202-555-0177','202-555-0173','\0','Pattie','Barny','Courval','Molasses Preparer','202-555-0173','202-555-0169','\0',NULL,NULL,NULL,NULL,NULL,NULL,NULL,'\0',NULL,NULL,'\0',NULL,NULL,NULL,NULL,NULL,305,408,'2018-08-12 11:48:19',4),(5705,'New','Persky','Elena','Bernardo','2011-11-11','Dinagat Islands','Ni-Vanuatu','Born again','\0','Bridgette','Harriot','Milioli','Amusement Park Worker','202-555-0145','202-555-0185','','Mandi','Melantha','Stigler','Nursing Service Director','202-555-0114','202-555-0179','',NULL,NULL,NULL,NULL,NULL,NULL,NULL,'\0',NULL,NULL,'\0',NULL,NULL,NULL,NULL,NULL,305,408,'2018-08-12 11:48:19',4),(5706,'New','Benvenisty','Leonel','Loydie','2010-08-21','Zamboanga del Sur','Bangladeshi','Taoism','','Maude','Orion','Udall','Drywall Applicator','202-555-0145','202-555-0161','','Jana','Aubrey','El-shaarawi','AIDS Counselor','202-555-0189','202-555-0197','\0',NULL,NULL,NULL,NULL,NULL,NULL,NULL,'\0',NULL,NULL,'\0',NULL,NULL,NULL,NULL,NULL,305,408,'2018-08-12 11:48:19',4),(5707,'Transferee','Hiles','Lila','Crissie','2007-03-11','La Union','Serbian','Born again','','Brinda','Efrem','Baino','Tobacco Buyer','202-555-0161','202-555-0179','\0','Janine','Quinton','Stewart','Professor of Communication and Writing','202-555-0139','202-555-0162','',NULL,NULL,NULL,NULL,NULL,NULL,NULL,'\0',NULL,NULL,'\0',NULL,NULL,NULL,NULL,NULL,306,408,'2018-08-12 11:48:37',4),(5708,'Transferee','Dernburg','Ruth','Burk','2009-02-25','Masbate','Burundian','Muslim','','Elmo','Alexio','Marston','Custom Wood Stair Builder','202-555-0169','202-555-0109','\0','Joana','Harvey','Korzennik','Statistical Analyst','202-555-0173','202-555-0114','\0',NULL,NULL,NULL,NULL,NULL,NULL,NULL,'\0',NULL,NULL,'\0',NULL,NULL,NULL,NULL,NULL,306,408,'2018-08-12 11:48:37',4),(5709,'New','Baskey','Stormy','Rogers','2007-10-13','Agusan del Sur','Singaporean','Taoism','','Latashia','Merrielle','Carty','Freight Clerk','202-555-0190','202-555-0153','','Lourie','Cathie','Cady','Gas Derrick Operator','202-555-0163','202-555-0105','\0',NULL,NULL,NULL,NULL,NULL,NULL,NULL,'\0',NULL,NULL,'\0',NULL,NULL,NULL,NULL,NULL,306,408,'2018-08-12 11:48:37',4),(5710,'New','Sedcole','Jeanice','Asia','2010-07-15','Quirino','Malagasy','Muslim','\0','Pearle','Morley','Scanlan','Multi-operation Forming Machine Setter','202-555-0123','202-555-0135','\0','Venetta','Jocelyn','Korzennik','Cardroom Manager','202-555-0100','202-555-0110','\0',NULL,NULL,NULL,NULL,NULL,NULL,NULL,'\0',NULL,NULL,'\0',NULL,NULL,NULL,NULL,NULL,306,408,'2018-08-12 11:48:37',4),(5711,'Transferee','Kasper','Maude','Audi','2009-11-15','Romblon','Cambodian','Born again','\0','Karrie','Lindy','Slosser','Strike Warfare/Missile Systems Officer','202-555-0114','202-555-0137','','Archie','Coralie','Brake','AIDS Counselor','202-555-0183','202-555-0161','',NULL,NULL,NULL,NULL,NULL,NULL,NULL,'\0',NULL,NULL,'\0',NULL,NULL,NULL,NULL,NULL,306,408,'2018-08-12 11:48:38',4),(5712,'Transferee','Compton','Sunday','Charlotta','2007-10-23','Dinagat Islands','Gabonese','Protestant','\0','Shauna','Marchall','Naus','Strike Warfare/Missile Systems Officer','202-555-0125','202-555-0179','','Lourie','Michele','Persky','Cardroom Manager','202-555-0112','202-555-0162','',NULL,NULL,NULL,NULL,NULL,NULL,NULL,'\0',NULL,NULL,'\0',NULL,NULL,NULL,NULL,NULL,306,408,'2018-08-12 11:48:38',4),(5713,'New','Cady','Mariel','Frans','2007-01-26','Rizal','Welsh','Born again','','Ruth','Harvey','Kauppi','Freight Clerk','202-555-0179','202 - 555 - 0150','','Moses','Thornie','Clear','Emcee','202-555-0114','202-555-0198','\0',NULL,NULL,NULL,NULL,NULL,NULL,NULL,'\0',NULL,NULL,'\0',NULL,NULL,NULL,NULL,NULL,306,408,'2018-08-12 11:48:38',4),(5714,'Transferee','Milioli','Janine','Craggie','2007-01-18','Basilan','British','Protestant','','Celestine','Millie','Venne','AIDS Counselor','202-555-0112','202-555-0165','\0','Alecia','Derrik','Hamel','Statistical Analyst','202-555-0177','202-555-0145','',NULL,NULL,NULL,NULL,NULL,NULL,NULL,'\0',NULL,NULL,'\0',NULL,NULL,NULL,NULL,NULL,306,408,'2018-08-12 11:48:38',4),(5715,'Transferee','Amsden','Setsuko','Michele','2008-01-28','Ilocos Sur','Swiss','Born again','\0','Vilma','Pen','Gurish','Tobacco Buyer','202-555-0102','202-555-0181','\0','Maudie','Melantha','Kasper','Chiropractor','202-555-0173','202-555-0125','\0',NULL,NULL,NULL,NULL,NULL,NULL,NULL,'\0',NULL,NULL,'\0',NULL,NULL,NULL,NULL,NULL,306,408,'2018-08-12 11:48:38',4),(5716,'Transferee','Still','Myles','Mara','2007-07-23','Oriental Mindoro','Polish','Born again','\0','Michaela','Sidonia','Polya','Statistical Analyst','202-555-0162','202-555-0123','','Ebonie','Claire','Still','Licensed Clinical Mental Health Counselor','202-555-0123','202-555-0131','',NULL,NULL,NULL,NULL,NULL,NULL,NULL,'\0',NULL,NULL,'\0',NULL,NULL,NULL,NULL,NULL,306,408,'2018-08-12 11:48:39',4),(5717,'New','Burke','Ronda','Jocelyn','2008-08-25','Capiz','Tongan','Taoism','','Madeleine','Melantha','Dernburg','Amusement Park Worker','202-555-0123','202-555-0114','','Denna','Riccardo','Tanenbaum','Ambulance Driver-Paramedic','202-555-0131','202-555-0139','\0',NULL,NULL,NULL,NULL,NULL,NULL,NULL,'\0',NULL,NULL,'\0',NULL,NULL,NULL,NULL,NULL,306,408,'2018-08-12 11:48:39',4),(5718,'Transferee','Roussinos','Janine','Oran','2009-11-12','Samar','British','Muslim','','Pattie','Latia','Von mehren','Piano Professor','202-555-0175','202-555-0131','\0','Frederick','Birgit','Klipp','Tobacco Buyer','202-555-0152','202-555-0199','\0',NULL,NULL,NULL,NULL,NULL,NULL,NULL,'\0',NULL,NULL,'\0',NULL,NULL,NULL,NULL,NULL,306,408,'2018-08-12 11:48:39',4),(5719,'Transferee','Cady','Janine','Riccardo','2008-01-12','Nueva Vizcaya','Monacan','Born again','','Delcie','Lindy','Valelly','Gas Derrick Operator','202-555-0100','202-555-0173','\0','Vilma','Alexio','Stigler','Custom Wood Stair Builder','202-555-0102','202-555-0135','\0',NULL,NULL,NULL,NULL,NULL,NULL,NULL,'\0',NULL,NULL,'\0',NULL,NULL,NULL,NULL,NULL,306,408,'2018-08-12 11:48:40',4),(5720,'Transferee','Burke','Rikki','Efrem','2008-11-27','Nueva Vizcaya','Cypriot','Protestant','\0','Karrie','Clim','Russo','Busser','202-555-0189','202-555-0184','','Bridgette','Bernardo','Stigler','Professor of Communication and Writing','202-555-0189','202-555-0197','\0',NULL,NULL,NULL,NULL,NULL,NULL,NULL,'\0',NULL,NULL,'\0',NULL,NULL,NULL,NULL,NULL,306,408,'2018-08-12 11:48:40',4),(5721,'New','Valdez','Odette','Cathie','2008-02-21','Misamis Oriental','Bulgarian','Born again','\0','Eve','Quinton','Arreguin','AIDS Counselor','202-555-0163','202-555-0174','','Myles','Burk','Bilodeau','Lead Abatement Worker','202-555-0132','202-555-0105','\0',NULL,NULL,NULL,NULL,NULL,NULL,NULL,'\0',NULL,NULL,'\0',NULL,NULL,NULL,NULL,NULL,306,408,'2018-08-12 11:48:40',4),(5722,'New','Valelly','Janessa','Cathie','2006-02-21','Masbate','Bolivian','Muslim','','Stormy','Jessie','Trautman','Nursing Service Director','202-555-0145','202-555-0150','\0','Dorothea','Morley','Dernburg','Custom Wood Stair Builder','202-555-0132','202-555-0195','',NULL,NULL,NULL,NULL,NULL,NULL,NULL,'\0',NULL,NULL,'\0',NULL,NULL,NULL,NULL,NULL,306,408,'2018-08-12 11:48:41',4),(5723,'New','Hamel','Marissa','Conny','2007-05-17','Catanduanes','Algerian','Protestant','','Lezlie','Florette','Von mehren','Voice-Over Artist','202-555-0167','202-555-0197','','Margorie','Cecile','Valelly','Piano Professor','202-555-0186','202-555-0183','',NULL,NULL,NULL,NULL,NULL,NULL,NULL,'\0',NULL,NULL,'\0',NULL,NULL,NULL,NULL,NULL,306,408,'2018-08-12 11:48:41',4),(5724,'Transferee','Tanenbaum','Edith','Deirdre','2006-04-21','Aklan','Georgian','Muslim','','Shauna','Sidonia','Sassone','Chiropractor','202-555-0146','202-555-0169','','Tamekia','Deirdre','Courval','Line Haul Driver','202-555-0169','202-555-0110','',NULL,NULL,NULL,NULL,NULL,NULL,NULL,'\0',NULL,NULL,'\0',NULL,NULL,NULL,NULL,NULL,306,408,'2018-08-12 11:48:41',4),(5725,'Transferee','Baino','Ebonie','Brinn','2008-06-12','Pangasinan','Ecuadorean','Catholic','\0','Karrie','Cecile','Thibodeau','Amusement Park Worker','202-555-0165','202-555-0197','','Marcellus','Corliss','John Chiappini','Piano Professor','202-555-0146','202-555-0150','',NULL,NULL,NULL,NULL,NULL,NULL,NULL,'\0',NULL,NULL,'\0',NULL,NULL,NULL,NULL,NULL,306,408,'2018-08-12 11:48:42',4),(5726,'Transferee','Zarate','Ruth','Cthrine','2008-11-27','Isabela','Micronesian','Catholic','','Maudie','Ransell','Lubit','Licensed Clinical Mental Health Counselor','202-555-0173','202-555-0177','\0','Moses','Morley','Scanlan','Multi-operation Forming Machine Setter','202-555-0179','202-555-0114','\0',NULL,NULL,NULL,NULL,NULL,NULL,NULL,'\0',NULL,NULL,'\0',NULL,NULL,NULL,NULL,NULL,306,408,'2018-08-12 11:48:42',4),(5727,'Transferee','Stigler','Johnsie','Bernardo','2009-04-11','Lanao del Sur','Scottish','Catholic','','Latashia','Charlotta','Lubit','Ambulance Driver-Paramedic','202-555-0114','202-555-0138','\0','Patricia','Oran','Compton','Licensed Clinical Mental Health Counselor','202-555-0186','202-555-0185','',NULL,NULL,NULL,NULL,NULL,NULL,NULL,'\0',NULL,NULL,'\0',NULL,NULL,NULL,NULL,NULL,306,408,'2018-08-12 11:48:43',4),(5728,'New','Maddox','Edith','Griffin','2006-03-11','Oriental Mindoro','Netherlander','Catholic','','Frederick','Barny','Shanley','AIDS Counselor','202-555-0189','202-555-0179','','Carlton','Aubrey','Glider','Freight Clerk','202-555-0145','202-555-0109','',NULL,NULL,NULL,NULL,NULL,NULL,NULL,'\0',NULL,NULL,'\0',NULL,NULL,NULL,NULL,NULL,306,408,'2018-08-12 11:48:43',4),(5729,'New','Morin','Loyce','Adaline','2010-11-15','Cebu','Armenian','Catholic','','Bridgette','Astra','Roussinos','Statistical Analyst','202-555-0183','202-555-0131','','Brinda','Thornie','Pesavento','Piano Professor','202-555-0179','202-555-0114','\0',NULL,NULL,NULL,NULL,NULL,NULL,NULL,'\0',NULL,NULL,'\0',NULL,NULL,NULL,NULL,NULL,306,408,'2018-08-12 11:48:43',4),(5730,'New','Alldredge','Marcellus','Tootsie','2007-05-26','Eastern Samar','Samoan','Muslim','\0','Joana','Kendal','Venne','Voice-Over Artist','202-555-0175','202-555-0179','\0','Madeleine','Millie','Alldredge','Emcee','202-555-0139','202-555-0185','',NULL,NULL,NULL,NULL,NULL,NULL,NULL,'\0',NULL,NULL,'\0',NULL,NULL,NULL,NULL,NULL,306,408,'2018-08-12 11:48:43',4),(5731,'Transferee','Russo','Marcellus','Kendal','2010-01-12','Dinagat Islands','SaintLucian','Born again','\0','Eve','Kendal','Wallander','Gas Derrick Operator','202-555-0135','202-555-0145','','Lilliana','Casey','Sedcole','Molasses Preparer','202-555-0175','202-555-0162','',NULL,NULL,NULL,NULL,NULL,NULL,NULL,'\0',NULL,NULL,'\0',NULL,NULL,NULL,NULL,NULL,306,408,'2018-08-12 11:48:43',4),(5732,'Transferee','Signon','Tamekia','Indira','2007-03-14','Batanes','Romanian','Catholic','\0','Sudie','Merrielle','Kauppi','Ambulance Driver-Paramedic','202-555-0184','202-555-0170','','Merissa','Aurlie','Scanlan','Nursing Service Director','202-555-0101','202-555-0199','\0',NULL,NULL,NULL,NULL,NULL,NULL,NULL,'\0',NULL,NULL,'\0',NULL,NULL,NULL,NULL,NULL,306,408,'2018-08-12 11:48:44',4),(5733,'New','Norato','Tonja','Mano','2009-10-28','Antique','Argentinean','Muslim','\0','Arica','Townie','Shanley','Social Psychologist','202-555-0189','202-555-0114','','Macy','Brinn','Brewer','Licensed Clinical Mental Health Counselor','202-555-0165','202-555-0189','\0',NULL,NULL,NULL,NULL,NULL,NULL,NULL,'\0',NULL,NULL,'\0',NULL,NULL,NULL,NULL,NULL,306,408,'2018-08-12 11:48:44',4),(5734,'New','Maddox','Loyce','Quinton','2010-10-15','Davao del Sur','Lebanese','Born again','\0','Janine','Indira','Thibodeau','Ambulance Driver-Paramedic','202-555-0163','202-555-0163','\0','Merissa','Adaline','Klipp','Multi-operation Forming Machine Setter','202-555-0177','202-555-0199','\0',NULL,NULL,NULL,NULL,NULL,NULL,NULL,'\0',NULL,NULL,'\0',NULL,NULL,NULL,NULL,NULL,306,408,'2018-08-12 11:48:44',4),(5735,'Transferee','Ulam','Kanisha','Harvey','2006-04-15','Misamis Oriental','Kazakhstani','Born again','\0','Elena','Simonette','Burke','Ambulance Driver-Paramedic','202-555-0167','202-555-0195','\0','Elma','Scott','Amadeo','Amusement Park Worker','202-555-0132','202-555-0138','\0',NULL,NULL,NULL,NULL,NULL,NULL,NULL,'\0',NULL,NULL,'\0',NULL,NULL,NULL,NULL,NULL,306,408,'2018-08-12 11:48:44',4),(5736,'New','Burke','Antionette','Adaline','2009-05-28','Ilocos Sur','Romanian','Born again','','Joanie','Barny','Mcnicol','Molasses Preparer','202-555-0173','202-555-0179','\0','Tonja','Maegan','Wallander','Nursing Service Director','202-555-0170','202-555-0131','\0',NULL,NULL,NULL,NULL,NULL,NULL,NULL,'\0',NULL,NULL,'\0',NULL,NULL,NULL,NULL,NULL,306,408,'2018-08-12 11:48:45',4),(5737,'New','Stilo','Dorothea','Loydie','2011-07-16','Romblon','Maldivan','Muslim','','Dorothea','Mano','Sassone','Social Psychologist','202-555-0181','202-555-0186','','Joana','Phyllys','Bilodeau','Nursing Service Director','202-555-0152','202-555-0179','\0',NULL,NULL,NULL,NULL,NULL,NULL,NULL,'\0',NULL,NULL,'\0',NULL,NULL,NULL,NULL,NULL,307,408,'2018-08-12 11:49:01',5),(5738,'New','El-shaarawi','Stacee','Claire','2008-05-26','Davao del Sur','Swazi','Protestant','','Dorothea','Thornie','John Chiappini','Multi-operation Forming Machine Setter','202-555-0177','202-555-0139','\0','Elma','Morse','Compton','Statistical Analyst','202-555-0174','202-555-0138','\0',NULL,NULL,NULL,NULL,NULL,NULL,NULL,'\0',NULL,NULL,'\0',NULL,NULL,NULL,NULL,NULL,307,408,'2018-08-12 11:49:01',5),(5739,'New','Cepko','Brinda','Deirdre','2006-06-14','Ifugao','Guyanese','Catholic','','Michaela','Harriot','Lord','Social Psychologist','202-555-0131','202-555-0187','','Merissa','Loydie','Russo','Licensed Clinical Mental Health Counselor','202-555-0165','202-555-0174','\0',NULL,NULL,NULL,NULL,NULL,NULL,NULL,'\0',NULL,NULL,'\0',NULL,NULL,NULL,NULL,NULL,307,408,'2018-08-12 11:49:01',5),(5740,'New','Slosser','Tamekia','Crissie','2010-09-25','Bataan','NewZealander','Born again','','Loyce','Rogers','Lachenbruch','Tobacco Buyer','202-555-0195','202-555-0145','\0','Serita','Michele','Thibodeau','Custom Wood Stair Builder','202-555-0167','202-555-0181','',NULL,NULL,NULL,NULL,NULL,NULL,NULL,'\0',NULL,NULL,'\0',NULL,NULL,NULL,NULL,NULL,307,408,'2018-08-12 11:49:01',5),(5741,'New','Sparda','Merissa','Aubrey','2010-02-12','Dinagat Islands','German','Catholic','\0','Kaleigh','Asia','Gurish','Piano Professor','202-555-0123','202-555-0177','','Soon','Indira','Thibodeau','Lead Abatement Worker','202-555-0195','202-555-0131','\0',NULL,NULL,NULL,NULL,NULL,NULL,NULL,'\0',NULL,NULL,'\0',NULL,NULL,NULL,NULL,NULL,307,408,'2018-08-12 11:49:02',5),(5742,'Transferee','Zarate','Sunday','Coralie','2008-11-13','Zambales','Micronesian','Catholic','\0','Soon','Cecile','Wilkin','Drywall Applicator','202-555-0105','202-555-0105','','Elma','Charlotta','Dernburg','Custom Wood Stair Builder','202-555-0114','202 - 555 - 0150','\0',NULL,NULL,NULL,NULL,NULL,NULL,NULL,'\0',NULL,NULL,'\0',NULL,NULL,NULL,NULL,NULL,307,408,'2018-08-12 11:49:02',5),(5743,'New','Funcke','Winford','Sidonia','2008-02-21','Sultan Kudarat','Maltese','Born again','','Janessa','Adaline','Carty','Drywall Applicator','202-555-0109','202-555-0135','\0','Myles','Michele','Compton','Piano Professor','202-555-0131','202-555-0179','',NULL,NULL,NULL,NULL,NULL,NULL,NULL,'\0',NULL,NULL,'\0',NULL,NULL,NULL,NULL,NULL,307,408,'2018-08-12 11:49:02',5),(5744,'Transferee','Burke','Arica','Burk','2008-10-17','Surigao del Norte','Iranian','Born again','\0','Ruth','Merrielle','Baskey','Gas Derrick Operator','202-555-0123','202-555-0109','','Lynnette','Crissie','Sedcole','Chiropractor','202-555-0173','202-555-0179','',NULL,NULL,NULL,NULL,NULL,NULL,NULL,'\0',NULL,NULL,'\0',NULL,NULL,NULL,NULL,NULL,307,408,'2018-08-12 11:49:02',5),(5745,'New','Compton','Patricia','Griffin','2010-02-11','Batangas','Tajik','Protestant','\0','Patricia','Audi','Lachenbruch','Busser','202-555-0175','202-555-0198','','Ezra','Roderich','Hulbert','Molasses Preparer','202-555-0175','202-555-0173','',NULL,NULL,NULL,NULL,NULL,NULL,NULL,'\0',NULL,NULL,'\0',NULL,NULL,NULL,NULL,NULL,307,408,'2018-08-12 11:49:02',5),(5746,'New','Klipp','Antionette','Scott','2007-06-14','Kalinga','Vietnamese','Born again','','Ronda','Michele','Prentice','Ambulance Driver-Paramedic','202-555-0187','202-555-0123','','Elsie','Michele','Stigler','Tobacco Buyer','202-555-0135','202-555-0183','',NULL,NULL,NULL,NULL,NULL,NULL,NULL,'\0',NULL,NULL,'\0',NULL,NULL,NULL,NULL,NULL,307,408,'2018-08-12 11:49:02',5),(5747,'New','Fonseca','Sunday','Millie','2006-06-14','Kalinga','Emirian','Taoism','','Joanie','Deirdre','Slosser','AIDS Counselor','202-555-0184','202-555-0109','\0','Patricia','Skippie','Lueders-booth','Amusement Park Worker','202-555-0167','202-555-0175','',NULL,NULL,NULL,NULL,NULL,NULL,NULL,'\0',NULL,NULL,'\0',NULL,NULL,NULL,NULL,NULL,307,408,'2018-08-12 11:49:03',5),(5748,'Transferee','Giesbrecht','Soon','Burk','2009-06-21','Northern Samar','Senegalese','Muslim','','Bridgette','Pen','Amsden','Professor of Communication and Writing','202-555-0102','202-555-0185','','Ludivina','Cthrine','Bronicki','Professor of Communication and Writing','202-555-0169','202-555-0189','\0',NULL,NULL,NULL,NULL,NULL,NULL,NULL,'\0',NULL,NULL,'\0',NULL,NULL,NULL,NULL,NULL,307,408,'2018-08-12 11:49:03',5),(5749,'New','Lubit','Carisa','Skippie','2007-04-27','Romblon','Dutch','Catholic','','Johnsie','Skippie','Brewer','Gas Derrick Operator','202-555-0179','202-555-0173','\0','Maren','Harriot','Kauppi','Gas Derrick Operator','202-555-0174','202-555-0145','',NULL,NULL,NULL,NULL,NULL,NULL,NULL,'\0',NULL,NULL,'\0',NULL,NULL,NULL,NULL,NULL,307,408,'2018-08-12 11:49:03',5),(5750,'Transferee','Hiles','Jeanice','Burk','2007-04-11','Apayao','Ivorian','Muslim','\0','Eve','Mara','Norato','Emcee','202-555-0189','202-555-0162','\0','Arica','Aubrey','El-shaarawi','Short Story Writer','202-555-0189','202-555-0152','',NULL,NULL,NULL,NULL,NULL,NULL,NULL,'\0',NULL,NULL,'\0',NULL,NULL,NULL,NULL,NULL,307,408,'2018-08-12 11:49:03',5),(5751,'New','Marston','Frederick','Charlotta','2007-11-22','Zamboanga del Sur','Malawian','Catholic','','Serita','Cthrine','Alldredge','Cardroom Manager','202-555-0195','202-555-0102','\0','Patricia','Ruddy','Signon','Ambulance Driver-Paramedic','202-555-0177','202-555-0198','\0',NULL,NULL,NULL,NULL,NULL,NULL,NULL,'\0',NULL,NULL,'\0',NULL,NULL,NULL,NULL,NULL,307,408,'2018-08-12 11:49:04',5),(5752,'New','Compton','Sunday','Rogers','2010-06-12','Sorsogon','Burundian','Taoism','','Joanie','Tedi','Badulescu','Social Psychologist','202-555-0114','202-555-0162','\0','Apolonia','Darrick','John Chiappini','Short Story Writer','202-555-0146','202-555-0145','',NULL,NULL,NULL,NULL,NULL,NULL,NULL,'\0',NULL,NULL,'\0',NULL,NULL,NULL,NULL,NULL,307,408,'2018-08-12 11:49:04',5),(5753,'New','John Chiappini','Meghan','Melantha','2008-05-10','Guimaras','Algerian','Catholic','','Ai','Simonette','Persky','Freight Clerk','202-555-0184','202 - 555 - 0150','\0','Jade','Skippie','Orfe','Line Haul Driver','202-555-0174','202-555-0131','',NULL,NULL,NULL,NULL,NULL,NULL,NULL,'\0',NULL,NULL,'\0',NULL,NULL,NULL,NULL,NULL,307,408,'2018-08-12 11:49:05',5),(5754,'New','Stigler','Shauna','Pen','2010-04-18','Cotabato','Dutchman','Taoism','\0','Antionette','Pen','Clear','Professor of Communication and Writing','202-555-0179','202-555-0125','\0','Delcie','Derrik','Prentice','Drywall Applicator','202-555-0183','202 - 555 - 0150','',NULL,NULL,NULL,NULL,NULL,NULL,NULL,'\0',NULL,NULL,'\0',NULL,NULL,NULL,NULL,NULL,307,408,'2018-08-12 11:49:05',5),(5755,'New','Lockhart','Marshall','Bernardo','2006-11-26','Abra','Dutch','Catholic','\0','Marissa','Cthrine','Decierdo','AIDS Counselor','202-555-0181','202-555-0132','\0','Brinda','Atlanta','Teutsch','Molasses Preparer','202-555-0187','202-555-0189','',NULL,NULL,NULL,NULL,NULL,NULL,NULL,'\0',NULL,NULL,'\0',NULL,NULL,NULL,NULL,NULL,307,408,'2018-08-12 11:49:06',5),(5756,'Transferee','Lachenbruch','Celestine','Frans','2007-03-26','Romblon','Barbudans','Taoism','','Carisa','Clem','Schluter','Tobacco Buyer','202-555-0195','202-555-0145','','Carlota','Simonette','Amsden','Social Psychologist','202-555-0145','202-555-0195','',NULL,NULL,NULL,NULL,NULL,NULL,NULL,'\0',NULL,NULL,'\0',NULL,NULL,NULL,NULL,NULL,307,408,'2018-08-12 11:49:06',5),(5757,'New','Ulam','Elma','Cathie','2011-01-22','Southern Leyte','Burkinabe','Muslim','','Winter','Harriot','Lueders-booth','Emcee','202 - 555 - 0150','202-555-0100','\0','Brinda','Cecile','Baino','Line Haul Driver','202-555-0105','202-555-0152','',NULL,NULL,NULL,NULL,NULL,NULL,NULL,'\0',NULL,NULL,'\0',NULL,NULL,NULL,NULL,NULL,307,408,'2018-08-12 11:49:06',5),(5758,'New','Ulam','Idalia','Lindy','2011-07-23','Samar','Bhutanese','Taoism','','Shauna','Orion','Lachenbruch','Tobacco Buyer','202-555-0138','202-555-0173','','Patricia','Oran','Persky','Lead Abatement Worker','202-555-0169','202-555-0110','\0',NULL,NULL,NULL,NULL,NULL,NULL,NULL,'\0',NULL,NULL,'\0',NULL,NULL,NULL,NULL,NULL,307,408,'2018-08-12 11:49:07',5),(5759,'New','Wallander','Antionette','Ransell','2011-07-10','Lanao del Norte','Malawian','Taoism','','Denna','Griffin','Persky','Social Psychologist','202-555-0189','202-555-0138','\0','Edith','Corliss','Compton','Gas Derrick Operator','202-555-0138','202-555-0102','',NULL,NULL,NULL,NULL,NULL,NULL,NULL,'\0',NULL,NULL,'\0',NULL,NULL,NULL,NULL,NULL,307,408,'2018-08-12 11:49:07',5),(5760,'Transferee','Kasper','Frederick','Craggie','2010-07-23','Rizal','Scottish','Born again','','Ludivina','Brinn','Udall','Lead Abatement Worker','202-555-0123','202-555-0195','\0','Joana','Clim','Polya','Licensed Clinical Mental Health Counselor','202-555-0186','202-555-0101','\0',NULL,NULL,NULL,NULL,NULL,NULL,NULL,'\0',NULL,NULL,'\0',NULL,NULL,NULL,NULL,NULL,307,408,'2018-08-12 11:49:08',5),(5761,'New','Russo','Stormy','Mano','2009-01-11','Davao Oriental','Mongolian','Taoism','\0','Idalia','Skippie','Bertram','AIDS Counselor','202-555-0179','202-555-0181','','Ebonie','Roderich','Sparda','Lead Abatement Worker','202-555-0186','202-555-0135','\0',NULL,NULL,NULL,NULL,NULL,NULL,NULL,'\0',NULL,NULL,'\0',NULL,NULL,NULL,NULL,NULL,307,408,'2018-08-12 11:49:08',5),(5762,'Transferee','Burke','Tamekia','Craggie','2009-05-27','Ifugao','Bosnian','Muslim','','Odette','Morse','Bertram','Piano Professor','202-555-0163','202-555-0116','','Apolonia','Thornie','Klipp','Emcee','202-555-0145','202-555-0174','\0',NULL,NULL,NULL,NULL,NULL,NULL,NULL,'\0',NULL,NULL,'\0',NULL,NULL,NULL,NULL,NULL,307,408,'2018-08-12 11:49:08',5),(5763,'Transferee','Courval','Delcie','Morse','2011-06-14','Davao Oriental','Jordanian','Born again','\0','Frederick','Barny','Roussinos','Emcee','202-555-0189','202-555-0123','','Teddy','Indira','Deptula','Tobacco Buyer','202-555-0116','202-555-0162','',NULL,NULL,NULL,NULL,NULL,NULL,NULL,'\0',NULL,NULL,'\0',NULL,NULL,NULL,NULL,NULL,307,408,'2018-08-12 11:49:08',5),(5764,'Transferee','Wallander','Moses','Orion','2006-10-24','Agusan del Sur','Venezuelan','Catholic','','Tonja','Latia','Decierdo','Gas Derrick Operator','202-555-0131','202-555-0137','\0','Maragret','Oran','Cepko','Voice-Over Artist','202-555-0102','202-555-0185','\0',NULL,NULL,NULL,NULL,NULL,NULL,NULL,'\0',NULL,NULL,'\0',NULL,NULL,NULL,NULL,NULL,307,408,'2018-08-12 11:49:09',5),(5765,'New','Scanlan','Merissa','Frans','2006-09-17','Negros Occidental','Monacan','Catholic','','Shauna','Morse','Rickles','Freight Clerk','202-555-0170','202-555-0102','','Yoshiko','Aurlie','Teutsch','Short Story Writer','202-555-0173','202-555-0152','\0',NULL,NULL,NULL,NULL,NULL,NULL,NULL,'\0',NULL,NULL,'\0',NULL,NULL,NULL,NULL,NULL,307,408,'2018-08-12 11:49:09',5),(5766,'Transferee','Kasper','Edith','Tull','2008-01-21','Quirino','Liechtensteiner','Born again','','Carlota','Marchall','Thibodeau','Line Haul Driver','202-555-0145','202-555-0114','\0','Celestine','Cthrine','Amadeo','Social Psychologist','202-555-0189','202-555-0179','',NULL,NULL,NULL,NULL,NULL,NULL,NULL,'\0',NULL,NULL,'\0',NULL,NULL,NULL,NULL,NULL,307,408,'2018-08-12 11:49:09',5),(5767,'Transferee','Kasper','Madeleine','Craggie','2005-09-24','Aurora','Venezuelan','Protestant','','Sean','Clem','Deptula','Licensed Clinical Mental Health Counselor','202-555-0123','202-555-0100','\0','Leonel','Harvey','Maddox','Freight Clerk','202-555-0110','202-555-0184','\0',NULL,NULL,NULL,NULL,NULL,NULL,NULL,'\0',NULL,NULL,'\0',NULL,NULL,NULL,NULL,NULL,308,408,'2018-08-12 11:50:12',4),(5768,'Transferee','Clear','Stormy','Riccardo','2003-10-24','Kalinga','Ugandan','Taoism','\0','Patricia','Sidonia','Valdez','Strike Warfare/Missile Systems Officer','202-555-0165','202-555-0183','\0','Edith','Melantha','Still','Ambulance Driver-Paramedic','202-555-0187','202-555-0139','\0',NULL,NULL,NULL,NULL,NULL,NULL,NULL,'\0',NULL,NULL,'\0',NULL,NULL,NULL,NULL,NULL,308,408,'2018-08-12 11:50:12',4),(5769,'New','Schluter','Joana','Yuma','2004-03-15','Misamis Oriental','Dutchwoman','Muslim','','Ronda','Aurlie','Markussen','Amusement Park Worker','202-555-0179','202-555-0132','\0','Carlota','Harriot','Brake','Drywall Applicator','202-555-0174','202-555-0102','\0',NULL,NULL,NULL,NULL,NULL,NULL,NULL,'\0',NULL,NULL,'\0',NULL,NULL,NULL,NULL,NULL,308,408,'2018-08-12 11:50:13',4),(5770,'Transferee','Brake','Ingrid','Ruddy','2006-05-26','Romblon','Monacan','Protestant','','Arica','Adaline','Baino','Cardroom Manager','202-555-0101','202-555-0183','\0','Alecia','Quinton','Compton','Chiropractor','202-555-0195','202-555-0145','',NULL,NULL,NULL,NULL,NULL,NULL,NULL,'\0',NULL,NULL,'\0',NULL,NULL,NULL,NULL,NULL,308,408,'2018-08-12 11:50:13',4),(5771,'New','Milioli','Carlton','Claire','2003-11-12','Quezon','Guyanese','Taoism','','Archie','Conny','Shanley','Ambulance Driver-Paramedic','202-555-0175','202-555-0139','','Rikki','Ruddy','Baskey','Emcee','202-555-0101','202-555-0170','',NULL,NULL,NULL,NULL,NULL,NULL,NULL,'\0',NULL,NULL,'\0',NULL,NULL,NULL,NULL,NULL,308,408,'2018-08-12 11:50:13',4),(5772,'New','Dernburg','Kanisha','Scott','2006-10-21','Tarlac','Nepalese','Protestant','','Marshall','Deirdre','Maddox','Line Haul Driver','202-555-0138','202-555-0161','','Lezlie','Tull','Roussinos','Custom Wood Stair Builder','202-555-0135','202-555-0170','',NULL,NULL,NULL,NULL,NULL,NULL,NULL,'\0',NULL,NULL,'\0',NULL,NULL,NULL,NULL,NULL,308,408,'2018-08-12 11:50:13',4),(5773,'New','Still','Celestine','Ruddy','2003-03-13','Camiguin','Swedish','Protestant','','Tonja','Katerina','Dernburg','Cardroom Manager','202-555-0138','202-555-0173','\0','Rona','Marchall','Baskey','Cardroom Manager','202-555-0169','202-555-0167','',NULL,NULL,NULL,NULL,NULL,NULL,NULL,'\0',NULL,NULL,'\0',NULL,NULL,NULL,NULL,NULL,308,408,'2018-08-12 11:50:13',4),(5774,'New','Cocuzzo','Madeleine','Kendal','2006-01-10','Davao del Norte','Congolese','Protestant','','Lila','Alexio','Cepko','Custom Wood Stair Builder','202-555-0161','202-555-0100','','Brinda','Tull','Kasper','Short Story Writer','202-555-0179','202-555-0131','',NULL,NULL,NULL,NULL,NULL,NULL,NULL,'\0',NULL,NULL,'\0',NULL,NULL,NULL,NULL,NULL,308,408,'2018-08-12 11:50:14',4),(5775,'Transferee','Kauppi','Macy','Thornie','2003-07-15','Misamis Occidental','Ni-Vanuatu','Taoism','','Lynnette','Ruddy','Hamel','Voice-Over Artist','202-555-0175','202-555-0181','','Tonja','Mano','Stilo','Custom Wood Stair Builder','202-555-0162','202-555-0109','\0',NULL,NULL,NULL,NULL,NULL,NULL,NULL,'\0',NULL,NULL,'\0',NULL,NULL,NULL,NULL,NULL,308,408,'2018-08-12 11:50:14',4),(5776,'New','El-shaarawi','Jeanice','Audi','2006-02-25','Camarines Sur','Dutchwoman','Born again','\0','Archie','Asia','Funcke','Tobacco Buyer','202-555-0146','202-555-0152','','Maudie','Loydie','Signon','Line Haul Driver','202-555-0179','202-555-0161','',NULL,NULL,NULL,NULL,NULL,NULL,NULL,'\0',NULL,NULL,'\0',NULL,NULL,NULL,NULL,NULL,308,408,'2018-08-12 11:50:14',4),(5777,'Transferee','Burke','Maren','Atlanta','2005-01-28','Surigao del Sur','Malagasy','Taoism','','Bridgette','Adaline','Maddox','AIDS Counselor','202-555-0189','202-555-0101','\0','Lezlie','Roderich','Bertram','Busser','202-555-0112','202-555-0179','',NULL,NULL,NULL,NULL,NULL,NULL,NULL,'\0',NULL,NULL,'\0',NULL,NULL,NULL,NULL,NULL,308,408,'2018-08-12 11:50:14',4),(5778,'Transferee','Sassone','Erwin','Thornie','2003-09-17','Metro Manila','Andorran','Born again','\0','Lillian','Cathie','Persky','Piano Professor','202-555-0198','202-555-0175','\0','Patricia','Derrik','Udall','Freight Clerk','202-555-0199','202-555-0183','',NULL,NULL,NULL,NULL,NULL,NULL,NULL,'\0',NULL,NULL,'\0',NULL,NULL,NULL,NULL,NULL,308,408,'2018-08-12 11:50:15',4),(5779,'New','Sedcole','Shauna','Orion','2006-03-10','Mountain Province','Grenadian','Muslim','\0','Maragret','Marchall','Zarate','Lead Abatement Worker','202-555-0131','202-555-0170','\0','Soon','Jocelyn','Stigler','Freight Clerk','202-555-0109','202-555-0114','',NULL,NULL,NULL,NULL,NULL,NULL,NULL,'\0',NULL,NULL,'\0',NULL,NULL,NULL,NULL,NULL,308,408,'2018-08-12 11:50:15',4),(5780,'Transferee','Lamarche','Ruth','Kendal','2004-05-18','Samar','Burundian','Protestant','\0','Macy','Morley','Bronicki','Chiropractor','202-555-0187','202-555-0174','\0','Ruth','Indira','Korzennik','Ambulance Driver-Paramedic','202-555-0105','202-555-0190','',NULL,NULL,NULL,NULL,NULL,NULL,NULL,'\0',NULL,NULL,'\0',NULL,NULL,NULL,NULL,NULL,308,408,'2018-08-12 11:50:15',4),(5781,'New','Arreguin','Patricia','Corliss','2002-10-28','Dinagat Islands','Motswana','Catholic','','Erwin','Charlotta','Rickles','Nursing Service Director','202-555-0112','202-555-0162','\0','Serita','Asia','Markussen','Piano Professor','202-555-0179','202-555-0183','\0',NULL,NULL,NULL,NULL,NULL,NULL,NULL,'\0',NULL,NULL,'\0',NULL,NULL,NULL,NULL,NULL,308,408,'2018-08-12 11:50:15',4),(5782,'New','Giesbrecht','Johnsie','Ransell','2002-09-20','Cavite','Ni-Vanuatu','Taoism','\0','Jesica','Birgit','Glider','Freight Clerk','202-555-0137','202-555-0173','\0','Idalia','Aubrey','Fuchs','AIDS Counselor','202-555-0173','202-555-0162','\0',NULL,NULL,NULL,NULL,NULL,NULL,NULL,'\0',NULL,NULL,'\0',NULL,NULL,NULL,NULL,NULL,308,408,'2018-08-12 11:50:15',4),(5783,'New','Signon','Tamekia','Michele','2005-01-12','Capiz','Icelander','Muslim','','Ai','Melantha','Brake','AIDS Counselor','202-555-0148','202-555-0116','\0','Kaleigh','Latia','Cady','Strike Warfare/Missile Systems Officer','202-555-0161','202-555-0175','',NULL,NULL,NULL,NULL,NULL,NULL,NULL,'\0',NULL,NULL,'\0',NULL,NULL,NULL,NULL,NULL,308,408,'2018-08-12 11:50:16',4),(5784,'Transferee','Lockhart','Alecia','Frans','2005-07-21','Romblon','Bhutanese','Catholic','\0','Delcie','Brinn','Giesbrecht','AIDS Counselor','202-555-0102','202-555-0177','','Dorothea','Kendal','Prentice','Chiropractor','202-555-0173','202-555-0145','',NULL,NULL,NULL,NULL,NULL,NULL,NULL,'\0',NULL,NULL,'\0',NULL,NULL,NULL,NULL,NULL,308,408,'2018-08-12 11:50:17',4),(5785,'Transferee','Wallander','Loyce','Skippie','2005-10-11','Ilocos Sur','Dutch','Catholic','\0','Jana','Deirdre','Schluter','Voice-Over Artist','202-555-0105','202-555-0150','\0','Erwin','Scott','Scanlan','Nursing Service Director','202-555-0163','202-555-0145','\0',NULL,NULL,NULL,NULL,NULL,NULL,NULL,'\0',NULL,NULL,'\0',NULL,NULL,NULL,NULL,NULL,308,408,'2018-08-12 11:50:17',4),(5786,'Transferee','Stilo','Sudie','Florette','2005-04-10','Zambales','Mauritanian','Taoism','\0','Ebonie','Cathie','Lackner','Chiropractor','202-555-0150','202-555-0197','\0','Frederick','Derrik','Valelly','Freight Clerk','202-555-0169','202-555-0145','\0',NULL,NULL,NULL,NULL,NULL,NULL,NULL,'\0',NULL,NULL,'\0',NULL,NULL,NULL,NULL,NULL,308,408,'2018-08-12 11:50:17',4),(5787,'New','Funcke','Margorie','Brinn','2004-04-12','Negros Occidental','Czech','Catholic','','Elsie','Crissie','Cepko','Strike Warfare/Missile Systems Officer','202-555-0123','202-555-0102','','Patricia','Sidonia','Lord','Gas Derrick Operator','202-555-0109','202-555-0195','',NULL,NULL,NULL,NULL,NULL,NULL,NULL,'\0',NULL,NULL,'\0',NULL,NULL,NULL,NULL,NULL,308,408,'2018-08-12 11:50:17',4),(5788,'Transferee','Glider','Ezra','Alexio','2003-10-13','Sarangani','Barbadian','Muslim','\0','Elma','Deborah','Lockhart','Social Psychologist','202-555-0189','202-555-0179','','Marshall','Jocelyn','Mccarty','Statistical Analyst','202-555-0101','202-555-0101','',NULL,NULL,NULL,NULL,NULL,NULL,NULL,'\0',NULL,NULL,'\0',NULL,NULL,NULL,NULL,NULL,308,408,'2018-08-12 11:50:17',4),(5789,'New','Lubit','Marcellus','Roderich','2005-11-14','Dinagat Islands','Scottish','Protestant','','Stacee','Lindy','Courval','Tobacco Buyer','202-555-0170','202-555-0195','\0','Meghan','Quinton','Deptula','Voice-Over Artist','202-555-0169','202-555-0179','',NULL,NULL,NULL,NULL,NULL,NULL,NULL,'\0',NULL,NULL,'\0',NULL,NULL,NULL,NULL,NULL,308,408,'2018-08-12 11:50:17',4),(5790,'Transferee','Lueders-booth','Shavon','Michele','2006-04-17','Laguna','Paraguayan','Muslim','','Macy','Conny','Giesbrecht','Gas Derrick Operator','202-555-0104','202-555-0137','','Arica','Darrick','Markussen','Gas Derrick Operator','202-555-0197','202-555-0195','\0',NULL,NULL,NULL,NULL,NULL,NULL,NULL,'\0',NULL,NULL,'\0',NULL,NULL,NULL,NULL,NULL,308,408,'2018-08-12 11:50:18',4),(5791,'Transferee','Hamel','Rosa','Corliss','2002-05-27','Ilocos Sur','Tunisian','Protestant','\0','Myles','Morley','Still','Drywall Applicator','202-555-0190','202-555-0150','','Moses','Burk','Shanley','Tobacco Buyer','202-555-0197','202-555-0169','\0',NULL,NULL,NULL,NULL,NULL,NULL,NULL,'\0',NULL,NULL,'\0',NULL,NULL,NULL,NULL,NULL,308,408,'2018-08-12 11:50:18',4),(5792,'Transferee','Brake','Sudie','Claire','2006-06-19','Occidental Mindoro','Ecuadorean','Protestant','','Moses','Clim','Metropolis','Professor of Communication and Writing','202-555-0185','202-555-0153','\0','Elmo','Thornie','John Chiappini','Freight Clerk','202-555-0199','202-555-0183','',NULL,NULL,NULL,NULL,NULL,NULL,NULL,'\0',NULL,NULL,'\0',NULL,NULL,NULL,NULL,NULL,308,408,'2018-08-12 11:50:18',4),(5793,'Transferee','Udall','Arica','Mallorie','2006-07-13','Ilocos Norte','Guinea-Bissauan','Born again','\0','Eve','Corliss','Zarate','Short Story Writer','202-555-0183','202-555-0169','','Winter','Aubrey','Leis','Voice-Over Artist','202-555-0173','202-555-0110','\0',NULL,NULL,NULL,NULL,NULL,NULL,NULL,'\0',NULL,NULL,'\0',NULL,NULL,NULL,NULL,NULL,308,408,'2018-08-12 11:50:18',4),(5794,'New','Fuchs','Kaleigh','Burk','2002-03-21','Cavite','Egyptian','Protestant','\0','Rikki','Adaline','Baino','Professor of Communication and Writing','202-555-0179','202-555-0145','','Shauna','Scott','Stilo','Social Psychologist','202-555-0184','202-555-0123','',NULL,NULL,NULL,NULL,NULL,NULL,NULL,'\0',NULL,NULL,'\0',NULL,NULL,NULL,NULL,NULL,308,408,'2018-08-12 11:50:18',4),(5795,'Transferee','Baskey','Elma','Yuma','2004-04-22','Samar','CapeVerdean','Born again','','Teddy','Frans','Cocuzzo','Gas Derrick Operator','202-555-0183','202-555-0177','\0','Yoshiko','Melantha','Burke','Piano Professor','202-555-0162','202-555-0163','\0',NULL,NULL,NULL,NULL,NULL,NULL,NULL,'\0',NULL,NULL,'\0',NULL,NULL,NULL,NULL,NULL,308,408,'2018-08-12 11:50:18',4),(5796,'New','Plummer','Kanisha','Aubrey','2003-05-10','Sulu','Barbudans','Catholic','\0','Elma','Michele','El-shaarawi','Freight Clerk','202-555-0110','202-555-0190','\0','Teddy','Jessie','Deptula','Drywall Applicator','202-555-0165','202-555-0195','\0',NULL,NULL,NULL,NULL,NULL,NULL,NULL,'\0',NULL,NULL,'\0',NULL,NULL,NULL,NULL,NULL,308,408,'2018-08-12 11:50:19',4),(5797,'Transferee','Tanenbaum','Moses','Morley','2004-08-14','Oriental Mindoro','Tuvaluan','Taoism','\0','Odette','Deirdre','Arreguin','Piano Professor','202-555-0183','202-555-0184','\0','Maudie','Maegan','Glider','Strike Warfare/Missile Systems Officer','202-555-0104','202-555-0179','\0',NULL,NULL,NULL,NULL,NULL,NULL,NULL,'\0',NULL,NULL,'\0',NULL,NULL,NULL,NULL,NULL,309,408,'2018-08-12 11:50:47',3),(5798,'Transferee','Valelly','Lynnette','Riccardo','2005-09-23','Batanes','Togolese','Taoism','','Marcellus','Simonette','Zarate','Piano Professor','202-555-0195','202-555-0102','\0','Lourie','Jessie','Clear','Chiropractor','202-555-0174','202-555-0139','',NULL,NULL,NULL,NULL,NULL,NULL,NULL,'\0',NULL,NULL,'\0',NULL,NULL,NULL,NULL,NULL,309,408,'2018-08-12 11:50:47',3),(5799,'Transferee','Stewart','Erwin','Sidonia','2004-03-20','Benguet','Scottish','Protestant','','Alecia','Quinton','Rickles','Tobacco Buyer','202-555-0198','202-555-0110','','Yoshiko','Jocelyn','Lueders-booth','Social Psychologist','202-555-0102','202-555-0105','\0',NULL,NULL,NULL,NULL,NULL,NULL,NULL,'\0',NULL,NULL,'\0',NULL,NULL,NULL,NULL,NULL,309,408,'2018-08-12 11:50:48',3),(5800,'New','Lord','Brinda','Lindy','2005-06-18','Isabela','Kyrgyz','Muslim','','Sudie','Aurlie','Maddox','Piano Professor','202-555-0195','202-555-0104','\0','Elsie','Craggie','Dernburg','Short Story Writer','202-555-0179','202-555-0169','\0',NULL,NULL,NULL,NULL,NULL,NULL,NULL,'\0',NULL,NULL,'\0',NULL,NULL,NULL,NULL,NULL,309,408,'2018-08-12 11:50:48',3),(5801,'Transferee','Udall','Margorie','Coralie','2002-04-23','Quirino','Algerian','Born again','\0','Teddy','Kendal','Giesbrecht','Cardroom Manager','202-555-0175','202-555-0148','\0','Erwin','Efrem','Gurish','Statistical Analyst','202-555-0163','202-555-0179','',NULL,NULL,NULL,NULL,NULL,NULL,NULL,'\0',NULL,NULL,'\0',NULL,NULL,NULL,NULL,NULL,309,408,'2018-08-12 11:50:48',3),(5802,'New','Scanlan','Serita','Frans','2002-03-14','Occidental Mindoro','Burmese','Born again','','Ronda','Jocelyn','Lackner','Drywall Applicator','202-555-0137','202-555-0175','\0','Rikki','Thornie','Verdile','AIDS Counselor','202-555-0132','202-555-0102','\0',NULL,NULL,NULL,NULL,NULL,NULL,NULL,'\0',NULL,NULL,'\0',NULL,NULL,NULL,NULL,NULL,309,408,'2018-08-12 11:50:48',3),(5803,'Transferee','Scanlan','Ed','Charlotta','2004-02-19','Lanao del Norte','Afghan','Catholic','','Mariel','Deirdre','Lachenbruch','AIDS Counselor','202-555-0195','202-555-0150','\0','Jade','Craggie','Sparda','Tobacco Buyer','202-555-0173','202-555-0150','\0',NULL,NULL,NULL,NULL,NULL,NULL,NULL,'\0',NULL,NULL,'\0',NULL,NULL,NULL,NULL,NULL,309,408,'2018-08-12 11:50:48',3),(5804,'Transferee','Polya','Eve','Lindy','2003-08-12','Capiz','Norwegian','Catholic','\0','Pearle','Claire','Udall','Piano Professor','202-555-0102','202-555-0101','\0','Hae','Atlanta','Upsdell','Tobacco Buyer','202-555-0135','202-555-0195','',NULL,NULL,NULL,NULL,NULL,NULL,NULL,'\0',NULL,NULL,'\0',NULL,NULL,NULL,NULL,NULL,309,408,'2018-08-12 11:50:49',3),(5805,'New','Shanley','Sunday','Derrik','2005-01-25','Eastern Samar','Senegalese','Muslim','','Brinda','Audi','Badulescu','Tobacco Buyer','202-555-0186','202-555-0146','\0','Yoshiko','Burk','Fuchs','Drywall Applicator','202-555-0114','202-555-0153','',NULL,NULL,NULL,NULL,NULL,NULL,NULL,'\0',NULL,NULL,'\0',NULL,NULL,NULL,NULL,NULL,309,408,'2018-08-12 11:50:49',3),(5806,'Transferee','Lubit','Winter','Quinton','2006-05-14','Misamis Occidental','Beninese','Taoism','','Johnsie','Mara','Korzennik','Short Story Writer','202-555-0179','202-555-0189','\0','Soon','Cathie','Valelly','Nursing Service Director','202-555-0184','202-555-0162','\0',NULL,NULL,NULL,NULL,NULL,NULL,NULL,'\0',NULL,NULL,'\0',NULL,NULL,NULL,NULL,NULL,309,408,'2018-08-12 11:50:49',3),(5807,'Transferee','Lackner','Maragret','Aurlie','2005-02-18','La Union','Austrian','Muslim','\0','Venetta','Ransell','Glider','Gas Derrick Operator','202-555-0123','202-555-0145','\0','Maude','Astra','Trautman','AIDS Counselor','202-555-0102','202-555-0153','\0',NULL,NULL,NULL,NULL,NULL,NULL,NULL,'\0',NULL,NULL,'\0',NULL,NULL,NULL,NULL,NULL,309,408,'2018-08-12 11:50:49',3),(5808,'New','Deptula','Winter','Clim','2003-09-22','Cebu','Kuwaiti','Muslim','','Leonel','Loydie','Persky','Busser','202-555-0105','202-555-0110','\0','Ed','Sidonia','Compton','Drywall Applicator','202-555-0162','202-555-0148','',NULL,NULL,NULL,NULL,NULL,NULL,NULL,'\0',NULL,NULL,'\0',NULL,NULL,NULL,NULL,NULL,309,408,'2018-08-12 11:50:50',3),(5809,'Transferee','Roussinos','Maren','Quinton','2005-01-12','Cebu','Malagasy','Protestant','','Brinda','Clem','Marston','Multi-operation Forming Machine Setter','202-555-0174','202-555-0189','\0','Maragret','Millie','Lubit','Statistical Analyst','202-555-0198','202-555-0185','',NULL,NULL,NULL,NULL,NULL,NULL,NULL,'\0',NULL,NULL,'\0',NULL,NULL,NULL,NULL,NULL,309,408,'2018-08-12 11:50:51',3),(5810,'New','Shanley','Soon','Craggie','2002-07-10','Davao Oriental','Togolese','Catholic','','Lillian','Morse','Mccarty','Line Haul Driver','202-555-0181','202-555-0175','\0','Lourie','Deirdre','Clear','Licensed Clinical Mental Health Counselor','202-555-0104','202 - 555 - 0150','',NULL,NULL,NULL,NULL,NULL,NULL,NULL,'\0',NULL,NULL,'\0',NULL,NULL,NULL,NULL,NULL,309,408,'2018-08-12 11:50:51',3),(5811,'Transferee','Naus','Shavon','Adaline','2005-09-23','Cotabato','Antiguans','Catholic','','Sibyl','Jessie','Plummer','Freight Clerk','202-555-0110','202-555-0169','','Idalia','Tedi','Klipp','Freight Clerk','202-555-0199','202-555-0145','\0',NULL,NULL,NULL,NULL,NULL,NULL,NULL,'\0',NULL,NULL,'\0',NULL,NULL,NULL,NULL,NULL,309,408,'2018-08-12 11:50:51',3),(5812,'Transferee','Liss','Sean','Asia','2004-05-23','Quezon','Netherlander','Muslim','\0','Loyce','Asia','Clear','Chiropractor','202-555-0181','202-555-0132','\0','Sean','Bernardo','Persky','Molasses Preparer','202-555-0195','202-555-0170','',NULL,NULL,NULL,NULL,NULL,NULL,NULL,'\0',NULL,NULL,'\0',NULL,NULL,NULL,NULL,NULL,309,408,'2018-08-12 11:50:51',3),(5813,'Transferee','Kasper','Karrie','Griffin','2004-02-19','Iloilo','Danish','Catholic','','Maudie','Cecile','Amsden','Tobacco Buyer','202-555-0199','202-555-0181','\0','Serita','Quinton','Brake','Social Psychologist','202-555-0195','202-555-0173','\0',NULL,NULL,NULL,NULL,NULL,NULL,NULL,'\0',NULL,NULL,'\0',NULL,NULL,NULL,NULL,NULL,309,408,'2018-08-12 11:50:51',3),(5814,'Transferee','Prentice','Meghan','Townie','2006-08-13','Zamboanga Sibugay','Grenadian','Protestant','\0','Moses','Mano','Lackner','Chiropractor','202-555-0102','202-555-0165','','Mariel','Charlotta','Lachenbruch','Custom Wood Stair Builder','202-555-0177','202-555-0173','',NULL,NULL,NULL,NULL,NULL,NULL,NULL,'\0',NULL,NULL,'\0',NULL,NULL,NULL,NULL,NULL,309,408,'2018-08-12 11:50:52',3),(5815,'New','Milioli','Meghan','Lindy','2003-07-24','Cavite','French','Protestant','','Stormy','Deborah','Lackner','Strike Warfare/Missile Systems Officer','202-555-0110','202-555-0109','','Yoshiko','Rogers','Benvenisty','Voice-Over Artist','202-555-0131','202-555-0184','',NULL,NULL,NULL,NULL,NULL,NULL,NULL,'\0',NULL,NULL,'\0',NULL,NULL,NULL,NULL,NULL,309,408,'2018-08-12 11:50:52',3),(5816,'New','John Chiappini','Lourie','Marchall','2006-01-15','Cotabato','Chinese','Born again','','Frederick','Mara','Prentice','Professor of Communication and Writing','202-555-0173','202-555-0165','','Latashia','Audi','Fuchs','Social Psychologist','202-555-0189','202-555-0179','',NULL,NULL,NULL,NULL,NULL,NULL,NULL,'\0',NULL,NULL,'\0',NULL,NULL,NULL,NULL,NULL,309,408,'2018-08-12 11:50:52',3),(5817,'New','Lubit','Merissa','Audi','2003-08-21','Abra','Tunisian','Taoism','','Teddy','Phyllys','Thibodeau','Voice-Over Artist','202-555-0114','202-555-0145','','Donte','Harvey','Wallander','Cardroom Manager','202-555-0195','202-555-0137','',NULL,NULL,NULL,NULL,NULL,NULL,NULL,'\0',NULL,NULL,'\0',NULL,NULL,NULL,NULL,NULL,309,408,'2018-08-12 11:50:52',3),(5818,'New','Cocuzzo','Antionette','Birgit','2006-04-15','Cavite','Paraguayan','Muslim','','Pattie','Riccardo','Ulam','Gas Derrick Operator','202-555-0100','202-555-0112','','Lezlie','Asia','Norato','Busser','202-555-0186','202-555-0132','',NULL,NULL,NULL,NULL,NULL,NULL,NULL,'\0',NULL,NULL,'\0',NULL,NULL,NULL,NULL,NULL,309,408,'2018-08-12 11:50:52',3),(5819,'New','Hulbert','Teddy','Deborah','2004-02-28','Zamboanga del Sur','Chilean','Muslim','','Celestine','Thornie','Fuchs','AIDS Counselor','202-555-0167','202-555-0190','','Elma','Frans','Giesbrecht','Licensed Clinical Mental Health Counselor','202-555-0181','202-555-0145','',NULL,NULL,NULL,NULL,NULL,NULL,NULL,'\0',NULL,NULL,'\0',NULL,NULL,NULL,NULL,NULL,309,408,'2018-08-12 11:50:53',3),(5820,'New','Lord','Janessa','Cathie','2003-05-27','Bataan','Salvadoran','Taoism','','Melia','Thornie','Alldredge','Professor of Communication and Writing','202-555-0163','202-555-0114','\0','Carisa','Oran','Lubit','Licensed Clinical Mental Health Counselor','202-555-0125','202-555-0145','',NULL,NULL,NULL,NULL,NULL,NULL,NULL,'\0',NULL,NULL,'\0',NULL,NULL,NULL,NULL,NULL,309,408,'2018-08-12 11:50:53',3),(5821,'Transferee','Courval','Elsie','Jocelyn','2002-05-12','Masbate','Jordanian','Taoism','\0','Serita','Jessie','Clear','Busser','202-555-0109','202-555-0146','\0','Ruth','Crissie','Burke','Chiropractor','202-555-0179','202-555-0104','\0',NULL,NULL,NULL,NULL,NULL,NULL,NULL,'\0',NULL,NULL,'\0',NULL,NULL,NULL,NULL,NULL,309,408,'2018-08-12 11:50:54',3),(5822,'New','Amsden','Janessa','Mano','2006-05-28','Quirino','Nicaraguan','Protestant','\0','Ronda','Brinn','Sparda','Licensed Clinical Mental Health Counselor','202-555-0131','202-555-0153','\0','Denna','Millie','Hulbert','Emcee','202-555-0145','202-555-0185','',NULL,NULL,NULL,NULL,NULL,NULL,NULL,'\0',NULL,NULL,'\0',NULL,NULL,NULL,NULL,NULL,309,408,'2018-08-12 11:50:54',3),(5823,'New','Verdile','Winford','Phyllys','2006-07-11','Tarlac','Romanian','Taoism','','Kanisha','Ransell','Prentice','Ambulance Driver-Paramedic','202-555-0175','202-555-0173','','Elena','Efrem','John Chiappini','Amusement Park Worker','202-555-0177','202-555-0179','',NULL,NULL,NULL,NULL,NULL,NULL,NULL,'\0',NULL,NULL,'\0',NULL,NULL,NULL,NULL,NULL,309,408,'2018-08-12 11:50:54',3),(5824,'Transferee','Sparda','Jeanice','Morse','2003-01-18','Biliran','Latvian','Protestant','','Ludivina','Cthrine','Kasper','Busser','202-555-0167','202-555-0181','\0','Joanie','Lindy','Cepko','Gas Derrick Operator','202-555-0146','202-555-0131','\0',NULL,NULL,NULL,NULL,NULL,NULL,NULL,'\0',NULL,NULL,'\0',NULL,NULL,NULL,NULL,NULL,309,408,'2018-08-12 11:50:54',3),(5825,'Transferee','Slosser','Melia','Claire','2004-09-22','Davao Oriental','Bruneian','Protestant','\0','Hae','Barny','Fonseca','Custom Wood Stair Builder','202-555-0125','202-555-0199','\0','Eve','Rogers','Thibodeau','Statistical Analyst','202-555-0116','202-555-0184','\0',NULL,NULL,NULL,NULL,NULL,NULL,NULL,'\0',NULL,NULL,'\0',NULL,NULL,NULL,NULL,NULL,309,408,'2018-08-12 11:50:55',3),(5826,'New','Deptula','Mandi','Cthrine','2006-11-18','South Cotabato','Georgian','Taoism','\0','Sean','Claire','Lamarche','Chiropractor','202-555-0100','202-555-0131','\0','Donte','Phyllys','Badulescu','Strike Warfare/Missile Systems Officer','202-555-0199','202-555-0150','',NULL,NULL,NULL,NULL,NULL,NULL,NULL,'\0',NULL,NULL,'\0',NULL,NULL,NULL,NULL,NULL,309,408,'2018-08-12 11:50:55',3),(5827,'Transferee','Giesbrecht','Patricia','Casey','2006-01-19','Sorsogon','Kenyan','Catholic','','Ai','Michele','Teutsch','Short Story Writer','202-555-0189','202-555-0148','\0','Loyce','Katerina','Stilo','Social Psychologist','202-555-0189','202-555-0173','\0',NULL,NULL,NULL,NULL,NULL,NULL,NULL,'\0',NULL,NULL,'\0',NULL,NULL,NULL,NULL,NULL,310,408,'2018-08-12 11:51:13',3),(5828,'Transferee','Mccarty','Carisa','Simonette','2006-06-22','Apayao','CentralAfrican','Catholic','\0','Bridgette','Clim','Lockhart','Ambulance Driver-Paramedic','202-555-0153','202-555-0100','','Myles','Roderich','Orfe','Tobacco Buyer','202-555-0161','202-555-0132','',NULL,NULL,NULL,NULL,NULL,NULL,NULL,'\0',NULL,NULL,'\0',NULL,NULL,NULL,NULL,NULL,310,408,'2018-08-12 11:51:13',3),(5829,'Transferee','Lackner','Ed','Rogers','2003-02-26','Quirino','Albanian','Born again','','Latashia','Latia','Deptula','Licensed Clinical Mental Health Counselor','202-555-0110','202-555-0105','','Elsie','Adaline','Courval','Voice-Over Artist','202-555-0146','202-555-0100','',NULL,NULL,NULL,NULL,NULL,NULL,NULL,'\0',NULL,NULL,'\0',NULL,NULL,NULL,NULL,NULL,310,408,'2018-08-12 11:51:14',3),(5830,'New','Cocuzzo','Archie','Cecile','2004-04-16','Bulacan','Congolese','Catholic','','Jesica','Tootsie','Arreguin','Social Psychologist','202-555-0175','202-555-0100','\0','Stormy','Marchall','Fuchs','Amusement Park Worker','202-555-0162','202-555-0104','\0',NULL,NULL,NULL,NULL,NULL,NULL,NULL,'\0',NULL,NULL,'\0',NULL,NULL,NULL,NULL,NULL,310,408,'2018-08-12 11:51:14',3),(5831,'Transferee','Lord','Tamekia','Skippie','2006-09-23','Catanduanes','Cuban','Taoism','','Leonore','Casey','Tanenbaum','Cardroom Manager','202-555-0137','202-555-0114','\0','Ingrid','Derrik','Bronicki','Lead Abatement Worker','202-555-0125','202-555-0145','',NULL,NULL,NULL,NULL,NULL,NULL,NULL,'\0',NULL,NULL,'\0',NULL,NULL,NULL,NULL,NULL,310,408,'2018-08-12 11:51:14',3),(5832,'New','Fuchs','Macy','Skippie','2006-10-21','Negros Occidental','Belgian','Protestant','','Sibyl','Deirdre','Gurish','Nursing Service Director','202-555-0105','202-555-0173','','Pattie','Simonette','Lockhart','Drywall Applicator','202-555-0184','202-555-0100','\0',NULL,NULL,NULL,NULL,NULL,NULL,NULL,'\0',NULL,NULL,'\0',NULL,NULL,NULL,NULL,NULL,310,408,'2018-08-12 11:51:14',3),(5833,'Transferee','Tanenbaum','Shauna','Corliss','2002-05-12','Batangas','Surinamer','Protestant','','Ingrid','Roderich','Kauppi','Amusement Park Worker','202-555-0145','202-555-0175','\0','Lourie','Riccardo','Hiles','Lead Abatement Worker','202-555-0163','202-555-0131','',NULL,NULL,NULL,NULL,NULL,NULL,NULL,'\0',NULL,NULL,'\0',NULL,NULL,NULL,NULL,NULL,310,408,'2018-08-12 11:51:15',3),(5834,'Transferee','Clear','Joanie','Mallorie','2006-11-21','Bukidnon','Omani','Protestant','\0','Myles','Tull','Lachenbruch','Multi-operation Forming Machine Setter','202-555-0179','202-555-0131','\0','Sibyl','Alexio','Stilo','Freight Clerk','202-555-0105','202-555-0161','',NULL,NULL,NULL,NULL,NULL,NULL,NULL,'\0',NULL,NULL,'\0',NULL,NULL,NULL,NULL,NULL,310,408,'2018-08-12 11:51:15',3),(5835,'Transferee','Sassone','Kanisha','Corliss','2003-02-13','Kalinga','Scottish','Taoism','\0','Lourie','Audi','Glider','Multi-operation Forming Machine Setter','202-555-0125','202-555-0152','','Margorie','Skippie','Trautman','Amusement Park Worker','202-555-0145','202-555-0195','',NULL,NULL,NULL,NULL,NULL,NULL,NULL,'\0',NULL,NULL,'\0',NULL,NULL,NULL,NULL,NULL,310,408,'2018-08-12 11:51:16',3),(5836,'New','Thibodeau','Leonel','Birgit','2004-05-15','Zambales','Cambodian','Protestant','','Arica','Morey','Markussen','Custom Wood Stair Builder','202-555-0101','202-555-0101','\0','Ai','Cathie','Sedcole','Lead Abatement Worker','202-555-0114','202-555-0184','\0',NULL,NULL,NULL,NULL,NULL,NULL,NULL,'\0',NULL,NULL,'\0',NULL,NULL,NULL,NULL,NULL,310,408,'2018-08-12 11:51:16',3),(5837,'New','Courval','Tamekia','Latia','2003-05-16','Lanao del Norte','Motswana','Catholic','','Marissa','Pen','Stilo','Line Haul Driver','202-555-0174','202-555-0189','\0','Carlota','Mano','Persky','Drywall Applicator','202-555-0179','202-555-0102','',NULL,NULL,NULL,NULL,NULL,NULL,NULL,'\0',NULL,NULL,'\0',NULL,NULL,NULL,NULL,NULL,310,408,'2018-08-12 11:51:16',3),(5838,'Transferee','Markussen','Ezra','Mallorie','2005-11-17','Surigao del Norte','SriLankan','Taoism','\0','Tamekia','Tootsie','Burke','Nursing Service Director','202-555-0162','202-555-0167','','Sibyl','Tull','Scanlan','Busser','202-555-0101','202-555-0173','\0',NULL,NULL,NULL,NULL,NULL,NULL,NULL,'\0',NULL,NULL,'\0',NULL,NULL,NULL,NULL,NULL,310,408,'2018-08-12 11:51:16',3),(5839,'Transferee','Naus','Serita','Harriot','2003-06-21','Sulu','Guatemalan','Protestant','\0','Odette','Mano','Funcke','Nursing Service Director','202-555-0186','202-555-0152','','Marcellus','Clem','Von mehren','Freight Clerk','202-555-0175','202-555-0104','\0',NULL,NULL,NULL,NULL,NULL,NULL,NULL,'\0',NULL,NULL,'\0',NULL,NULL,NULL,NULL,NULL,310,408,'2018-08-12 11:51:17',3),(5840,'New','Courval','Celestine','Tull','2004-01-24','Sarangani','Italian','Taoism','','Maren','Morley','Stigler','Statistical Analyst','202-555-0137','202-555-0123','\0','Alecia','Phyllys','Zarate','Multi-operation Forming Machine Setter','202-555-0198','202-555-0102','',NULL,NULL,NULL,NULL,NULL,NULL,NULL,'\0',NULL,NULL,'\0',NULL,NULL,NULL,NULL,NULL,310,408,'2018-08-12 11:51:18',3),(5841,'New','Sedcole','Marshall','Tedi','2004-03-22','Oriental Mindoro','CentralAfrican','Catholic','\0','Setsuko','Aurlie','Fuchs','Line Haul Driver','202-555-0179','202-555-0183','','Eve','Casey','Hamel','Molasses Preparer','202-555-0100','202-555-0105','\0',NULL,NULL,NULL,NULL,NULL,NULL,NULL,'\0',NULL,NULL,'\0',NULL,NULL,NULL,NULL,NULL,310,408,'2018-08-12 11:51:18',3),(5842,'New','Pesavento','Maudie','Alexio','2005-08-11','Northern Samar','Gabonese','Catholic','','Rona','Morey','Verdile','Multi-operation Forming Machine Setter','202-555-0109','202-555-0169','\0','Mandi','Aurlie','Glider','Chiropractor','202-555-0199','202-555-0165','\0',NULL,NULL,NULL,NULL,NULL,NULL,NULL,'\0',NULL,NULL,'\0',NULL,NULL,NULL,NULL,NULL,310,408,'2018-08-12 11:51:18',3),(5843,'Transferee','Alldredge','Delcie','Phyllys','2004-06-22','Zamboanga Sibugay','Moroccan','Taoism','\0','Lynnette','Melantha','Lueders-booth','Line Haul Driver','202-555-0148','202-555-0179','\0','Delcie','Derrik','Badulescu','Drywall Applicator','202 - 555 - 0150','202-555-0114','',NULL,NULL,NULL,NULL,NULL,NULL,NULL,'\0',NULL,NULL,'\0',NULL,NULL,NULL,NULL,NULL,310,408,'2018-08-12 11:51:18',3),(5844,'Transferee','Hamel','Lynnette','Riccardo','2006-10-10','Batangas','SriLankan','Protestant','','Lynnette','Coralie','Dernburg','Social Psychologist','202-555-0116','202-555-0170','\0','Janessa','Darrick','Ebeling','Cardroom Manager','202-555-0116','202-555-0173','\0',NULL,NULL,NULL,NULL,NULL,NULL,NULL,'\0',NULL,NULL,'\0',NULL,NULL,NULL,NULL,NULL,310,408,'2018-08-12 11:51:19',3),(5845,'New','Kasper','Moses','Audi','2004-09-26','Eastern Samar','Japanese','Taoism','','Maude','Mallorie','Glider','Line Haul Driver','202-555-0163','202-555-0183','\0','Karrie','Jessie','Kauppi','Licensed Clinical Mental Health Counselor','202-555-0150','202-555-0197','',NULL,NULL,NULL,NULL,NULL,NULL,NULL,'\0',NULL,NULL,'\0',NULL,NULL,NULL,NULL,NULL,310,408,'2018-08-12 11:51:20',3),(5846,'Transferee','Still','Merissa','Cecile','2006-03-19','Samar','NorthKorean','Protestant','','Alecia','Claire','Metropolis','Lead Abatement Worker','202-555-0139','202-555-0167','\0','Marshall','Ransell','Cepko','Licensed Clinical Mental Health Counselor','202-555-0100','202-555-0179','\0',NULL,NULL,NULL,NULL,NULL,NULL,NULL,'\0',NULL,NULL,'\0',NULL,NULL,NULL,NULL,NULL,310,408,'2018-08-12 11:51:20',3),(5847,'Transferee','Zarate','Apolonia','Riccardo','2006-10-14','Bohol','Japanese','Taoism','\0','Tamekia','Riccardo','Stigler','Tobacco Buyer','202-555-0116','202-555-0174','\0','Margorie','Marchall','Upsdell','AIDS Counselor','202-555-0175','202-555-0125','',NULL,NULL,NULL,NULL,NULL,NULL,NULL,'\0',NULL,NULL,'\0',NULL,NULL,NULL,NULL,NULL,310,408,'2018-08-12 11:51:20',3),(5848,'New','Amadeo','Maragret','Darrick','2006-02-23','Shariff Kabunsuan','Ghanaian','Protestant','','Moses','Astra','Lockhart','AIDS Counselor','202-555-0169','202-555-0101','\0','Janine','Jessie','Valdez','Piano Professor','202-555-0116','202-555-0148','\0',NULL,NULL,NULL,NULL,NULL,NULL,NULL,'\0',NULL,NULL,'\0',NULL,NULL,NULL,NULL,NULL,310,408,'2018-08-12 11:51:20',3),(5849,'Transferee','Cady','Mandi','Scott','2006-08-16','Kalinga','Belarusian','Taoism','\0','Marshall','Claire','Schluter','AIDS Counselor','202-555-0101','202-555-0102','','Ruth','Sidonia','Brake','Cardroom Manager','202-555-0187','202-555-0114','',NULL,NULL,NULL,NULL,NULL,NULL,NULL,'\0',NULL,NULL,'\0',NULL,NULL,NULL,NULL,NULL,310,408,'2018-08-12 11:51:21',3),(5850,'New','Valdez','Leonore','Maegan','2005-09-25','Apayao','Swiss','Catholic','','Rikki','Thornie','Cepko','Lead Abatement Worker','202-555-0195','202-555-0179','\0','Leonore','Claire','Fuchs','Nursing Service Director','202-555-0105','202-555-0125','',NULL,NULL,NULL,NULL,NULL,NULL,NULL,'\0',NULL,NULL,'\0',NULL,NULL,NULL,NULL,NULL,310,408,'2018-08-12 11:51:21',3),(5851,'Transferee','Glider','Ebonie','Griffin','2003-11-14','Cavite','Croatian','Protestant','','Elena','Loydie','Funcke','Freight Clerk','202-555-0109','202-555-0145','\0','Merissa','Michele','Rickles','Strike Warfare/Missile Systems Officer','202-555-0189','202-555-0169','',NULL,NULL,NULL,NULL,NULL,NULL,NULL,'\0',NULL,NULL,'\0',NULL,NULL,NULL,NULL,NULL,310,408,'2018-08-12 11:51:21',3),(5852,'New','Stewart','Lynnette','Cthrine','2003-07-14','Compostela Valley','Malawian','Born again','','Ludivina','Casey','Mcnicol','Line Haul Driver','202-555-0100','202-555-0116','','Erwin','Conny','El-shaarawi','Amusement Park Worker','202-555-0146','202-555-0145','',NULL,NULL,NULL,NULL,NULL,NULL,NULL,'\0',NULL,NULL,'\0',NULL,NULL,NULL,NULL,NULL,310,408,'2018-08-12 11:51:21',3),(5853,'Transferee','Signon','Pattie','Maegan','2003-10-11','South Cotabato','SierraLeonean','Taoism','\0','Ezra','Morey','Fonseca','Piano Professor','202-555-0195','202-555-0199','\0','Jade','Mallorie','Brewer','Professor of Communication and Writing','202-555-0145','202-555-0139','',NULL,NULL,NULL,NULL,NULL,NULL,NULL,'\0',NULL,NULL,'\0',NULL,NULL,NULL,NULL,NULL,310,408,'2018-08-12 11:51:21',3),(5854,'New','Baskey','Michaela','Kendal','2002-09-18','Shariff Kabunsuan','Omani','Born again','\0','Leonore','Deirdre','Roussinos','Gas Derrick Operator','202-555-0114','202-555-0131','\0','Janine','Lindy','Naus','AIDS Counselor','202-555-0131','202 - 555 - 0150','',NULL,NULL,NULL,NULL,NULL,NULL,NULL,'\0',NULL,NULL,'\0',NULL,NULL,NULL,NULL,NULL,310,408,'2018-08-12 11:51:22',3),(5855,'New','Naus','Arica','Latia','2004-06-27','Nueva Ecija','Mauritanian','Muslim','\0','Loyce','Cathie','Gurish','Tobacco Buyer','202-555-0162','202-555-0137','','Leonel','Asia','Clear','Custom Wood Stair Builder','202-555-0109','202-555-0197','\0',NULL,NULL,NULL,NULL,NULL,NULL,NULL,'\0',NULL,NULL,'\0',NULL,NULL,NULL,NULL,NULL,310,408,'2018-08-12 11:51:22',3),(5856,'New','Leis','Maude','Harvey','2003-03-24','Surigao del Sur','Burundian','Catholic','','Antionette','Latia','Bronicki','Molasses Preparer','202-555-0135','202-555-0189','\0','Idalia','Casey','Sedcole','Statistical Analyst','202-555-0195','202-555-0152','\0',NULL,NULL,NULL,NULL,NULL,NULL,NULL,'\0',NULL,NULL,'\0',NULL,NULL,NULL,NULL,NULL,310,408,'2018-08-12 11:51:22',3),(5857,'Transferee','Polya','Patricia','Jocelyn','2003-04-17','Samar','Algerian','Catholic','','Lilliana','Merrielle','Venne','Drywall Applicator','202-555-0104','202-555-0110','\0','Edith','Loydie','Milioli','Multi-operation Forming Machine Setter','202-555-0139','202-555-0189','\0',NULL,NULL,NULL,NULL,NULL,NULL,NULL,'\0',NULL,NULL,'\0',NULL,NULL,NULL,NULL,NULL,311,408,'2018-08-12 11:51:40',3),(5858,'Transferee','Korzennik','Latashia','Latia','2005-05-24','Nueva Ecija','Azerbaijani','Protestant','','Antionette','Asia','Thibodeau','Social Psychologist','202-555-0148','202-555-0187','','Janessa','Mallorie','Shanley','Nursing Service Director','202-555-0170','202-555-0179','\0',NULL,NULL,NULL,NULL,NULL,NULL,NULL,'\0',NULL,NULL,'\0',NULL,NULL,NULL,NULL,NULL,311,408,'2018-08-12 11:51:40',3),(5859,'New','Sparda','Idalia','Orion','2003-10-14','Basilan','SolomonIslander','Born again','\0','Celestine','Jocelyn','Slosser','Emcee','202-555-0153','202-555-0105','','Bridgette','Melantha','Teutsch','Lead Abatement Worker','202-555-0181','202-555-0125','\0',NULL,NULL,NULL,NULL,NULL,NULL,NULL,'\0',NULL,NULL,'\0',NULL,NULL,NULL,NULL,NULL,311,408,'2018-08-12 11:51:40',3),(5860,'Transferee','Udall','Bridgette','Tull','2005-09-25','Zamboanga Sibugay','Czech','Taoism','','Ai','Astra','Giesbrecht','Cardroom Manager','202-555-0190','202-555-0195','','Venetta','Birgit','Udall','Strike Warfare/Missile Systems Officer','202-555-0181','202-555-0146','',NULL,NULL,NULL,NULL,NULL,NULL,NULL,'\0',NULL,NULL,'\0',NULL,NULL,NULL,NULL,NULL,311,408,'2018-08-12 11:51:40',3),(5861,'New','Brewer','Delcie','Conny','2002-02-19','Eastern Samar','Angolan','Born again','','Janine','Deborah','Amsden','Chiropractor','202-555-0167','202-555-0114','','Alecia','Morey','Fuchs','Short Story Writer','202-555-0100','202-555-0139','',NULL,NULL,NULL,NULL,NULL,NULL,NULL,'\0',NULL,NULL,'\0',NULL,NULL,NULL,NULL,NULL,311,408,'2018-08-12 11:51:41',3),(5862,'New','Balshaw','Pattie','Deirdre','2002-07-12','Bohol','Finnish','Born again','\0','Sudie','Tedi','Amsden','Multi-operation Forming Machine Setter','202-555-0179','202-555-0173','\0','Maren','Deborah','Thibodeau','Piano Professor','202-555-0183','202-555-0195','\0',NULL,NULL,NULL,NULL,NULL,NULL,NULL,'\0',NULL,NULL,'\0',NULL,NULL,NULL,NULL,NULL,311,408,'2018-08-12 11:51:41',3),(5863,'New','Naus','Odette','Skippie','2003-03-23','Abra','Portuguese','Catholic','\0','Donte','Atlanta','Valelly','Gas Derrick Operator','202-555-0163','202-555-0138','','Frederick','Casey','Tanenbaum','Tobacco Buyer','202-555-0195','202-555-0131','',NULL,NULL,NULL,NULL,NULL,NULL,NULL,'\0',NULL,NULL,'\0',NULL,NULL,NULL,NULL,NULL,311,408,'2018-08-12 11:51:41',3),(5864,'New','Mcnicol','Sudie','Millie','2002-10-15','Metro Manila','Nigerian','Protestant','\0','Delcie','Kendal','Compton','Line Haul Driver','202-555-0148','202-555-0112','\0','Margorie','Tull','Slosser','Freight Clerk','202-555-0190','202-555-0161','\0',NULL,NULL,NULL,NULL,NULL,NULL,NULL,'\0',NULL,NULL,'\0',NULL,NULL,NULL,NULL,NULL,311,408,'2018-08-12 11:51:41',3),(5865,'New','Norato','Erwin','Jocelyn','2004-03-14','Abra','Chadian','Muslim','\0','Hae','Jessie','Shanley','Social Psychologist','202-555-0195','202-555-0189','','Yoshiko','Bernardo','Hulbert','Multi-operation Forming Machine Setter','202-555-0169','202-555-0179','',NULL,NULL,NULL,NULL,NULL,NULL,NULL,'\0',NULL,NULL,'\0',NULL,NULL,NULL,NULL,NULL,311,408,'2018-08-12 11:51:42',3),(5866,'Transferee','Lamarche','Idalia','Simonette','2005-04-17','Cebu','Namibian','Taoism','','Elmo','Katerina','Clear','Nursing Service Director','202-555-0145','202-555-0125','\0','Latashia','Mano','Alldredge','Molasses Preparer','202-555-0137','202-555-0169','\0',NULL,NULL,NULL,NULL,NULL,NULL,NULL,'\0',NULL,NULL,'\0',NULL,NULL,NULL,NULL,NULL,311,408,'2018-08-12 11:51:42',3),(5867,'Transferee','Flowers','Marshall','Florette','2003-01-15','Shariff Kabunsuan','Mongolian','Born again','\0','Venetta','Burk','Decierdo','Custom Wood Stair Builder','202-555-0114','202-555-0153','\0','Archie','Ransell','Lamarche','Social Psychologist','202-555-0125','202-555-0189','',NULL,NULL,NULL,NULL,NULL,NULL,NULL,'\0',NULL,NULL,'\0',NULL,NULL,NULL,NULL,NULL,311,408,'2018-08-12 11:51:42',3),(5868,'New','Tanenbaum','Bridgette','Yuma','2002-06-16','Negros Occidental','Libyan','Born again','','Idalia','Morley','Von mehren','Molasses Preparer','202-555-0132','202-555-0131','\0','Mariel','Jocelyn','Lubit','Nursing Service Director','202-555-0153','202-555-0135','',NULL,NULL,NULL,NULL,NULL,NULL,NULL,'\0',NULL,NULL,'\0',NULL,NULL,NULL,NULL,NULL,311,408,'2018-08-12 11:51:42',3),(5869,'Transferee','Deptula','Sean','Roderich','2004-03-12','Tawi-Tawi','Tanzanian','Taoism','','Venetta','Katerina','Norato','Statistical Analyst','202-555-0104','202-555-0123','','Ruth','Harvey','Polya','Cardroom Manager','202-555-0105','202-555-0175','',NULL,NULL,NULL,NULL,NULL,NULL,NULL,'\0',NULL,NULL,'\0',NULL,NULL,NULL,NULL,NULL,311,408,'2018-08-12 11:51:43',3),(5870,'New','Valdez','Erwin','Derrik','2004-10-12','Benguet','Russian','Catholic','','Denna','Bernardo','Decierdo','Ambulance Driver-Paramedic','202-555-0177','202-555-0175','\0','Soon','Tull','Mccarty','Custom Wood Stair Builder','202-555-0131','202-555-0197','',NULL,NULL,NULL,NULL,NULL,NULL,NULL,'\0',NULL,NULL,'\0',NULL,NULL,NULL,NULL,NULL,311,408,'2018-08-12 11:51:44',3),(5871,'New','Giesbrecht','Vilma','Atlanta','2004-08-12','Batanes','Welsh','Born again','','Delcie','Jocelyn','Norato','Professor of Communication and Writing','202-555-0195','202-555-0183','','Melia','Riccardo','Cepko','Lead Abatement Worker','202-555-0198','202-555-0195','\0',NULL,NULL,NULL,NULL,NULL,NULL,NULL,'\0',NULL,NULL,'\0',NULL,NULL,NULL,NULL,NULL,311,408,'2018-08-12 11:51:45',3),(5872,'New','Kauppi','Erwin','Aubrey','2004-06-16','Lanao del Norte','SierraLeonean','Taoism','','Edith','Harriot','Deptula','Short Story Writer','202-555-0125','202-555-0195','\0','Setsuko','Jocelyn','Norato','AIDS Counselor','202-555-0173','202-555-0139','',NULL,NULL,NULL,NULL,NULL,NULL,NULL,'\0',NULL,NULL,'\0',NULL,NULL,NULL,NULL,NULL,311,408,'2018-08-12 11:51:45',3),(5873,'New','Valelly','Apolonia','Cthrine','2006-06-15','Guimaras','Salvadoran','Catholic','\0','Venetta','Mano','Glider','Drywall Applicator','202-555-0184','202-555-0199','','Michaela','Corliss','Teutsch','Piano Professor','202-555-0167','202-555-0167','\0',NULL,NULL,NULL,NULL,NULL,NULL,NULL,'\0',NULL,NULL,'\0',NULL,NULL,NULL,NULL,NULL,311,408,'2018-08-12 11:51:45',3),(5874,'New','Fuchs','Tamekia','Merrielle','2004-06-16','Quezon','SouthAfrican','Muslim','\0','Joanie','Jocelyn','Funcke','Strike Warfare/Missile Systems Officer','202-555-0190','202-555-0152','\0','Maren','Craggie','Venne','Cardroom Manager','202-555-0186','202-555-0132','',NULL,NULL,NULL,NULL,NULL,NULL,NULL,'\0',NULL,NULL,'\0',NULL,NULL,NULL,NULL,NULL,311,408,'2018-08-12 11:51:46',3),(5875,'New','Gurish','Jade','Roderich','2006-05-15','Bataan','Malawian','Muslim','\0','Johnsie','Rogers','Courval','Professor of Communication and Writing','202-555-0186','202-555-0183','\0','Johnsie','Oran','Tanenbaum','Social Psychologist','202-555-0173','202-555-0102','\0',NULL,NULL,NULL,NULL,NULL,NULL,NULL,'\0',NULL,NULL,'\0',NULL,NULL,NULL,NULL,NULL,311,408,'2018-08-12 11:51:46',3),(5876,'Transferee','Lueders-booth','Venetta','Loydie','2004-06-25','Cavite','Venezuelan','Born again','\0','Lilliana','Katerina','Klipp','Lead Abatement Worker','202-555-0186','202-555-0198','','Patricia','Orion','Lueders-booth','Busser','202-555-0173','202-555-0152','',NULL,NULL,NULL,NULL,NULL,NULL,NULL,'\0',NULL,NULL,'\0',NULL,NULL,NULL,NULL,NULL,311,408,'2018-08-12 11:51:46',3),(5877,'New','Milioli','Ebonie','Coralie','2005-01-23','Romblon','Bhutanese','Muslim','','Sudie','Alexio','Amsden','Molasses Preparer','202-555-0123','202-555-0100','','Delcie','Morse','Mcnicol','Emcee','202-555-0169','202-555-0152','\0',NULL,NULL,NULL,NULL,NULL,NULL,NULL,'\0',NULL,NULL,'\0',NULL,NULL,NULL,NULL,NULL,311,408,'2018-08-12 11:51:46',3),(5878,'Transferee','Amadeo','Elma','Mano','2002-05-11','South Cotabato','Romanian','Protestant','\0','Eve','Loydie','Naus','Molasses Preparer','202-555-0131','202-555-0138','','Winter','Melantha','Trautman','Professor of Communication and Writing','202-555-0179','202-555-0169','',NULL,NULL,NULL,NULL,NULL,NULL,NULL,'\0',NULL,NULL,'\0',NULL,NULL,NULL,NULL,NULL,311,408,'2018-08-12 11:51:47',3),(5879,'Transferee','Glider','Jesica','Cathie','2005-10-25','Tawi-Tawi','Bolivian','Catholic','\0','Elmo','Quinton','Russo','Busser','202-555-0123','202-555-0197','','Patricia','Loydie','Marston','Tobacco Buyer','202-555-0173','202-555-0114','\0',NULL,NULL,NULL,NULL,NULL,NULL,NULL,'\0',NULL,NULL,'\0',NULL,NULL,NULL,NULL,NULL,311,408,'2018-08-12 11:51:47',3),(5880,'New','Burke','Sean','Griffin','2004-07-10','Shariff Kabunsuan','American','Catholic','\0','Carlota','Mano','Badulescu','Professor of Communication and Writing','202-555-0198','202-555-0189','\0','Bridgette','Scott','Tanenbaum','Busser','202-555-0177','202-555-0187','\0',NULL,NULL,NULL,NULL,NULL,NULL,NULL,'\0',NULL,NULL,'\0',NULL,NULL,NULL,NULL,NULL,311,408,'2018-08-12 11:51:47',3),(5881,'Transferee','Hulbert','Shavon','Oran','2005-11-11','Quezon','Belgian','Protestant','\0','Carisa','Casey','Zarate','Piano Professor','202-555-0179','202-555-0189','','Shavon','Craggie','Valelly','Ambulance Driver-Paramedic','202-555-0187','202-555-0112','\0',NULL,NULL,NULL,NULL,NULL,NULL,NULL,'\0',NULL,NULL,'\0',NULL,NULL,NULL,NULL,NULL,311,408,'2018-08-12 11:51:47',3),(5882,'Transferee','Tanenbaum','Idalia','Deirdre','2003-11-15','Northern Samar','German','Muslim','','Bridgette','Melantha','Pesavento','Custom Wood Stair Builder','202-555-0135','202-555-0123','\0','Janine','Aurlie','Alldredge','Line Haul Driver','202-555-0165','202-555-0110','\0',NULL,NULL,NULL,NULL,NULL,NULL,NULL,'\0',NULL,NULL,'\0',NULL,NULL,NULL,NULL,NULL,311,408,'2018-08-12 11:51:47',3),(5883,'Transferee','Baino','Ezra','Quinton','2006-06-25','Aklan','Tunisian','Taoism','','Meghan','Adaline','Milioli','Social Psychologist','202-555-0179','202-555-0114','','Soon','Jessie','Thibodeau','AIDS Counselor','202-555-0165','202-555-0137','\0',NULL,NULL,NULL,NULL,NULL,NULL,NULL,'\0',NULL,NULL,'\0',NULL,NULL,NULL,NULL,NULL,311,408,'2018-08-12 11:51:48',3),(5884,'Transferee','Thibodeau','Lourie','Frans','2005-10-18','Camarines Norte','Burkinabe','Born again','\0','Jana','Pen','Still','Voice-Over Artist','202-555-0186','202-555-0152','\0','Leonel','Morse','Stigler','Short Story Writer','202-555-0105','202-555-0195','',NULL,NULL,NULL,NULL,NULL,NULL,NULL,'\0',NULL,NULL,'\0',NULL,NULL,NULL,NULL,NULL,311,408,'2018-08-12 11:51:48',3),(5885,'New','Klipp','Lourie','Florette','2006-06-11','Cebu','Yemenite','Catholic','\0','Joanie','Deirdre','Rickles','Professor of Communication and Writing','202-555-0181','202-555-0104','','Ronda','Astra','Valdez','Chiropractor','202-555-0125','202-555-0125','',NULL,NULL,NULL,NULL,NULL,NULL,NULL,'\0',NULL,NULL,'\0',NULL,NULL,NULL,NULL,NULL,311,408,'2018-08-12 11:51:48',3),(5886,'Transferee','Mccarty','Soon','Bernardo','2005-08-18','Bukidnon','Moroccan','Born again','\0','Tonja','Skippie','Bronicki','Short Story Writer','202-555-0131','202-555-0125','','Elmo','Clem','Marston','Licensed Clinical Mental Health Counselor','202-555-0173','202-555-0123','\0',NULL,NULL,NULL,NULL,NULL,NULL,NULL,'\0',NULL,NULL,'\0',NULL,NULL,NULL,NULL,NULL,311,408,'2018-08-12 11:51:48',3);
/*!40000 ALTER TABLE `registration_mt` ENABLE KEYS */;
UNLOCK TABLES;

--
-- Table structure for table `role`
--

DROP TABLE IF EXISTS `role`;
/*!40101 SET @saved_cs_client     = @@character_set_client */;
/*!40101 SET character_set_client = utf8 */;
CREATE TABLE `role` (
  `role_id` int(11) NOT NULL AUTO_INCREMENT,
  `role` varchar(25) NOT NULL,
  `isActive` bit(1) NOT NULL DEFAULT b'1',
  PRIMARY KEY (`role_id`)
) ENGINE=InnoDB AUTO_INCREMENT=5 DEFAULT CHARSET=latin1;
/*!40101 SET character_set_client = @saved_cs_client */;

--
-- Dumping data for table `role`
--

LOCK TABLES `role` WRITE;
/*!40000 ALTER TABLE `role` DISABLE KEYS */;
INSERT INTO `role` VALUES (1,'Administrator',''),(2,'Cashier',''),(3,'Registrar',''),(4,'Faculty','');
/*!40000 ALTER TABLE `role` ENABLE KEYS */;
UNLOCK TABLES;

--
-- Table structure for table `role_permission`
--

DROP TABLE IF EXISTS `role_permission`;
/*!40101 SET @saved_cs_client     = @@character_set_client */;
/*!40101 SET character_set_client = utf8 */;
CREATE TABLE `role_permission` (
  `role_permission_id` int(11) NOT NULL AUTO_INCREMENT,
  `role_id` int(11) NOT NULL,
  `dashboardpermission_id` int(11) NOT NULL,
  `enrollmentpermission_id` int(11) DEFAULT NULL,
  PRIMARY KEY (`role_permission_id`),
  KEY `fk_role_permissionTABLE_role_idCOL_idx` (`role_id`),
  KEY `fk_role_permissionTABLE_dashboardpermission_idCOL_idx` (`dashboardpermission_id`),
  KEY `fk_role_permissionTABLE_enrollmentpermission_idCOL_idx` (`enrollmentpermission_id`),
  CONSTRAINT `fk_role_permissionTABLE_dashboardpermission_idCOL` FOREIGN KEY (`dashboardpermission_id`) REFERENCES `dashboardpermission` (`dashboardpermission_id`) ON DELETE NO ACTION ON UPDATE NO ACTION,
  CONSTRAINT `fk_role_permissionTABLE_enrollmentpermission_idCOL` FOREIGN KEY (`enrollmentpermission_id`) REFERENCES `enrollmentpermission` (`enrollmentpermission_id`) ON DELETE NO ACTION ON UPDATE NO ACTION,
  CONSTRAINT `fk_role_permissionTABLE_role_idCOL` FOREIGN KEY (`role_id`) REFERENCES `role` (`role_id`) ON DELETE NO ACTION ON UPDATE NO ACTION
) ENGINE=InnoDB AUTO_INCREMENT=9 DEFAULT CHARSET=latin1;
/*!40101 SET character_set_client = @saved_cs_client */;

--
-- Dumping data for table `role_permission`
--

LOCK TABLES `role_permission` WRITE;
/*!40000 ALTER TABLE `role_permission` DISABLE KEYS */;
INSERT INTO `role_permission` VALUES (5,1,1,NULL),(6,2,2,NULL),(7,3,3,NULL),(8,4,4,NULL);
/*!40000 ALTER TABLE `role_permission` ENABLE KEYS */;
UNLOCK TABLES;

--
-- Table structure for table `room_mt`
--

DROP TABLE IF EXISTS `room_mt`;
/*!40101 SET @saved_cs_client     = @@character_set_client */;
/*!40101 SET character_set_client = utf8 */;
CREATE TABLE `room_mt` (
  `room_id` int(11) NOT NULL AUTO_INCREMENT,
  `room_name_or_num` varchar(45) NOT NULL,
  `bldg_name_or_num` varchar(45) NOT NULL,
  `capacity` int(11) NOT NULL,
  `status` bit(1) NOT NULL DEFAULT b'1',
  `date_created` datetime NOT NULL DEFAULT CURRENT_TIMESTAMP,
  PRIMARY KEY (`room_id`)
) ENGINE=InnoDB AUTO_INCREMENT=14 DEFAULT CHARSET=latin1;
/*!40101 SET character_set_client = @saved_cs_client */;

--
-- Dumping data for table `room_mt`
--

LOCK TABLES `room_mt` WRITE;
/*!40000 ALTER TABLE `room_mt` DISABLE KEYS */;
INSERT INTO `room_mt` VALUES (1,'Room Test','Bldg 5',30,'\0','2017-07-16 20:04:22'),(2,'Room 2','302',40,'','2017-07-16 20:04:22'),(3,'Storage Room','BLDG1',100,'','2017-07-16 20:13:44'),(4,'Tanduay Room','Bldg 9',30,'','2017-08-02 17:49:23'),(5,'Humility','310',30,'','2017-08-04 15:26:55'),(6,'courage','310',30,'','2017-08-04 15:27:16'),(7,'joy','310',40,'','2017-08-04 15:27:38'),(8,'Roomba','201',30,'','2017-08-04 15:28:19'),(9,'Daisy','201',30,'','2017-08-04 15:29:29'),(10,'310','310',30,'','2017-08-04 15:30:08'),(11,'Makati','Makati BLDG',30,'','2018-06-03 14:18:50'),(12,'Manila','Manila BLDG',30,'','2018-06-03 14:19:22'),(13,'Room 304','Feu Main',30,'','2018-06-03 17:46:09');
/*!40000 ALTER TABLE `room_mt` ENABLE KEYS */;
UNLOCK TABLES;

--
-- Table structure for table `schedule_mt`
--

DROP TABLE IF EXISTS `schedule_mt`;
/*!40101 SET @saved_cs_client     = @@character_set_client */;
/*!40101 SET character_set_client = utf8 */;
CREATE TABLE `schedule_mt` (
  `schedule_id` int(11) NOT NULL AUTO_INCREMENT,
  `schedule_day` varchar(10) NOT NULL COMMENT 'Values to contain are \n\nM, T, W, TH, F, S, SU ',
  `startTime` int(11) NOT NULL,
  `endTime` int(11) NOT NULL,
  `schoolyear_id` int(11) NOT NULL,
  `subject_id` int(11) NOT NULL,
  `section_id` int(11) DEFAULT NULL,
  `room_id` int(11) NOT NULL,
  `isActive` bit(1) NOT NULL DEFAULT b'1',
  PRIMARY KEY (`schedule_id`),
  KEY `class_schedule_TABLE_roomId_COL_idx` (`room_id`),
  KEY `fk_class_schedule_TABLE_subjectId_COLUMN_idx` (`subject_id`),
  KEY `fk_scheduleTABLE_schoolyear_idCOL_idx` (`schoolyear_id`),
  KEY `fk_scheduleTABLE_section_idCOL_idx` (`section_id`),
  CONSTRAINT `fk_scheduleTABLE_room_idCOL` FOREIGN KEY (`room_id`) REFERENCES `room_mt` (`room_id`) ON DELETE NO ACTION ON UPDATE NO ACTION,
  CONSTRAINT `fk_scheduleTABLE_schoolyear_idCOL` FOREIGN KEY (`schoolyear_id`) REFERENCES `schoolyear_mt` (`schoolyear_id`) ON DELETE NO ACTION ON UPDATE NO ACTION,
  CONSTRAINT `fk_scheduleTABLE_section_idCOL` FOREIGN KEY (`section_id`) REFERENCES `section_mt` (`section_id`) ON DELETE NO ACTION ON UPDATE NO ACTION,
  CONSTRAINT `fk_scheduleTABLE_subject_idCOL` FOREIGN KEY (`subject_id`) REFERENCES `subject_mt` (`subject_id`) ON DELETE NO ACTION ON UPDATE NO ACTION
) ENGINE=InnoDB AUTO_INCREMENT=43 DEFAULT CHARSET=latin1;
/*!40101 SET character_set_client = @saved_cs_client */;

--
-- Dumping data for table `schedule_mt`
--

LOCK TABLES `schedule_mt` WRITE;
/*!40000 ALTER TABLE `schedule_mt` DISABLE KEYS */;
INSERT INTO `schedule_mt` VALUES (35,'Mon',1210,1310,407,74,34,10,''),(36,'Mon',1411,1511,407,96,34,5,''),(37,'Tue',1411,1511,407,96,34,5,''),(38,'Wed',1511,1611,407,75,34,5,''),(39,'Thu',1611,1711,407,96,34,5,''),(40,'Mon',900,1000,407,96,34,4,''),(41,'Tue',1000,1100,407,96,34,1,''),(42,'Wed',1100,1200,407,96,34,1,'');
/*!40000 ALTER TABLE `schedule_mt` ENABLE KEYS */;
UNLOCK TABLES;

--
-- Table structure for table `schoolyear_holiday_lt`
--

DROP TABLE IF EXISTS `schoolyear_holiday_lt`;
/*!40101 SET @saved_cs_client     = @@character_set_client */;
/*!40101 SET character_set_client = utf8 */;
CREATE TABLE `schoolyear_holiday_lt` (
  `schoolyear_holiday_id` int(11) NOT NULL AUTO_INCREMENT,
  `schoolyear_id` int(11) NOT NULL,
  `holiday_id` int(11) NOT NULL,
  PRIMARY KEY (`schoolyear_holiday_id`),
  KEY `fk_schoolyear_holiday_ltTABLE_schoolyear_idCOL_idx` (`schoolyear_id`),
  KEY `fk_schoolyear_holiday_ltTABLE_holiday_idCOL_idx` (`holiday_id`),
  CONSTRAINT `fk_schoolyear_holiday_ltTABLE_holiday_idCOL` FOREIGN KEY (`holiday_id`) REFERENCES `holiday_mt` (`holiday_id`) ON DELETE NO ACTION ON UPDATE NO ACTION,
  CONSTRAINT `fk_schoolyear_holiday_ltTABLE_schoolyear_idCOL` FOREIGN KEY (`schoolyear_id`) REFERENCES `schoolyear_mt` (`schoolyear_id`) ON DELETE NO ACTION ON UPDATE NO ACTION
) ENGINE=InnoDB AUTO_INCREMENT=62 DEFAULT CHARSET=latin1;
/*!40101 SET character_set_client = @saved_cs_client */;

--
-- Dumping data for table `schoolyear_holiday_lt`
--

LOCK TABLES `schoolyear_holiday_lt` WRITE;
/*!40000 ALTER TABLE `schoolyear_holiday_lt` DISABLE KEYS */;
INSERT INTO `schoolyear_holiday_lt` VALUES (54,425,5),(55,425,6),(56,425,7),(57,425,8),(58,425,9),(59,425,10),(60,425,11),(61,425,12);
/*!40000 ALTER TABLE `schoolyear_holiday_lt` ENABLE KEYS */;
UNLOCK TABLES;

--
-- Table structure for table `schoolyear_mt`
--

DROP TABLE IF EXISTS `schoolyear_mt`;
/*!40101 SET @saved_cs_client     = @@character_set_client */;
/*!40101 SET character_set_client = utf8 */;
CREATE TABLE `schoolyear_mt` (
  `schoolyear_id` int(11) NOT NULL AUTO_INCREMENT,
  `yearFrom` int(11) NOT NULL,
  `yearTo` int(11) NOT NULL,
  `isActive` bit(1) NOT NULL DEFAULT b'1',
  `start_date` date NOT NULL,
  `end_date` date NOT NULL,
  `isCurrentSchoolYear` bit(1) DEFAULT b'0',
  `total_class_hours` int(11) NOT NULL,
  PRIMARY KEY (`schoolyear_id`),
  UNIQUE KEY `yearFrom_UNIQUE` (`yearFrom`),
  UNIQUE KEY `yearTo_UNIQUE` (`yearTo`)
) ENGINE=InnoDB AUTO_INCREMENT=427 DEFAULT CHARSET=latin1 COMMENT='School Year Master Table';
/*!40101 SET character_set_client = @saved_cs_client */;

--
-- Dumping data for table `schoolyear_mt`
--

LOCK TABLES `schoolyear_mt` WRITE;
/*!40000 ALTER TABLE `schoolyear_mt` DISABLE KEYS */;
INSERT INTO `schoolyear_mt` VALUES (407,2017,2018,'\0','2017-06-01','2018-03-01','',0),(408,2018,2019,'\0','2018-06-01','2019-03-01','\0',0),(409,2016,2017,'\0','2016-06-01','2017-05-30','\0',0),(425,2019,2020,'\0','2019-01-01','2020-01-01','\0',1325),(426,2020,2021,'\0','2020-01-01','2021-01-01','\0',1000);
/*!40000 ALTER TABLE `schoolyear_mt` ENABLE KEYS */;
UNLOCK TABLES;
/*!50003 SET @saved_cs_client      = @@character_set_client */ ;
/*!50003 SET @saved_cs_results     = @@character_set_results */ ;
/*!50003 SET @saved_col_connection = @@collation_connection */ ;
/*!50003 SET character_set_client  = utf8 */ ;
/*!50003 SET character_set_results = utf8 */ ;
/*!50003 SET collation_connection  = utf8_general_ci */ ;
/*!50003 SET @saved_sql_mode       = @@sql_mode */ ;
/*!50003 SET sql_mode              = 'NO_ENGINE_SUBSTITUTION' */ ;
DELIMITER ;;
/*!50003 CREATE*/ /*!50017 DEFINER=`root`@`localhost`*/ /*!50003 TRIGGER `yearEndCheck_before_insert` BEFORE INSERT ON `schoolyear_mt` FOR EACH ROW BEGIN
IF(NEW.yearTo != NEW.yearFrom + 1) THEN
SIGNAL SQLSTATE '45000' SET MESSAGE_TEXT = 'Invalid Year End';

END IF;
END */;;
DELIMITER ;
/*!50003 SET sql_mode              = @saved_sql_mode */ ;
/*!50003 SET character_set_client  = @saved_cs_client */ ;
/*!50003 SET character_set_results = @saved_cs_results */ ;
/*!50003 SET collation_connection  = @saved_col_connection */ ;

--
-- Table structure for table `schoolyear_quarter_lt`
--

DROP TABLE IF EXISTS `schoolyear_quarter_lt`;
/*!40101 SET @saved_cs_client     = @@character_set_client */;
/*!40101 SET character_set_client = utf8 */;
CREATE TABLE `schoolyear_quarter_lt` (
  `schoolyear_id` int(11) NOT NULL,
  `quarter_id` int(11) NOT NULL,
  `start_date` date NOT NULL,
  `end_date` date NOT NULL,
  `isCurrentQuarter` bit(1) NOT NULL DEFAULT b'0',
  UNIQUE KEY `uc_schoolyear_idCOL_semester_idCOL` (`schoolyear_id`,`quarter_id`),
  KEY `fk_schoolyear_quarter_ltTABLE_schoolyear_idCOL_idx` (`schoolyear_id`),
  KEY `fk_schoolyear_semester_ltTABLE_quarter_idCOL_idx` (`quarter_id`),
  CONSTRAINT `fk_schoolyear_quarter_ltTABLE_quarter_idCOL` FOREIGN KEY (`quarter_id`) REFERENCES `quarter_mt` (`quarter_id`) ON DELETE NO ACTION ON UPDATE NO ACTION,
  CONSTRAINT `fk_schoolyear_quarter_ltTABLE_schoolyear_idCOL` FOREIGN KEY (`schoolyear_id`) REFERENCES `schoolyear_mt` (`schoolyear_id`) ON DELETE NO ACTION ON UPDATE NO ACTION
) ENGINE=InnoDB DEFAULT CHARSET=latin1;
/*!40101 SET character_set_client = @saved_cs_client */;

--
-- Dumping data for table `schoolyear_quarter_lt`
--

LOCK TABLES `schoolyear_quarter_lt` WRITE;
/*!40000 ALTER TABLE `schoolyear_quarter_lt` DISABLE KEYS */;
INSERT INTO `schoolyear_quarter_lt` VALUES (425,45,'2019-01-01','2019-03-01','\0'),(425,46,'2019-04-01','2019-06-01','\0'),(425,47,'2019-07-01','2019-09-01','\0'),(425,48,'2019-10-01','2020-12-01','\0'),(426,49,'2020-01-01','2020-03-01','\0'),(426,50,'2020-04-01','2020-06-01','\0'),(426,51,'2020-07-01','2020-09-01','\0'),(426,52,'2020-10-01','2021-01-01','\0');
/*!40000 ALTER TABLE `schoolyear_quarter_lt` ENABLE KEYS */;
UNLOCK TABLES;

--
-- Table structure for table `schoolyear_section_lt`
--

DROP TABLE IF EXISTS `schoolyear_section_lt`;
/*!40101 SET @saved_cs_client     = @@character_set_client */;
/*!40101 SET character_set_client = utf8 */;
CREATE TABLE `schoolyear_section_lt` (
  `schoolyear_section_id` int(11) NOT NULL AUTO_INCREMENT,
  `section_id` int(11) NOT NULL,
  `session_id` int(11) NOT NULL,
  `schoolyear_id` int(11) NOT NULL,
  `gradelevel_id` int(11) NOT NULL,
  `capacity` int(11) NOT NULL,
  PRIMARY KEY (`schoolyear_section_id`),
  UNIQUE KEY `uc_schoolyear_sectionTABLE_section_id_schoolyear_id_session_id` (`section_id`,`session_id`,`schoolyear_id`),
  KEY `fk_schoolyear_sectionTABLE_section_idCOL_idx` (`section_id`),
  KEY `fk_schoolyear_sectionTABLE_session_idCOL_idx` (`session_id`),
  KEY `fk_schoolyear_sectionTABLE_schoolyear_idCOL_idx` (`schoolyear_id`),
  KEY `fk_schoolyear_sectionTABLE_gradelevel_idCOL_idx` (`gradelevel_id`),
  CONSTRAINT `fk_schoolyear_sectionTABLE_gradelevel_idCOL` FOREIGN KEY (`gradelevel_id`) REFERENCES `gradelevel_mt` (`gradelevel_id`) ON DELETE NO ACTION ON UPDATE NO ACTION,
  CONSTRAINT `fk_schoolyear_sectionTABLE_schoolyear_idCOL` FOREIGN KEY (`schoolyear_id`) REFERENCES `schoolyear_mt` (`schoolyear_id`) ON DELETE NO ACTION ON UPDATE NO ACTION,
  CONSTRAINT `fk_schoolyear_sectionTABLE_section_idCOL` FOREIGN KEY (`section_id`) REFERENCES `section_mt` (`section_id`) ON DELETE NO ACTION ON UPDATE NO ACTION,
  CONSTRAINT `fk_schoolyear_sectionTABLE_session_idCOL` FOREIGN KEY (`session_id`) REFERENCES `session_mt` (`session_id`) ON DELETE NO ACTION ON UPDATE NO ACTION
) ENGINE=InnoDB DEFAULT CHARSET=latin1;
/*!40101 SET character_set_client = @saved_cs_client */;

--
-- Dumping data for table `schoolyear_section_lt`
--

LOCK TABLES `schoolyear_section_lt` WRITE;
/*!40000 ALTER TABLE `schoolyear_section_lt` DISABLE KEYS */;
/*!40000 ALTER TABLE `schoolyear_section_lt` ENABLE KEYS */;
UNLOCK TABLES;

--
-- Table structure for table `schoolyear_student_lt`
--

DROP TABLE IF EXISTS `schoolyear_student_lt`;
/*!40101 SET @saved_cs_client     = @@character_set_client */;
/*!40101 SET character_set_client = utf8 */;
CREATE TABLE `schoolyear_student_lt` (
  `schoolyear_id` int(11) NOT NULL,
  `student_id` int(11) NOT NULL,
  `gradelevel_id` int(11) NOT NULL,
  `section_id` int(11) DEFAULT NULL,
  `passed` bit(1) DEFAULT NULL,
  `isActive` bit(1) DEFAULT b'1',
  UNIQUE KEY `uk_schoolyear_IdCOL_student_idCOL_gradelevel_idCOL` (`schoolyear_id`,`student_id`,`gradelevel_id`),
  KEY `fk_schoolyear_student_ltTABLE_schoolyear_idCOL_idx` (`schoolyear_id`),
  KEY `fk_schoolyear_student_ltTABLE_student_idCOL_idx` (`student_id`),
  KEY `fk_schoolyear_student_ltTABLE_gradelevel_idCOL_idx` (`gradelevel_id`),
  CONSTRAINT `fk_schoolyear_student_ltTABLE_gradelevel_idCOL` FOREIGN KEY (`gradelevel_id`) REFERENCES `gradelevel_mt` (`gradelevel_id`) ON DELETE NO ACTION ON UPDATE NO ACTION,
  CONSTRAINT `fk_schoolyear_student_ltTABLE_schoolyear_idCOL` FOREIGN KEY (`schoolyear_id`) REFERENCES `schoolyear_mt` (`schoolyear_id`) ON DELETE NO ACTION ON UPDATE NO ACTION,
  CONSTRAINT `fk_schoolyear_student_ltTABLE_student_idCOL` FOREIGN KEY (`student_id`) REFERENCES `student_mt` (`student_id`) ON DELETE NO ACTION ON UPDATE NO ACTION
) ENGINE=InnoDB DEFAULT CHARSET=latin1;
/*!40101 SET character_set_client = @saved_cs_client */;

--
-- Dumping data for table `schoolyear_student_lt`
--

LOCK TABLES `schoolyear_student_lt` WRITE;
/*!40000 ALTER TABLE `schoolyear_student_lt` DISABLE KEYS */;
INSERT INTO `schoolyear_student_lt` VALUES (407,13987,308,NULL,NULL,''),(407,13988,308,NULL,NULL,''),(407,13989,308,NULL,NULL,''),(407,13990,308,NULL,NULL,''),(407,13991,308,NULL,NULL,''),(407,13992,308,NULL,NULL,''),(407,13993,308,NULL,NULL,''),(407,13994,308,NULL,NULL,''),(407,13995,308,NULL,NULL,''),(407,13996,308,NULL,NULL,''),(407,13997,308,NULL,NULL,''),(407,13998,308,NULL,NULL,''),(407,13999,308,NULL,NULL,''),(407,14000,308,NULL,NULL,''),(407,14001,308,NULL,NULL,''),(407,14002,308,NULL,NULL,''),(407,14003,308,NULL,NULL,''),(407,14004,308,NULL,NULL,''),(407,14005,308,NULL,NULL,''),(407,14006,308,NULL,NULL,''),(407,14007,308,NULL,NULL,''),(407,14008,308,NULL,NULL,''),(407,14009,308,NULL,NULL,''),(407,14010,308,NULL,NULL,''),(407,14011,308,NULL,NULL,''),(407,14012,308,NULL,NULL,''),(407,14013,308,NULL,NULL,''),(407,14014,308,NULL,NULL,''),(407,14015,308,NULL,NULL,''),(407,14016,308,NULL,NULL,''),(407,14017,301,NULL,NULL,''),(407,14018,301,NULL,NULL,''),(407,14019,301,NULL,NULL,''),(407,14020,301,NULL,NULL,''),(407,14021,301,34,NULL,''),(407,14022,301,NULL,NULL,''),(407,14023,301,NULL,NULL,''),(407,14024,301,NULL,NULL,''),(407,14025,301,NULL,NULL,''),(407,14026,301,NULL,NULL,''),(407,14027,301,NULL,NULL,''),(407,14028,301,NULL,NULL,''),(407,14029,301,NULL,NULL,''),(407,14030,301,NULL,NULL,''),(407,14031,301,NULL,NULL,''),(407,14032,301,NULL,NULL,''),(407,14033,301,NULL,NULL,''),(407,14034,301,34,NULL,''),(407,14035,301,NULL,NULL,''),(407,14036,301,NULL,NULL,''),(407,14037,301,NULL,NULL,''),(407,14038,301,NULL,NULL,''),(407,14039,301,NULL,NULL,''),(407,14040,301,NULL,NULL,''),(407,14041,301,NULL,NULL,''),(407,14042,301,NULL,NULL,''),(407,14043,301,NULL,NULL,''),(407,14044,301,NULL,NULL,''),(407,14045,301,NULL,NULL,''),(407,14046,301,NULL,NULL,''),(407,14047,302,NULL,NULL,''),(407,14048,302,NULL,NULL,''),(407,14049,302,NULL,NULL,''),(407,14050,302,NULL,NULL,''),(407,14051,302,NULL,NULL,''),(407,14052,302,NULL,NULL,''),(407,14053,302,NULL,NULL,''),(407,14054,302,NULL,NULL,''),(407,14055,302,NULL,NULL,''),(407,14056,302,NULL,NULL,''),(407,14057,302,NULL,NULL,''),(407,14058,302,NULL,NULL,''),(407,14059,302,NULL,NULL,''),(407,14060,302,NULL,NULL,''),(407,14061,302,NULL,NULL,''),(407,14062,302,NULL,NULL,''),(407,14063,302,NULL,NULL,''),(407,14064,302,NULL,NULL,''),(407,14065,302,NULL,NULL,''),(407,14066,302,NULL,NULL,''),(407,14067,302,NULL,NULL,''),(407,14068,302,NULL,NULL,''),(407,14069,302,NULL,NULL,''),(407,14070,302,NULL,NULL,''),(407,14071,302,NULL,NULL,''),(407,14072,302,NULL,NULL,''),(407,14073,302,NULL,NULL,''),(407,14074,302,NULL,NULL,''),(407,14075,302,NULL,NULL,''),(407,14076,302,NULL,NULL,''),(407,14077,303,NULL,NULL,''),(407,14078,303,NULL,NULL,''),(407,14079,303,NULL,NULL,''),(407,14080,303,NULL,NULL,''),(407,14081,303,NULL,NULL,''),(407,14082,303,NULL,NULL,''),(407,14083,303,NULL,NULL,''),(407,14084,303,NULL,NULL,''),(407,14085,303,NULL,NULL,''),(407,14086,303,NULL,NULL,''),(407,14087,303,NULL,NULL,''),(407,14088,303,NULL,NULL,''),(407,14089,303,NULL,NULL,''),(407,14090,303,NULL,NULL,''),(407,14091,303,NULL,NULL,''),(407,14092,303,NULL,NULL,''),(407,14093,303,NULL,NULL,''),(407,14094,303,NULL,NULL,''),(407,14095,303,NULL,NULL,''),(407,14096,303,NULL,NULL,''),(407,14097,303,NULL,NULL,''),(407,14098,303,NULL,NULL,''),(407,14099,303,NULL,NULL,''),(407,14100,303,NULL,NULL,''),(407,14101,303,NULL,NULL,''),(407,14102,303,NULL,NULL,''),(407,14103,303,NULL,NULL,''),(407,14104,303,NULL,NULL,''),(407,14105,303,NULL,NULL,''),(407,14106,303,NULL,NULL,''),(407,14107,304,NULL,NULL,''),(407,14108,304,NULL,NULL,''),(407,14109,304,NULL,NULL,''),(407,14110,304,NULL,NULL,''),(407,14111,304,NULL,NULL,''),(407,14112,304,NULL,NULL,''),(407,14113,304,NULL,NULL,''),(407,14114,304,NULL,NULL,''),(407,14115,304,NULL,NULL,''),(407,14116,304,NULL,NULL,''),(407,14117,304,NULL,NULL,''),(407,14118,304,NULL,NULL,''),(407,14119,304,NULL,NULL,''),(407,14120,304,NULL,NULL,''),(407,14121,304,NULL,NULL,''),(407,14122,304,NULL,NULL,''),(407,14123,304,NULL,NULL,''),(407,14124,304,NULL,NULL,''),(407,14125,304,NULL,NULL,''),(407,14126,304,NULL,NULL,''),(407,14127,304,NULL,NULL,''),(407,14128,304,NULL,NULL,''),(407,14129,304,NULL,NULL,''),(407,14130,304,NULL,NULL,''),(407,14131,304,NULL,NULL,''),(407,14132,304,NULL,NULL,''),(407,14133,304,NULL,NULL,''),(407,14134,304,NULL,NULL,''),(407,14135,304,NULL,NULL,''),(407,14136,304,NULL,NULL,''),(407,14137,305,NULL,NULL,''),(407,14138,305,NULL,NULL,''),(407,14139,305,NULL,NULL,''),(407,14140,305,NULL,NULL,''),(407,14141,305,NULL,NULL,''),(407,14142,305,NULL,NULL,''),(407,14143,305,NULL,NULL,''),(407,14144,305,NULL,NULL,''),(407,14145,305,NULL,NULL,''),(407,14146,305,NULL,NULL,''),(407,14147,305,NULL,NULL,''),(407,14148,305,NULL,NULL,''),(407,14149,305,NULL,NULL,''),(407,14150,305,NULL,NULL,''),(407,14151,305,NULL,NULL,''),(407,14152,305,NULL,NULL,''),(407,14153,305,NULL,NULL,''),(407,14154,305,NULL,NULL,''),(407,14155,305,NULL,NULL,''),(407,14156,305,NULL,NULL,''),(407,14157,305,NULL,NULL,''),(407,14158,305,NULL,NULL,''),(407,14159,305,NULL,NULL,''),(407,14160,305,NULL,NULL,''),(407,14161,305,NULL,NULL,''),(407,14162,305,NULL,NULL,''),(407,14163,305,NULL,NULL,''),(407,14164,305,NULL,NULL,''),(407,14165,305,NULL,NULL,''),(407,14166,305,NULL,NULL,''),(407,14167,306,NULL,NULL,''),(407,14168,306,NULL,NULL,''),(407,14169,306,NULL,NULL,''),(407,14170,306,NULL,NULL,''),(407,14171,306,NULL,NULL,''),(407,14172,306,NULL,NULL,''),(407,14173,306,NULL,NULL,''),(407,14174,306,NULL,NULL,''),(407,14175,306,NULL,NULL,''),(407,14176,306,NULL,NULL,''),(407,14177,306,NULL,NULL,''),(407,14178,306,NULL,NULL,''),(407,14179,306,NULL,NULL,''),(407,14180,306,NULL,NULL,''),(407,14181,306,NULL,NULL,''),(407,14182,306,NULL,NULL,''),(407,14183,306,NULL,NULL,''),(407,14184,306,NULL,NULL,''),(407,14185,306,NULL,NULL,''),(407,14186,306,NULL,NULL,''),(407,14187,306,NULL,NULL,''),(407,14188,306,NULL,NULL,''),(407,14189,306,NULL,NULL,''),(407,14190,306,NULL,NULL,''),(407,14191,306,NULL,NULL,''),(407,14192,306,NULL,NULL,''),(407,14193,306,NULL,NULL,''),(407,14194,306,NULL,NULL,''),(407,14195,306,NULL,NULL,''),(407,14196,306,NULL,NULL,''),(407,14197,307,NULL,NULL,''),(407,14198,307,NULL,NULL,''),(407,14199,307,NULL,NULL,''),(407,14200,307,NULL,NULL,''),(407,14201,307,NULL,NULL,''),(407,14202,307,NULL,NULL,''),(407,14203,307,NULL,NULL,''),(407,14204,307,NULL,NULL,''),(407,14205,307,NULL,NULL,''),(407,14206,307,NULL,NULL,''),(407,14207,307,NULL,NULL,''),(407,14208,307,NULL,NULL,''),(407,14209,307,NULL,NULL,''),(407,14210,307,NULL,NULL,''),(407,14211,307,NULL,NULL,''),(407,14212,307,NULL,NULL,''),(407,14213,307,NULL,NULL,''),(407,14214,307,NULL,NULL,''),(407,14215,307,NULL,NULL,''),(407,14216,307,NULL,NULL,''),(407,14217,307,NULL,NULL,''),(407,14218,307,NULL,NULL,''),(407,14219,307,NULL,NULL,''),(407,14220,307,NULL,NULL,''),(407,14221,307,NULL,NULL,''),(407,14222,307,NULL,NULL,''),(407,14223,307,NULL,NULL,''),(407,14224,307,NULL,NULL,''),(407,14225,307,NULL,NULL,''),(407,14226,307,NULL,NULL,''),(407,14227,309,NULL,NULL,''),(407,14228,309,NULL,NULL,''),(407,14229,309,NULL,NULL,''),(407,14230,309,NULL,NULL,''),(407,14231,309,NULL,NULL,''),(407,14232,309,NULL,NULL,''),(407,14233,309,NULL,NULL,''),(407,14234,309,NULL,NULL,''),(407,14235,309,NULL,NULL,''),(407,14236,309,NULL,NULL,''),(407,14237,309,NULL,NULL,''),(407,14238,309,NULL,NULL,''),(407,14239,309,NULL,NULL,''),(407,14240,309,NULL,NULL,''),(407,14241,309,NULL,NULL,''),(407,14242,309,NULL,NULL,''),(407,14243,309,NULL,NULL,''),(407,14244,309,NULL,NULL,''),(407,14245,309,NULL,NULL,''),(407,14246,309,NULL,NULL,''),(407,14247,309,NULL,NULL,''),(407,14248,309,NULL,NULL,''),(407,14249,309,NULL,NULL,''),(407,14250,309,NULL,NULL,''),(407,14251,309,NULL,NULL,''),(407,14252,309,NULL,NULL,''),(407,14253,309,NULL,NULL,''),(407,14254,309,NULL,NULL,''),(407,14255,309,NULL,NULL,''),(407,14256,309,NULL,NULL,''),(407,14257,310,NULL,NULL,''),(407,14258,310,NULL,NULL,''),(407,14259,310,NULL,NULL,''),(407,14260,310,NULL,NULL,''),(407,14261,310,NULL,NULL,''),(407,14262,310,NULL,NULL,''),(407,14263,310,NULL,NULL,''),(407,14264,310,NULL,NULL,''),(407,14265,310,NULL,NULL,''),(407,14266,310,NULL,NULL,''),(407,14267,310,NULL,NULL,''),(407,14268,310,NULL,NULL,''),(407,14269,310,NULL,NULL,''),(407,14270,310,NULL,NULL,''),(407,14271,310,NULL,NULL,''),(407,14272,310,NULL,NULL,''),(407,14273,310,NULL,NULL,''),(407,14274,310,NULL,NULL,''),(407,14275,310,NULL,NULL,''),(407,14276,310,NULL,NULL,''),(407,14277,310,NULL,NULL,''),(407,14278,310,NULL,NULL,''),(407,14279,310,NULL,NULL,''),(407,14280,310,NULL,NULL,''),(407,14281,310,NULL,NULL,''),(407,14282,310,NULL,NULL,''),(407,14283,310,NULL,NULL,''),(407,14284,310,NULL,NULL,''),(407,14285,310,NULL,NULL,''),(407,14286,310,NULL,NULL,''),(407,14287,311,NULL,NULL,''),(407,14288,311,NULL,NULL,''),(407,14289,311,NULL,NULL,''),(407,14290,311,NULL,NULL,''),(407,14291,311,NULL,NULL,''),(407,14292,311,NULL,NULL,''),(407,14293,311,NULL,NULL,''),(407,14294,311,NULL,NULL,''),(407,14295,311,NULL,NULL,''),(407,14296,311,NULL,NULL,''),(407,14297,311,NULL,NULL,''),(407,14298,311,NULL,NULL,''),(407,14299,311,NULL,NULL,''),(407,14300,311,NULL,NULL,''),(407,14301,311,NULL,NULL,''),(407,14302,311,NULL,NULL,''),(407,14303,311,NULL,NULL,''),(407,14304,311,NULL,NULL,''),(407,14305,311,NULL,NULL,''),(407,14306,311,NULL,NULL,''),(407,14307,311,NULL,NULL,''),(407,14308,311,NULL,NULL,''),(407,14309,311,NULL,NULL,''),(407,14310,311,NULL,NULL,''),(407,14311,311,NULL,NULL,''),(407,14312,311,NULL,NULL,''),(407,14313,311,NULL,NULL,''),(407,14314,311,NULL,NULL,''),(407,14315,311,NULL,NULL,''),(407,14316,311,NULL,NULL,''),(407,14429,303,NULL,NULL,''),(408,14677,301,NULL,NULL,''),(408,14678,301,NULL,NULL,''),(408,14679,301,NULL,NULL,''),(408,14680,301,NULL,NULL,''),(408,14681,301,NULL,NULL,''),(408,14682,301,NULL,NULL,''),(408,14683,301,NULL,NULL,''),(408,14684,301,NULL,NULL,''),(408,14685,301,NULL,NULL,''),(408,14686,301,NULL,NULL,''),(408,14687,301,NULL,NULL,''),(408,14688,301,NULL,NULL,''),(408,14689,301,NULL,NULL,''),(408,14690,301,NULL,NULL,''),(408,14691,301,NULL,NULL,''),(408,14692,301,NULL,NULL,''),(408,14693,301,NULL,NULL,''),(408,14694,301,NULL,NULL,''),(408,14695,301,NULL,NULL,''),(408,14696,301,NULL,NULL,''),(408,14697,301,NULL,NULL,''),(408,14698,301,NULL,NULL,''),(408,14699,301,NULL,NULL,''),(408,14700,301,NULL,NULL,''),(408,14701,301,NULL,NULL,''),(408,14702,301,NULL,NULL,''),(408,14703,301,NULL,NULL,''),(408,14704,301,NULL,NULL,''),(408,14705,301,NULL,NULL,''),(408,14706,301,NULL,NULL,''),(408,14707,302,NULL,NULL,''),(408,14708,302,NULL,NULL,''),(408,14709,302,NULL,NULL,''),(408,14710,302,NULL,NULL,''),(408,14711,302,NULL,NULL,''),(408,14712,302,NULL,NULL,''),(408,14713,302,NULL,NULL,''),(408,14714,302,NULL,NULL,''),(408,14715,302,NULL,NULL,''),(408,14716,302,NULL,NULL,''),(408,14717,302,NULL,NULL,''),(408,14718,302,NULL,NULL,''),(408,14719,302,NULL,NULL,''),(408,14720,302,NULL,NULL,''),(408,14721,302,NULL,NULL,''),(408,14722,302,NULL,NULL,''),(408,14723,302,NULL,NULL,''),(408,14724,302,NULL,NULL,''),(408,14725,302,NULL,NULL,''),(408,14726,302,NULL,NULL,''),(408,14727,302,NULL,NULL,''),(408,14728,302,NULL,NULL,''),(408,14729,302,NULL,NULL,''),(408,14730,302,NULL,NULL,''),(408,14731,302,NULL,NULL,''),(408,14732,302,NULL,NULL,''),(408,14733,302,NULL,NULL,''),(408,14734,302,NULL,NULL,''),(408,14735,302,NULL,NULL,''),(408,14736,302,NULL,NULL,''),(408,14737,303,NULL,NULL,''),(408,14738,303,NULL,NULL,''),(408,14739,303,NULL,NULL,''),(408,14740,303,NULL,NULL,''),(408,14741,303,NULL,NULL,''),(408,14742,303,NULL,NULL,''),(408,14743,303,NULL,NULL,''),(408,14744,303,NULL,NULL,''),(408,14745,303,NULL,NULL,''),(408,14746,303,NULL,NULL,''),(408,14747,303,NULL,NULL,''),(408,14748,303,NULL,NULL,''),(408,14749,303,NULL,NULL,''),(408,14750,303,NULL,NULL,''),(408,14751,303,NULL,NULL,''),(408,14752,303,NULL,NULL,''),(408,14753,303,NULL,NULL,''),(408,14754,303,NULL,NULL,''),(408,14755,303,NULL,NULL,''),(408,14756,303,NULL,NULL,''),(408,14757,303,NULL,NULL,''),(408,14758,303,NULL,NULL,''),(408,14759,303,NULL,NULL,''),(408,14760,303,NULL,NULL,''),(408,14761,303,NULL,NULL,''),(408,14762,303,NULL,NULL,''),(408,14763,303,NULL,NULL,''),(408,14764,303,NULL,NULL,''),(408,14765,303,NULL,NULL,''),(408,14766,303,NULL,NULL,''),(408,14767,304,NULL,NULL,''),(408,14768,304,NULL,NULL,''),(408,14769,304,NULL,NULL,''),(408,14770,304,NULL,NULL,''),(408,14771,304,NULL,NULL,''),(408,14772,304,NULL,NULL,''),(408,14773,304,NULL,NULL,''),(408,14774,304,NULL,NULL,''),(408,14775,304,NULL,NULL,''),(408,14776,304,NULL,NULL,''),(408,14777,304,NULL,NULL,''),(408,14778,304,NULL,NULL,''),(408,14779,304,NULL,NULL,''),(408,14780,304,NULL,NULL,''),(408,14781,304,NULL,NULL,''),(408,14782,304,NULL,NULL,''),(408,14783,304,NULL,NULL,''),(408,14784,304,NULL,NULL,''),(408,14785,304,NULL,NULL,''),(408,14786,304,NULL,NULL,''),(408,14787,304,NULL,NULL,''),(408,14788,304,NULL,NULL,''),(408,14789,304,NULL,NULL,''),(408,14790,304,NULL,NULL,''),(408,14791,304,NULL,NULL,''),(408,14792,304,NULL,NULL,''),(408,14793,304,NULL,NULL,''),(408,14794,304,NULL,NULL,''),(408,14795,304,NULL,NULL,''),(408,14796,304,NULL,NULL,''),(408,14797,305,NULL,NULL,''),(408,14798,305,NULL,NULL,''),(408,14799,305,NULL,NULL,''),(408,14800,305,NULL,NULL,''),(408,14801,305,NULL,NULL,''),(408,14802,305,NULL,NULL,''),(408,14803,305,NULL,NULL,''),(408,14804,305,NULL,NULL,''),(408,14805,305,NULL,NULL,''),(408,14806,305,NULL,NULL,''),(408,14807,305,NULL,NULL,''),(408,14808,305,NULL,NULL,''),(408,14809,305,NULL,NULL,''),(408,14810,305,NULL,NULL,''),(408,14811,305,NULL,NULL,''),(408,14812,305,NULL,NULL,''),(408,14813,305,NULL,NULL,''),(408,14814,305,NULL,NULL,''),(408,14815,305,NULL,NULL,''),(408,14816,305,NULL,NULL,''),(408,14817,305,NULL,NULL,''),(408,14818,305,NULL,NULL,''),(408,14819,305,NULL,NULL,''),(408,14820,305,NULL,NULL,''),(408,14821,305,NULL,NULL,''),(408,14822,305,NULL,NULL,''),(408,14823,305,NULL,NULL,''),(408,14824,305,NULL,NULL,''),(408,14825,305,NULL,NULL,''),(408,14826,305,NULL,NULL,''),(408,14827,306,NULL,NULL,''),(408,14828,306,NULL,NULL,''),(408,14829,306,NULL,NULL,''),(408,14830,306,NULL,NULL,''),(408,14831,306,NULL,NULL,''),(408,14832,306,NULL,NULL,''),(408,14833,306,NULL,NULL,''),(408,14834,306,NULL,NULL,''),(408,14835,306,NULL,NULL,''),(408,14836,306,NULL,NULL,''),(408,14837,306,NULL,NULL,''),(408,14838,306,NULL,NULL,''),(408,14839,306,NULL,NULL,''),(408,14840,306,NULL,NULL,''),(408,14841,306,NULL,NULL,''),(408,14842,306,NULL,NULL,''),(408,14843,306,NULL,NULL,''),(408,14844,306,NULL,NULL,''),(408,14845,306,NULL,NULL,''),(408,14846,306,NULL,NULL,''),(408,14847,306,NULL,NULL,''),(408,14848,306,NULL,NULL,''),(408,14849,306,NULL,NULL,''),(408,14850,306,NULL,NULL,''),(408,14851,306,NULL,NULL,''),(408,14852,306,NULL,NULL,''),(408,14853,306,NULL,NULL,''),(408,14854,306,NULL,NULL,''),(408,14855,306,NULL,NULL,''),(408,14856,306,NULL,NULL,''),(408,14857,307,NULL,NULL,''),(408,14858,307,NULL,NULL,''),(408,14859,307,NULL,NULL,''),(408,14860,307,NULL,NULL,''),(408,14861,307,NULL,NULL,''),(408,14862,307,NULL,NULL,''),(408,14863,307,NULL,NULL,''),(408,14864,307,NULL,NULL,''),(408,14865,307,NULL,NULL,''),(408,14866,307,NULL,NULL,''),(408,14867,307,NULL,NULL,''),(408,14868,307,NULL,NULL,''),(408,14869,307,NULL,NULL,''),(408,14870,307,NULL,NULL,''),(408,14871,307,NULL,NULL,''),(408,14872,307,NULL,NULL,''),(408,14873,307,NULL,NULL,''),(408,14874,307,NULL,NULL,''),(408,14875,307,NULL,NULL,''),(408,14876,307,NULL,NULL,''),(408,14877,307,NULL,NULL,''),(408,14878,307,NULL,NULL,''),(408,14879,307,NULL,NULL,''),(408,14880,307,NULL,NULL,''),(408,14881,307,NULL,NULL,''),(408,14882,307,NULL,NULL,''),(408,14883,307,NULL,NULL,''),(408,14884,307,NULL,NULL,''),(408,14885,307,NULL,NULL,''),(408,14886,307,NULL,NULL,''),(408,14887,308,NULL,NULL,''),(408,14888,308,NULL,NULL,''),(408,14889,308,NULL,NULL,''),(408,14890,308,NULL,NULL,''),(408,14891,308,NULL,NULL,''),(408,14892,308,NULL,NULL,''),(408,14893,308,NULL,NULL,''),(408,14894,308,NULL,NULL,''),(408,14895,308,NULL,NULL,''),(408,14896,308,NULL,NULL,''),(408,14897,308,NULL,NULL,''),(408,14898,308,NULL,NULL,''),(408,14899,308,NULL,NULL,''),(408,14900,308,NULL,NULL,''),(408,14901,308,NULL,NULL,''),(408,14902,308,NULL,NULL,''),(408,14903,308,NULL,NULL,''),(408,14904,308,NULL,NULL,''),(408,14905,308,NULL,NULL,''),(408,14906,308,NULL,NULL,''),(408,14907,308,NULL,NULL,''),(408,14908,308,NULL,NULL,''),(408,14909,308,NULL,NULL,''),(408,14910,308,NULL,NULL,''),(408,14911,308,NULL,NULL,''),(408,14912,308,NULL,NULL,''),(408,14913,308,NULL,NULL,''),(408,14914,308,NULL,NULL,''),(408,14915,308,NULL,NULL,''),(408,14916,308,NULL,NULL,''),(408,14917,309,NULL,NULL,''),(408,14918,309,NULL,NULL,''),(408,14919,309,NULL,NULL,''),(408,14920,309,NULL,NULL,''),(408,14921,309,NULL,NULL,''),(408,14922,309,NULL,NULL,''),(408,14923,309,NULL,NULL,''),(408,14924,309,NULL,NULL,''),(408,14925,309,NULL,NULL,''),(408,14926,309,NULL,NULL,''),(408,14927,309,NULL,NULL,''),(408,14928,309,NULL,NULL,''),(408,14929,309,NULL,NULL,''),(408,14930,309,NULL,NULL,''),(408,14931,309,NULL,NULL,''),(408,14932,309,NULL,NULL,''),(408,14933,309,NULL,NULL,''),(408,14934,309,NULL,NULL,''),(408,14935,309,NULL,NULL,''),(408,14936,309,NULL,NULL,''),(408,14937,309,NULL,NULL,''),(408,14938,309,NULL,NULL,''),(408,14939,309,NULL,NULL,''),(408,14940,309,NULL,NULL,''),(408,14941,309,NULL,NULL,''),(408,14942,309,NULL,NULL,''),(408,14943,309,NULL,NULL,''),(408,14944,309,NULL,NULL,''),(408,14945,309,NULL,NULL,''),(408,14946,309,NULL,NULL,''),(408,14947,310,NULL,NULL,''),(408,14948,310,NULL,NULL,''),(408,14949,310,NULL,NULL,''),(408,14950,310,NULL,NULL,''),(408,14951,310,NULL,NULL,''),(408,14952,310,NULL,NULL,''),(408,14953,310,NULL,NULL,''),(408,14954,310,NULL,NULL,''),(408,14955,310,NULL,NULL,''),(408,14956,310,NULL,NULL,''),(408,14957,310,NULL,NULL,''),(408,14958,310,NULL,NULL,''),(408,14959,310,NULL,NULL,''),(408,14960,310,NULL,NULL,''),(408,14961,310,NULL,NULL,''),(408,14962,310,NULL,NULL,''),(408,14963,310,NULL,NULL,''),(408,14964,310,NULL,NULL,''),(408,14965,310,NULL,NULL,''),(408,14966,310,NULL,NULL,''),(408,14967,310,NULL,NULL,''),(408,14968,310,NULL,NULL,''),(408,14969,310,NULL,NULL,''),(408,14970,310,NULL,NULL,''),(408,14971,310,NULL,NULL,''),(408,14972,310,NULL,NULL,''),(408,14973,310,NULL,NULL,''),(408,14974,310,NULL,NULL,''),(408,14975,310,NULL,NULL,''),(408,14976,310,NULL,NULL,''),(408,14977,311,NULL,NULL,''),(408,14978,311,NULL,NULL,''),(408,14979,311,NULL,NULL,''),(408,14980,311,NULL,NULL,''),(408,14981,311,NULL,NULL,''),(408,14982,311,NULL,NULL,''),(408,14983,311,NULL,NULL,''),(408,14984,311,NULL,NULL,''),(408,14985,311,NULL,NULL,''),(408,14986,311,NULL,NULL,''),(408,14987,311,NULL,NULL,''),(408,14988,311,NULL,NULL,''),(408,14989,311,NULL,NULL,''),(408,14990,311,NULL,NULL,''),(408,14991,311,NULL,NULL,''),(408,14992,311,NULL,NULL,''),(408,14993,311,NULL,NULL,''),(408,14994,311,NULL,NULL,''),(408,14995,311,NULL,NULL,''),(408,14996,311,NULL,NULL,''),(408,14997,311,NULL,NULL,''),(408,14998,311,NULL,NULL,''),(408,14999,311,NULL,NULL,''),(408,15000,311,NULL,NULL,''),(408,15001,311,NULL,NULL,''),(408,15002,311,NULL,NULL,''),(408,15003,311,NULL,NULL,''),(408,15004,311,NULL,NULL,''),(408,15005,311,NULL,NULL,''),(408,15006,311,NULL,NULL,''),(409,14317,301,NULL,NULL,''),(409,14318,301,NULL,NULL,''),(409,14319,301,NULL,NULL,''),(409,14320,301,NULL,NULL,''),(409,14321,301,NULL,NULL,''),(409,14322,301,NULL,NULL,''),(409,14323,301,NULL,NULL,''),(409,14324,301,NULL,NULL,''),(409,14325,301,NULL,NULL,''),(409,14326,301,NULL,NULL,''),(409,14327,301,NULL,NULL,''),(409,14328,301,NULL,NULL,''),(409,14329,301,NULL,NULL,''),(409,14330,301,NULL,NULL,''),(409,14331,301,NULL,NULL,''),(409,14332,301,NULL,NULL,''),(409,14333,301,NULL,NULL,''),(409,14334,301,NULL,NULL,''),(409,14335,301,NULL,NULL,''),(409,14336,301,NULL,NULL,''),(409,14337,301,NULL,NULL,''),(409,14338,301,NULL,NULL,''),(409,14339,301,NULL,NULL,''),(409,14340,301,NULL,NULL,''),(409,14341,301,NULL,NULL,''),(409,14342,301,NULL,NULL,''),(409,14343,301,NULL,NULL,''),(409,14344,301,NULL,NULL,''),(409,14345,301,NULL,NULL,''),(409,14346,301,NULL,NULL,''),(409,14347,302,NULL,NULL,''),(409,14348,302,NULL,NULL,''),(409,14349,302,NULL,NULL,''),(409,14350,302,NULL,NULL,''),(409,14351,302,NULL,NULL,''),(409,14352,302,NULL,NULL,''),(409,14353,302,NULL,NULL,''),(409,14354,302,NULL,NULL,''),(409,14355,302,NULL,NULL,''),(409,14356,302,NULL,NULL,''),(409,14357,302,NULL,NULL,''),(409,14358,302,NULL,NULL,''),(409,14359,302,NULL,NULL,''),(409,14360,302,NULL,NULL,''),(409,14361,302,NULL,NULL,''),(409,14362,302,NULL,NULL,''),(409,14363,302,NULL,NULL,''),(409,14364,302,NULL,NULL,''),(409,14365,302,NULL,NULL,''),(409,14366,302,NULL,NULL,''),(409,14367,302,NULL,NULL,''),(409,14368,302,NULL,NULL,''),(409,14369,302,NULL,NULL,''),(409,14370,302,NULL,NULL,''),(409,14371,302,NULL,NULL,''),(409,14372,302,NULL,NULL,''),(409,14373,302,NULL,NULL,''),(409,14374,302,NULL,NULL,''),(409,14375,302,NULL,NULL,''),(409,14376,302,NULL,NULL,''),(409,14377,303,NULL,NULL,''),(409,14378,303,NULL,NULL,''),(409,14379,303,NULL,NULL,''),(409,14380,303,NULL,NULL,''),(409,14381,303,NULL,NULL,''),(409,14382,303,NULL,NULL,''),(409,14383,303,NULL,NULL,''),(409,14384,303,NULL,NULL,''),(409,14385,303,NULL,NULL,''),(409,14386,303,NULL,NULL,''),(409,14387,303,NULL,NULL,''),(409,14388,303,NULL,NULL,''),(409,14389,303,NULL,NULL,''),(409,14390,303,NULL,NULL,''),(409,14391,303,NULL,NULL,''),(409,14392,303,NULL,NULL,''),(409,14393,303,NULL,NULL,''),(409,14394,303,NULL,NULL,''),(409,14395,303,NULL,NULL,''),(409,14396,303,NULL,NULL,''),(409,14397,303,NULL,NULL,''),(409,14398,303,NULL,NULL,''),(409,14399,303,NULL,NULL,''),(409,14400,303,NULL,NULL,''),(409,14401,303,NULL,NULL,''),(409,14402,303,NULL,NULL,''),(409,14403,303,NULL,NULL,''),(409,14404,303,NULL,NULL,''),(409,14405,303,NULL,NULL,''),(409,14406,303,NULL,NULL,''),(409,14407,303,NULL,NULL,''),(409,14408,303,NULL,NULL,''),(409,14409,303,NULL,NULL,''),(409,14410,303,NULL,NULL,''),(409,14411,303,NULL,NULL,''),(409,14412,303,NULL,NULL,''),(409,14413,303,NULL,NULL,''),(409,14414,303,NULL,NULL,''),(409,14415,303,NULL,NULL,''),(409,14416,303,NULL,NULL,''),(409,14417,303,NULL,NULL,''),(409,14418,303,NULL,NULL,''),(409,14419,303,NULL,NULL,''),(409,14420,303,NULL,NULL,''),(409,14421,303,NULL,NULL,''),(409,14422,303,NULL,NULL,''),(409,14423,303,NULL,NULL,''),(409,14424,303,NULL,NULL,''),(409,14425,303,NULL,NULL,''),(409,14426,303,NULL,NULL,''),(409,14427,303,NULL,NULL,''),(409,14428,303,NULL,NULL,''),(409,14429,303,NULL,NULL,''),(409,14430,303,NULL,NULL,''),(409,14431,303,NULL,NULL,''),(409,14432,303,NULL,NULL,''),(409,14433,303,NULL,NULL,''),(409,14434,303,NULL,NULL,''),(409,14435,303,NULL,NULL,''),(409,14436,303,NULL,NULL,''),(409,14437,304,NULL,NULL,''),(409,14438,304,NULL,NULL,''),(409,14439,304,NULL,NULL,''),(409,14440,304,NULL,NULL,''),(409,14441,304,NULL,NULL,''),(409,14442,304,NULL,NULL,''),(409,14443,304,NULL,NULL,''),(409,14444,304,NULL,NULL,''),(409,14445,304,NULL,NULL,''),(409,14446,304,NULL,NULL,''),(409,14447,304,NULL,NULL,''),(409,14448,304,NULL,NULL,''),(409,14449,304,NULL,NULL,''),(409,14450,304,NULL,NULL,''),(409,14451,304,NULL,NULL,''),(409,14452,304,NULL,NULL,''),(409,14453,304,NULL,NULL,''),(409,14454,304,NULL,NULL,''),(409,14455,304,NULL,NULL,''),(409,14456,304,NULL,NULL,''),(409,14457,304,NULL,NULL,''),(409,14458,304,NULL,NULL,''),(409,14459,304,NULL,NULL,''),(409,14460,304,NULL,NULL,''),(409,14461,304,NULL,NULL,''),(409,14462,304,NULL,NULL,''),(409,14463,304,NULL,NULL,''),(409,14464,304,NULL,NULL,''),(409,14465,304,NULL,NULL,''),(409,14466,304,NULL,NULL,''),(409,14467,305,NULL,NULL,''),(409,14468,305,NULL,NULL,''),(409,14469,305,NULL,NULL,''),(409,14470,305,NULL,NULL,''),(409,14471,305,NULL,NULL,''),(409,14472,305,NULL,NULL,''),(409,14473,305,NULL,NULL,''),(409,14474,305,NULL,NULL,''),(409,14475,305,NULL,NULL,''),(409,14476,305,NULL,NULL,''),(409,14477,305,NULL,NULL,''),(409,14478,305,NULL,NULL,''),(409,14479,305,NULL,NULL,''),(409,14480,305,NULL,NULL,''),(409,14481,305,NULL,NULL,''),(409,14482,305,NULL,NULL,''),(409,14483,305,NULL,NULL,''),(409,14484,305,NULL,NULL,''),(409,14485,305,NULL,NULL,''),(409,14486,305,NULL,NULL,''),(409,14487,305,NULL,NULL,''),(409,14488,305,NULL,NULL,''),(409,14489,305,NULL,NULL,''),(409,14490,305,NULL,NULL,''),(409,14491,305,NULL,NULL,''),(409,14492,305,NULL,NULL,''),(409,14493,305,NULL,NULL,''),(409,14494,305,NULL,NULL,''),(409,14495,305,NULL,NULL,''),(409,14496,305,NULL,NULL,''),(409,14497,306,NULL,NULL,''),(409,14498,306,NULL,NULL,''),(409,14499,306,NULL,NULL,''),(409,14500,306,NULL,NULL,''),(409,14501,306,NULL,NULL,''),(409,14502,306,NULL,NULL,''),(409,14503,306,NULL,NULL,''),(409,14504,306,NULL,NULL,''),(409,14505,306,NULL,NULL,''),(409,14506,306,NULL,NULL,''),(409,14507,306,NULL,NULL,''),(409,14508,306,NULL,NULL,''),(409,14509,306,NULL,NULL,''),(409,14510,306,NULL,NULL,''),(409,14511,306,NULL,NULL,''),(409,14512,306,NULL,NULL,''),(409,14513,306,NULL,NULL,''),(409,14514,306,NULL,NULL,''),(409,14515,306,NULL,NULL,''),(409,14516,306,NULL,NULL,''),(409,14517,306,NULL,NULL,''),(409,14518,306,NULL,NULL,''),(409,14519,306,NULL,NULL,''),(409,14520,306,NULL,NULL,''),(409,14521,306,NULL,NULL,''),(409,14522,306,NULL,NULL,''),(409,14523,306,NULL,NULL,''),(409,14524,306,NULL,NULL,''),(409,14525,306,NULL,NULL,''),(409,14526,306,NULL,NULL,''),(409,14527,307,NULL,NULL,''),(409,14528,307,NULL,NULL,''),(409,14529,307,NULL,NULL,''),(409,14530,307,NULL,NULL,''),(409,14531,307,NULL,NULL,''),(409,14532,307,NULL,NULL,''),(409,14533,307,NULL,NULL,''),(409,14534,307,NULL,NULL,''),(409,14535,307,NULL,NULL,''),(409,14536,307,NULL,NULL,''),(409,14537,307,NULL,NULL,''),(409,14538,307,NULL,NULL,''),(409,14539,307,NULL,NULL,''),(409,14540,307,NULL,NULL,''),(409,14541,307,NULL,NULL,''),(409,14542,307,NULL,NULL,''),(409,14543,307,NULL,NULL,''),(409,14544,307,NULL,NULL,''),(409,14545,307,NULL,NULL,''),(409,14546,307,NULL,NULL,''),(409,14547,307,NULL,NULL,''),(409,14548,307,NULL,NULL,''),(409,14549,307,NULL,NULL,''),(409,14550,307,NULL,NULL,''),(409,14551,307,NULL,NULL,''),(409,14552,307,NULL,NULL,''),(409,14553,307,NULL,NULL,''),(409,14554,307,NULL,NULL,''),(409,14555,307,NULL,NULL,''),(409,14556,307,NULL,NULL,''),(409,14557,308,NULL,NULL,''),(409,14558,308,NULL,NULL,''),(409,14559,308,NULL,NULL,''),(409,14560,308,NULL,NULL,''),(409,14561,308,NULL,NULL,''),(409,14562,308,NULL,NULL,''),(409,14563,308,NULL,NULL,''),(409,14564,308,NULL,NULL,''),(409,14565,308,NULL,NULL,''),(409,14566,308,NULL,NULL,''),(409,14567,308,NULL,NULL,''),(409,14568,308,NULL,NULL,''),(409,14569,308,NULL,NULL,''),(409,14570,308,NULL,NULL,''),(409,14571,308,NULL,NULL,''),(409,14572,308,NULL,NULL,''),(409,14573,308,NULL,NULL,''),(409,14574,308,NULL,NULL,''),(409,14575,308,NULL,NULL,''),(409,14576,308,NULL,NULL,''),(409,14577,308,NULL,NULL,''),(409,14578,308,NULL,NULL,''),(409,14579,308,NULL,NULL,''),(409,14580,308,NULL,NULL,''),(409,14581,308,NULL,NULL,''),(409,14582,308,NULL,NULL,''),(409,14583,308,NULL,NULL,''),(409,14584,308,NULL,NULL,''),(409,14585,308,NULL,NULL,''),(409,14586,308,NULL,NULL,''),(409,14587,309,NULL,NULL,''),(409,14588,309,NULL,NULL,''),(409,14589,309,NULL,NULL,''),(409,14590,309,NULL,NULL,''),(409,14591,309,NULL,NULL,''),(409,14592,309,NULL,NULL,''),(409,14593,309,NULL,NULL,''),(409,14594,309,NULL,NULL,''),(409,14595,309,NULL,NULL,''),(409,14596,309,NULL,NULL,''),(409,14597,309,NULL,NULL,''),(409,14598,309,NULL,NULL,''),(409,14599,309,NULL,NULL,''),(409,14600,309,NULL,NULL,''),(409,14601,309,NULL,NULL,''),(409,14602,309,NULL,NULL,''),(409,14603,309,NULL,NULL,''),(409,14604,309,NULL,NULL,''),(409,14605,309,NULL,NULL,''),(409,14606,309,NULL,NULL,''),(409,14607,309,NULL,NULL,''),(409,14608,309,NULL,NULL,''),(409,14609,309,NULL,NULL,''),(409,14610,309,NULL,NULL,''),(409,14611,309,NULL,NULL,''),(409,14612,309,NULL,NULL,''),(409,14613,309,NULL,NULL,''),(409,14614,309,NULL,NULL,''),(409,14615,309,NULL,NULL,''),(409,14616,309,NULL,NULL,''),(409,14617,310,NULL,NULL,''),(409,14618,310,NULL,NULL,''),(409,14619,310,NULL,NULL,''),(409,14620,310,NULL,NULL,''),(409,14621,310,NULL,NULL,''),(409,14622,310,NULL,NULL,''),(409,14623,310,NULL,NULL,''),(409,14624,310,NULL,NULL,''),(409,14625,310,NULL,NULL,''),(409,14626,310,NULL,NULL,''),(409,14627,310,NULL,NULL,''),(409,14628,310,NULL,NULL,''),(409,14629,310,NULL,NULL,''),(409,14630,310,NULL,NULL,''),(409,14631,310,NULL,NULL,''),(409,14632,310,NULL,NULL,''),(409,14633,310,NULL,NULL,''),(409,14634,310,NULL,NULL,''),(409,14635,310,NULL,NULL,''),(409,14636,310,NULL,NULL,''),(409,14637,310,NULL,NULL,''),(409,14638,310,NULL,NULL,''),(409,14639,310,NULL,NULL,''),(409,14640,310,NULL,NULL,''),(409,14641,310,NULL,NULL,''),(409,14642,310,NULL,NULL,''),(409,14643,310,NULL,NULL,''),(409,14644,310,NULL,NULL,''),(409,14645,310,NULL,NULL,''),(409,14646,310,NULL,NULL,''),(409,14647,311,NULL,NULL,''),(409,14648,311,NULL,NULL,''),(409,14649,311,NULL,NULL,''),(409,14650,311,NULL,NULL,''),(409,14651,311,NULL,NULL,''),(409,14652,311,NULL,NULL,''),(409,14653,311,NULL,NULL,''),(409,14654,311,NULL,NULL,''),(409,14655,311,NULL,NULL,''),(409,14656,311,NULL,NULL,''),(409,14657,311,NULL,NULL,''),(409,14658,311,NULL,NULL,''),(409,14659,311,NULL,NULL,''),(409,14660,311,NULL,NULL,''),(409,14661,311,NULL,NULL,''),(409,14662,311,NULL,NULL,''),(409,14663,311,NULL,NULL,''),(409,14664,311,NULL,NULL,''),(409,14665,311,NULL,NULL,''),(409,14666,311,NULL,NULL,''),(409,14667,311,NULL,NULL,''),(409,14668,311,NULL,NULL,''),(409,14669,311,NULL,NULL,''),(409,14670,311,NULL,NULL,''),(409,14671,311,NULL,NULL,''),(409,14672,311,NULL,NULL,''),(409,14673,311,NULL,NULL,''),(409,14674,311,NULL,NULL,''),(409,14675,311,NULL,NULL,''),(409,14676,311,NULL,NULL,'');
/*!40000 ALTER TABLE `schoolyear_student_lt` ENABLE KEYS */;
UNLOCK TABLES;

--
-- Table structure for table `schoolyear_summer_schedule`
--

DROP TABLE IF EXISTS `schoolyear_summer_schedule`;
/*!40101 SET @saved_cs_client     = @@character_set_client */;
/*!40101 SET character_set_client = utf8 */;
CREATE TABLE `schoolyear_summer_schedule` (
  `schoolyear_summer_schedule_id` int(11) NOT NULL AUTO_INCREMENT,
  `schoolyear_id` int(11) NOT NULL,
  `start_date` date NOT NULL,
  `end_date` date NOT NULL,
  `date_created` datetime NOT NULL DEFAULT CURRENT_TIMESTAMP,
  `isActive` bit(1) NOT NULL DEFAULT b'1',
  PRIMARY KEY (`schoolyear_summer_schedule_id`),
  KEY `fk_schoolyear_summer_scheduleTABLE_schoolyear_idCOL_idx` (`schoolyear_id`),
  CONSTRAINT `fk_schoolyear_summer_scheduleTABLE_schoolyear_idCOL` FOREIGN KEY (`schoolyear_id`) REFERENCES `schoolyear_mt` (`schoolyear_id`) ON DELETE NO ACTION ON UPDATE NO ACTION
) ENGINE=InnoDB AUTO_INCREMENT=5 DEFAULT CHARSET=latin1;
/*!40101 SET character_set_client = @saved_cs_client */;

--
-- Dumping data for table `schoolyear_summer_schedule`
--

LOCK TABLES `schoolyear_summer_schedule` WRITE;
/*!40000 ALTER TABLE `schoolyear_summer_schedule` DISABLE KEYS */;
INSERT INTO `schoolyear_summer_schedule` VALUES (3,425,'2019-07-01','2019-08-01','2017-07-08 10:36:20',''),(4,426,'2020-05-01','2020-06-01','2017-08-12 10:40:56','');
/*!40000 ALTER TABLE `schoolyear_summer_schedule` ENABLE KEYS */;
UNLOCK TABLES;

--
-- Table structure for table `section_mt`
--

DROP TABLE IF EXISTS `section_mt`;
/*!40101 SET @saved_cs_client     = @@character_set_client */;
/*!40101 SET character_set_client = utf8 */;
CREATE TABLE `section_mt` (
  `section_id` int(11) NOT NULL AUTO_INCREMENT,
  `sectionName` varchar(45) NOT NULL,
  `isActive` bit(1) NOT NULL DEFAULT b'1',
  `date_created` datetime DEFAULT CURRENT_TIMESTAMP,
  PRIMARY KEY (`section_id`),
  UNIQUE KEY `sectionName_UNIQUE` (`sectionName`)
) ENGINE=InnoDB AUTO_INCREMENT=46 DEFAULT CHARSET=latin1 COMMENT='Master table for storing all sections only. Students sections information will be put on a different table';
/*!40101 SET character_set_client = @saved_cs_client */;

--
-- Dumping data for table `section_mt`
--

LOCK TABLES `section_mt` WRITE;
/*!40000 ALTER TABLE `section_mt` DISABLE KEYS */;
INSERT INTO `section_mt` VALUES (34,'Mars','','2017-07-31 12:05:36'),(35,'Jupiter','','2017-07-31 12:05:36'),(36,'Mercury','','2017-07-31 12:05:36'),(37,'Pluto','','2017-07-31 12:05:36'),(38,'Daisy','','2017-08-01 13:31:55'),(39,'courage','','2017-08-01 19:32:10'),(40,'Hope','','2017-08-01 19:39:03'),(41,'Dell','','2017-08-01 19:42:05'),(43,'Acer','','2017-08-01 19:47:59'),(44,'tessalonaica','','2017-08-04 15:31:11'),(45,'loyalty','','2017-08-04 15:37:55');
/*!40000 ALTER TABLE `section_mt` ENABLE KEYS */;
UNLOCK TABLES;

--
-- Table structure for table `section_settings_lt`
--

DROP TABLE IF EXISTS `section_settings_lt`;
/*!40101 SET @saved_cs_client     = @@character_set_client */;
/*!40101 SET character_set_client = utf8 */;
CREATE TABLE `section_settings_lt` (
  `section_settings_id` int(11) NOT NULL AUTO_INCREMENT,
  `section_id` int(11) NOT NULL,
  `schoolyear_id` int(11) NOT NULL,
  `gradelevel_id` int(11) NOT NULL,
  `session_id` int(11) NOT NULL COMMENT 'faculty_id COL represents the faculty member assigned as ADVISER for a section',
  `requiredAverage` decimal(10,2) NOT NULL,
  `adviser_id` int(11) DEFAULT NULL,
  PRIMARY KEY (`section_settings_id`),
  KEY `fk_section_settings_ltTABLE_section_idCOL_idx` (`section_id`),
  KEY `fk_section_settings_ltTABLE_schoolyear_idCOL_idx` (`schoolyear_id`),
  KEY `fk_section_settings_ltTABLE_gradelevel_idCOL_idx` (`gradelevel_id`),
  KEY `fk_section_settings_ltTABLE_session_idCOL_idx` (`session_id`),
  KEY `fk_section_settings_ltTABLE_adviser_idCOL_idx` (`adviser_id`),
  CONSTRAINT `fk_section_settings_ltTABLE_adviser_idCOL` FOREIGN KEY (`adviser_id`) REFERENCES `faculty_mt` (`faculty_id`) ON DELETE NO ACTION ON UPDATE NO ACTION,
  CONSTRAINT `fk_section_settings_ltTABLE_gradelevel_idCOL` FOREIGN KEY (`gradelevel_id`) REFERENCES `gradelevel_mt` (`gradelevel_id`) ON DELETE NO ACTION ON UPDATE NO ACTION,
  CONSTRAINT `fk_section_settings_ltTABLE_schoolyear_idCOL` FOREIGN KEY (`schoolyear_id`) REFERENCES `schoolyear_mt` (`schoolyear_id`) ON DELETE NO ACTION ON UPDATE NO ACTION,
  CONSTRAINT `fk_section_settings_ltTABLE_section_idCOL` FOREIGN KEY (`section_id`) REFERENCES `section_mt` (`section_id`) ON DELETE NO ACTION ON UPDATE NO ACTION,
  CONSTRAINT `fk_section_settings_ltTABLE_session_idCOL` FOREIGN KEY (`session_id`) REFERENCES `session_mt` (`session_id`) ON DELETE NO ACTION ON UPDATE NO ACTION
) ENGINE=InnoDB AUTO_INCREMENT=12 DEFAULT CHARSET=latin1;
/*!40101 SET character_set_client = @saved_cs_client */;

--
-- Dumping data for table `section_settings_lt`
--

LOCK TABLES `section_settings_lt` WRITE;
/*!40000 ALTER TABLE `section_settings_lt` DISABLE KEYS */;
INSERT INTO `section_settings_lt` VALUES (3,34,407,301,1,0.00,17),(4,35,407,302,2,0.00,NULL),(5,38,407,302,1,85.00,NULL),(6,39,407,305,1,82.00,NULL),(7,40,407,304,1,82.00,NULL),(8,41,407,302,1,99.00,NULL),(9,43,407,302,1,80.00,NULL),(10,44,407,303,2,80.00,NULL),(11,45,407,303,1,90.00,NULL);
/*!40000 ALTER TABLE `section_settings_lt` ENABLE KEYS */;
UNLOCK TABLES;

--
-- Table structure for table `section_student`
--

DROP TABLE IF EXISTS `section_student`;
/*!40101 SET @saved_cs_client     = @@character_set_client */;
/*!40101 SET character_set_client = utf8 */;
CREATE TABLE `section_student` (
  `section_student_id` int(11) NOT NULL AUTO_INCREMENT,
  `section_id` int(11) NOT NULL,
  `student_id` int(11) NOT NULL,
  `schoolyear_id` int(11) NOT NULL,
  `isActive` bit(1) NOT NULL DEFAULT b'1',
  PRIMARY KEY (`section_student_id`),
  KEY `fk_students_sectionTABLE_section_idCOL_idx` (`section_id`),
  KEY `fk_students_sectionTABLE_schoolyear_idCOL_idx` (`schoolyear_id`),
  CONSTRAINT `fk_section_studentTABLE_schoolyear_idCOL` FOREIGN KEY (`schoolyear_id`) REFERENCES `schoolyear_mt` (`schoolyear_id`) ON DELETE NO ACTION ON UPDATE NO ACTION,
  CONSTRAINT `fk_section_studentTABLE_section_idCOL` FOREIGN KEY (`section_id`) REFERENCES `section_mt` (`section_id`) ON DELETE NO ACTION ON UPDATE NO ACTION
) ENGINE=InnoDB AUTO_INCREMENT=3 DEFAULT CHARSET=latin1;
/*!40101 SET character_set_client = @saved_cs_client */;

--
-- Dumping data for table `section_student`
--

LOCK TABLES `section_student` WRITE;
/*!40000 ALTER TABLE `section_student` DISABLE KEYS */;
INSERT INTO `section_student` VALUES (2,34,14021,407,'');
/*!40000 ALTER TABLE `section_student` ENABLE KEYS */;
UNLOCK TABLES;

--
-- Table structure for table `sectioncategory_mt`
--

DROP TABLE IF EXISTS `sectioncategory_mt`;
/*!40101 SET @saved_cs_client     = @@character_set_client */;
/*!40101 SET character_set_client = utf8 */;
CREATE TABLE `sectioncategory_mt` (
  `sectioncategory_id` int(11) NOT NULL AUTO_INCREMENT,
  `category` varchar(45) NOT NULL,
  `grade_range_from` int(11) NOT NULL,
  `grade_range_to` int(11) NOT NULL,
  `date_created` datetime NOT NULL DEFAULT CURRENT_TIMESTAMP,
  PRIMARY KEY (`sectioncategory_id`),
  UNIQUE KEY `category_UNIQUE` (`category`)
) ENGINE=InnoDB AUTO_INCREMENT=2 DEFAULT CHARSET=latin1 COMMENT='table to store grade range value from and to, to classify students';
/*!40101 SET character_set_client = @saved_cs_client */;

--
-- Dumping data for table `sectioncategory_mt`
--

LOCK TABLES `sectioncategory_mt` WRITE;
/*!40000 ALTER TABLE `sectioncategory_mt` DISABLE KEYS */;
INSERT INTO `sectioncategory_mt` VALUES (1,'ABC',64,64,'2017-07-15 14:42:35');
/*!40000 ALTER TABLE `sectioncategory_mt` ENABLE KEYS */;
UNLOCK TABLES;

--
-- Table structure for table `session_mt`
--

DROP TABLE IF EXISTS `session_mt`;
/*!40101 SET @saved_cs_client     = @@character_set_client */;
/*!40101 SET character_set_client = utf8 */;
CREATE TABLE `session_mt` (
  `session_id` int(11) NOT NULL AUTO_INCREMENT,
  `title` varchar(45) NOT NULL,
  `start_time` int(11) DEFAULT NULL,
  `end_time` int(11) DEFAULT NULL,
  PRIMARY KEY (`session_id`)
) ENGINE=InnoDB AUTO_INCREMENT=3 DEFAULT CHARSET=latin1;
/*!40101 SET character_set_client = @saved_cs_client */;

--
-- Dumping data for table `session_mt`
--

LOCK TABLES `session_mt` WRITE;
/*!40000 ALTER TABLE `session_mt` DISABLE KEYS */;
INSERT INTO `session_mt` VALUES (1,'AM',NULL,NULL),(2,'PM',NULL,NULL);
/*!40000 ALTER TABLE `session_mt` ENABLE KEYS */;
UNLOCK TABLES;

--
-- Table structure for table `specialization`
--

DROP TABLE IF EXISTS `specialization`;
/*!40101 SET @saved_cs_client     = @@character_set_client */;
/*!40101 SET character_set_client = utf8 */;
CREATE TABLE `specialization` (
  `specialization_id` int(11) NOT NULL AUTO_INCREMENT,
  `specialization_title` varchar(45) NOT NULL,
  `isActive` bit(1) NOT NULL DEFAULT b'1',
  `description` text NOT NULL,
  `date_created` datetime NOT NULL DEFAULT CURRENT_TIMESTAMP,
  PRIMARY KEY (`specialization_id`),
  UNIQUE KEY `specialization_title_UNIQUE` (`specialization_title`)
) ENGINE=InnoDB AUTO_INCREMENT=23 DEFAULT CHARSET=latin1;
/*!40101 SET character_set_client = @saved_cs_client */;

--
-- Dumping data for table `specialization`
--

LOCK TABLES `specialization` WRITE;
/*!40000 ALTER TABLE `specialization` DISABLE KEYS */;
INSERT INTO `specialization` VALUES (14,'English','','English Specialization','2017-07-31 09:16:48'),(15,'Math','','Math Specialization','2017-07-31 09:17:25'),(16,'Foreign Language','','Foreign Language','2017-08-01 19:34:29'),(17,'Sience','','Sience','2017-08-02 17:40:52'),(18,'P.E','','physical Education','2017-08-04 15:21:31'),(19,'Biology','','Bilogy','2017-08-04 15:21:50'),(20,'Filipino','','Filipino','2017-08-04 15:22:13'),(21,'computer','','computer','2017-08-04 15:22:32'),(22,'Physics','','Physics','2018-06-03 17:52:26');
/*!40000 ALTER TABLE `specialization` ENABLE KEYS */;
UNLOCK TABLES;

--
-- Table structure for table `specialization_subject`
--

DROP TABLE IF EXISTS `specialization_subject`;
/*!40101 SET @saved_cs_client     = @@character_set_client */;
/*!40101 SET character_set_client = utf8 */;
CREATE TABLE `specialization_subject` (
  `specialization_subject_id` int(11) NOT NULL AUTO_INCREMENT,
  `specialization_id` int(11) NOT NULL,
  `subject_id` int(11) NOT NULL,
  `date_assigned` datetime DEFAULT CURRENT_TIMESTAMP,
  PRIMARY KEY (`specialization_subject_id`),
  KEY `fk_specialization_subjectTABLE_specialization_idCOL_idx` (`specialization_id`),
  KEY `fk_specialization_subjectTABLE_subject_idCOL_idx` (`subject_id`),
  CONSTRAINT `fk_specialization_subjectTABLE_specialization_idCOL` FOREIGN KEY (`specialization_id`) REFERENCES `specialization` (`specialization_id`) ON DELETE NO ACTION ON UPDATE NO ACTION,
  CONSTRAINT `fk_specialization_subjectTABLE_subject_idCOL` FOREIGN KEY (`subject_id`) REFERENCES `subject_mt` (`subject_id`) ON DELETE NO ACTION ON UPDATE NO ACTION
) ENGINE=InnoDB DEFAULT CHARSET=latin1;
/*!40101 SET character_set_client = @saved_cs_client */;

--
-- Dumping data for table `specialization_subject`
--

LOCK TABLES `specialization_subject` WRITE;
/*!40000 ALTER TABLE `specialization_subject` DISABLE KEYS */;
/*!40000 ALTER TABLE `specialization_subject` ENABLE KEYS */;
UNLOCK TABLES;

--
-- Table structure for table `student_address_lt`
--

DROP TABLE IF EXISTS `student_address_lt`;
/*!40101 SET @saved_cs_client     = @@character_set_client */;
/*!40101 SET character_set_client = utf8 */;
CREATE TABLE `student_address_lt` (
  `students_address_id` int(10) NOT NULL AUTO_INCREMENT,
  `student_id` int(10) NOT NULL,
  `room_houseNo` int(10) DEFAULT NULL,
  `street` varchar(45) DEFAULT NULL,
  `brgy_or_subd` varchar(45) DEFAULT NULL,
  `city` varchar(45) DEFAULT NULL,
  PRIMARY KEY (`students_address_id`)
) ENGINE=InnoDB DEFAULT CHARSET=latin1 COMMENT='Students Address Child Table of Students ';
/*!40101 SET character_set_client = @saved_cs_client */;

--
-- Dumping data for table `student_address_lt`
--

LOCK TABLES `student_address_lt` WRITE;
/*!40000 ALTER TABLE `student_address_lt` DISABLE KEYS */;
/*!40000 ALTER TABLE `student_address_lt` ENABLE KEYS */;
UNLOCK TABLES;

--
-- Table structure for table `student_discount_lt`
--

DROP TABLE IF EXISTS `student_discount_lt`;
/*!40101 SET @saved_cs_client     = @@character_set_client */;
/*!40101 SET character_set_client = utf8 */;
CREATE TABLE `student_discount_lt` (
  `student_id` int(11) NOT NULL,
  `discount_id` int(11) NOT NULL,
  `schoolyear_id` int(11) NOT NULL,
  `date_applied` datetime NOT NULL DEFAULT CURRENT_TIMESTAMP,
  `amount` decimal(10,2) NOT NULL,
  KEY `fk_student_discount_ltTABLE_student_idCOL_idx` (`student_id`),
  KEY `fk_student_discount_ltTABLE_discount_idCOL_idx` (`discount_id`),
  KEY `fk_student_discount_ltTABLE_schoolyear_idCOL_idx` (`schoolyear_id`),
  CONSTRAINT `fk_student_discount_ltTABLE_discount_idCOL` FOREIGN KEY (`discount_id`) REFERENCES `discount_mt` (`discount_id`) ON DELETE NO ACTION ON UPDATE NO ACTION,
  CONSTRAINT `fk_student_discount_ltTABLE_schoolyear_idCOL` FOREIGN KEY (`schoolyear_id`) REFERENCES `schoolyear_mt` (`schoolyear_id`) ON DELETE NO ACTION ON UPDATE NO ACTION,
  CONSTRAINT `fk_student_discount_ltTABLE_student_idCOL` FOREIGN KEY (`student_id`) REFERENCES `student_mt` (`student_id`) ON DELETE NO ACTION ON UPDATE NO ACTION
) ENGINE=InnoDB DEFAULT CHARSET=latin1;
/*!40101 SET character_set_client = @saved_cs_client */;

--
-- Dumping data for table `student_discount_lt`
--

LOCK TABLES `student_discount_lt` WRITE;
/*!40000 ALTER TABLE `student_discount_lt` DISABLE KEYS */;
INSERT INTO `student_discount_lt` VALUES (14429,4,407,'2017-08-12 15:49:02',0.00);
/*!40000 ALTER TABLE `student_discount_lt` ENABLE KEYS */;
UNLOCK TABLES;

--
-- Table structure for table `student_fee`
--

DROP TABLE IF EXISTS `student_fee`;
/*!40101 SET @saved_cs_client     = @@character_set_client */;
/*!40101 SET character_set_client = utf8 */;
CREATE TABLE `student_fee` (
  `student_fee_id` int(11) NOT NULL AUTO_INCREMENT,
  `student_id` int(11) NOT NULL COMMENT 'Table to store assigned fees to students',
  `fee_id` int(11) NOT NULL,
  `schoolyear_id` int(11) NOT NULL,
  `date_assigned` datetime NOT NULL DEFAULT CURRENT_TIMESTAMP,
  PRIMARY KEY (`student_fee_id`),
  KEY `fk_student_feeTABLE_student_id_idx` (`student_id`),
  KEY `fk_student_feeTABLE_fee_idCOL_idx` (`fee_id`),
  CONSTRAINT `fk_student_feeTABLE_fee_idCOL` FOREIGN KEY (`fee_id`) REFERENCES `fee_mt` (`fee_id`) ON DELETE NO ACTION ON UPDATE NO ACTION,
  CONSTRAINT `fk_student_feeTABLE_student_id` FOREIGN KEY (`student_id`) REFERENCES `student_mt` (`student_id`) ON DELETE NO ACTION ON UPDATE NO ACTION
) ENGINE=InnoDB DEFAULT CHARSET=latin1;
/*!40101 SET character_set_client = @saved_cs_client */;

--
-- Dumping data for table `student_fee`
--

LOCK TABLES `student_fee` WRITE;
/*!40000 ALTER TABLE `student_fee` DISABLE KEYS */;
/*!40000 ALTER TABLE `student_fee` ENABLE KEYS */;
UNLOCK TABLES;

--
-- Table structure for table `student_grade`
--

DROP TABLE IF EXISTS `student_grade`;
/*!40101 SET @saved_cs_client     = @@character_set_client */;
/*!40101 SET character_set_client = utf8 */;
CREATE TABLE `student_grade` (
  `student_grade_id` int(11) NOT NULL AUTO_INCREMENT,
  `student_id` int(11) NOT NULL,
  `grade_id` int(11) NOT NULL,
  `date_created` datetime DEFAULT CURRENT_TIMESTAMP,
  `isActive` bit(1) DEFAULT b'1',
  PRIMARY KEY (`student_grade_id`),
  KEY `fk_student_gradeTABLE_student_idCOL_idx` (`student_id`),
  KEY `fk_student_gradeTABLE_grade_idCOL_idx` (`grade_id`),
  CONSTRAINT `fk_student_gradeTABLE_grade_idCOL` FOREIGN KEY (`grade_id`) REFERENCES `grade` (`grade_id`) ON DELETE NO ACTION ON UPDATE NO ACTION,
  CONSTRAINT `fk_student_gradeTABLE_student_idCOL` FOREIGN KEY (`student_id`) REFERENCES `student_mt` (`student_id`) ON DELETE NO ACTION ON UPDATE NO ACTION
) ENGINE=InnoDB DEFAULT CHARSET=latin1;
/*!40101 SET character_set_client = @saved_cs_client */;

--
-- Dumping data for table `student_grade`
--

LOCK TABLES `student_grade` WRITE;
/*!40000 ALTER TABLE `student_grade` DISABLE KEYS */;
/*!40000 ALTER TABLE `student_grade` ENABLE KEYS */;
UNLOCK TABLES;

--
-- Table structure for table `student_mt`
--

DROP TABLE IF EXISTS `student_mt`;
/*!40101 SET @saved_cs_client     = @@character_set_client */;
/*!40101 SET character_set_client = utf8 */;
CREATE TABLE `student_mt` (
  `student_id` int(11) NOT NULL AUTO_INCREMENT,
  `registration_id` int(11) NOT NULL COMMENT 'registration_id is a foreign key referencing to registration_mt table',
  `entry_date` datetime NOT NULL DEFAULT CURRENT_TIMESTAMP,
  `isGraduated` bit(1) NOT NULL DEFAULT b'0' COMMENT 'isGraduate column gets updated with 1 when student graduates',
  `date_graduated` datetime DEFAULT NULL,
  `isActive` bit(1) DEFAULT b'0' COMMENT 'isActive column resets to 0 every after 1 schoolyear.\nThe date depends on the EXACT start date of schoolyear.\n\nAll enrolled students will have isActive status of 1 which mean ENROLLED',
  `student_type` bit(1) DEFAULT b'1' COMMENT 'Default student type of all students is "New" or 1\nAll Students start as New Student then becomes old student after 1 schoolyear. ',
  PRIMARY KEY (`student_id`),
  KEY `fk_student_mtTABLE_registration_idCOL_idx` (`registration_id`),
  CONSTRAINT `fk_student_mtTABLE_registration_idCOL` FOREIGN KEY (`registration_id`) REFERENCES `registration_mt` (`registration_id`) ON DELETE NO ACTION ON UPDATE NO ACTION
) ENGINE=InnoDB AUTO_INCREMENT=15007 DEFAULT CHARSET=latin1 COMMENT='Students Master Table';
/*!40101 SET character_set_client = @saved_cs_client */;

--
-- Dumping data for table `student_mt`
--

LOCK TABLES `student_mt` WRITE;
/*!40000 ALTER TABLE `student_mt` DISABLE KEYS */;
INSERT INTO `student_mt` VALUES (13987,4867,'2017-08-12 10:43:35','\0',NULL,'\0',''),(13988,4868,'2017-08-12 10:43:36','\0',NULL,'\0',''),(13989,4869,'2017-08-12 10:43:36','\0',NULL,'\0',''),(13990,4870,'2017-08-12 10:43:37','\0',NULL,'\0',''),(13991,4871,'2017-08-12 10:43:37','\0',NULL,'\0',''),(13992,4872,'2017-08-12 10:43:38','\0',NULL,'\0',''),(13993,4873,'2017-08-12 10:43:38','\0',NULL,'\0',''),(13994,4874,'2017-08-12 10:43:38','\0',NULL,'\0',''),(13995,4875,'2017-08-12 10:43:38','\0',NULL,'\0',''),(13996,4876,'2017-08-12 10:43:39','\0',NULL,'\0',''),(13997,4877,'2017-08-12 10:43:39','\0',NULL,'\0',''),(13998,4878,'2017-08-12 10:43:40','\0',NULL,'\0',''),(13999,4879,'2017-08-12 10:43:40','\0',NULL,'\0',''),(14000,4880,'2017-08-12 10:43:40','\0',NULL,'\0',''),(14001,4881,'2017-08-12 10:43:40','\0',NULL,'\0',''),(14002,4882,'2017-08-12 10:43:41','\0',NULL,'\0',''),(14003,4883,'2017-08-12 10:43:41','\0',NULL,'\0',''),(14004,4884,'2017-08-12 10:43:42','\0',NULL,'\0',''),(14005,4885,'2017-08-12 10:43:42','\0',NULL,'\0',''),(14006,4886,'2017-08-12 10:43:42','\0',NULL,'\0',''),(14007,4887,'2017-08-12 10:43:43','\0',NULL,'\0',''),(14008,4888,'2017-08-12 10:43:43','\0',NULL,'\0',''),(14009,4889,'2017-08-12 10:43:43','\0',NULL,'\0',''),(14010,4890,'2017-08-12 10:43:44','\0',NULL,'\0',''),(14011,4891,'2017-08-12 10:43:44','\0',NULL,'\0',''),(14012,4892,'2017-08-12 10:43:45','\0',NULL,'\0',''),(14013,4893,'2017-08-12 10:43:45','\0',NULL,'\0',''),(14014,4894,'2017-08-12 10:43:45','\0',NULL,'\0',''),(14015,4895,'2017-08-12 10:43:46','\0',NULL,'\0',''),(14016,4896,'2017-08-12 10:43:46','\0',NULL,'\0',''),(14017,4897,'2017-08-12 10:44:18','\0',NULL,'\0',''),(14018,4898,'2017-08-12 10:44:18','\0',NULL,'\0',''),(14019,4899,'2017-08-12 10:44:19','\0',NULL,'\0',''),(14020,4900,'2017-08-12 10:44:19','\0',NULL,'\0',''),(14021,4901,'2017-08-12 10:44:20','\0',NULL,'\0',''),(14022,4902,'2017-08-12 10:44:20','\0',NULL,'\0',''),(14023,4903,'2017-08-12 10:44:21','\0',NULL,'\0',''),(14024,4904,'2017-08-12 10:44:21','\0',NULL,'\0',''),(14025,4905,'2017-08-12 10:44:21','\0',NULL,'\0',''),(14026,4906,'2017-08-12 10:44:21','\0',NULL,'\0',''),(14027,4907,'2017-08-12 10:44:22','\0',NULL,'\0',''),(14028,4908,'2017-08-12 10:44:22','\0',NULL,'\0',''),(14029,4909,'2017-08-12 10:44:22','\0',NULL,'\0',''),(14030,4910,'2017-08-12 10:44:23','\0',NULL,'\0',''),(14031,4911,'2017-08-12 10:44:23','\0',NULL,'\0',''),(14032,4912,'2017-08-12 10:44:23','\0',NULL,'\0',''),(14033,4913,'2017-08-12 10:44:24','\0',NULL,'\0',''),(14034,4914,'2017-08-12 10:44:24','\0',NULL,'\0',''),(14035,4915,'2017-08-12 10:44:24','\0',NULL,'\0',''),(14036,4916,'2017-08-12 10:44:25','\0',NULL,'\0',''),(14037,4917,'2017-08-12 10:44:25','\0',NULL,'\0',''),(14038,4918,'2017-08-12 10:44:25','\0',NULL,'\0',''),(14039,4919,'2017-08-12 10:44:25','\0',NULL,'\0',''),(14040,4920,'2017-08-12 10:44:25','\0',NULL,'\0',''),(14041,4921,'2017-08-12 10:44:26','\0',NULL,'\0',''),(14042,4922,'2017-08-12 10:44:26','\0',NULL,'\0',''),(14043,4923,'2017-08-12 10:44:26','\0',NULL,'\0',''),(14044,4924,'2017-08-12 10:44:26','\0',NULL,'\0',''),(14045,4925,'2017-08-12 10:44:26','\0',NULL,'\0',''),(14046,4926,'2017-08-12 10:44:27','\0',NULL,'\0',''),(14047,4927,'2017-08-12 10:45:12','\0',NULL,'\0',''),(14048,4928,'2017-08-12 10:45:12','\0',NULL,'\0',''),(14049,4929,'2017-08-12 10:45:12','\0',NULL,'\0',''),(14050,4930,'2017-08-12 10:45:13','\0',NULL,'\0',''),(14051,4931,'2017-08-12 10:45:13','\0',NULL,'\0',''),(14052,4932,'2017-08-12 10:45:13','\0',NULL,'\0',''),(14053,4933,'2017-08-12 10:45:13','\0',NULL,'\0',''),(14054,4934,'2017-08-12 10:45:13','\0',NULL,'\0',''),(14055,4935,'2017-08-12 10:45:14','\0',NULL,'\0',''),(14056,4936,'2017-08-12 10:45:14','\0',NULL,'\0',''),(14057,4937,'2017-08-12 10:45:14','\0',NULL,'\0',''),(14058,4938,'2017-08-12 10:45:15','\0',NULL,'\0',''),(14059,4939,'2017-08-12 10:45:15','\0',NULL,'\0',''),(14060,4940,'2017-08-12 10:45:15','\0',NULL,'\0',''),(14061,4941,'2017-08-12 10:45:16','\0',NULL,'\0',''),(14062,4942,'2017-08-12 10:45:16','\0',NULL,'\0',''),(14063,4943,'2017-08-12 10:45:16','\0',NULL,'\0',''),(14064,4944,'2017-08-12 10:45:17','\0',NULL,'\0',''),(14065,4945,'2017-08-12 10:45:17','\0',NULL,'\0',''),(14066,4946,'2017-08-12 10:45:17','\0',NULL,'\0',''),(14067,4947,'2017-08-12 10:45:18','\0',NULL,'\0',''),(14068,4948,'2017-08-12 10:45:18','\0',NULL,'\0',''),(14069,4949,'2017-08-12 10:45:18','\0',NULL,'\0',''),(14070,4950,'2017-08-12 10:45:18','\0',NULL,'\0',''),(14071,4951,'2017-08-12 10:45:18','\0',NULL,'\0',''),(14072,4952,'2017-08-12 10:45:19','\0',NULL,'\0',''),(14073,4953,'2017-08-12 10:45:19','\0',NULL,'\0',''),(14074,4954,'2017-08-12 10:45:19','\0',NULL,'\0',''),(14075,4955,'2017-08-12 10:45:19','\0',NULL,'\0',''),(14076,4956,'2017-08-12 10:45:19','\0',NULL,'\0',''),(14077,4957,'2017-08-12 10:45:38','\0',NULL,'\0',''),(14078,4958,'2017-08-12 10:45:39','\0',NULL,'\0',''),(14079,4959,'2017-08-12 10:45:40','\0',NULL,'\0',''),(14080,4960,'2017-08-12 10:45:40','\0',NULL,'\0',''),(14081,4961,'2017-08-12 10:45:40','\0',NULL,'\0',''),(14082,4962,'2017-08-12 10:45:40','\0',NULL,'\0',''),(14083,4963,'2017-08-12 10:45:41','\0',NULL,'\0',''),(14084,4964,'2017-08-12 10:45:41','\0',NULL,'\0',''),(14085,4965,'2017-08-12 10:45:42','\0',NULL,'\0',''),(14086,4966,'2017-08-12 10:45:42','\0',NULL,'\0',''),(14087,4967,'2017-08-12 10:45:42','\0',NULL,'\0',''),(14088,4968,'2017-08-12 10:45:42','\0',NULL,'\0',''),(14089,4969,'2017-08-12 10:45:42','\0',NULL,'\0',''),(14090,4970,'2017-08-12 10:45:43','\0',NULL,'\0',''),(14091,4971,'2017-08-12 10:45:43','\0',NULL,'\0',''),(14092,4972,'2017-08-12 10:45:43','\0',NULL,'\0',''),(14093,4973,'2017-08-12 10:45:43','\0',NULL,'\0',''),(14094,4974,'2017-08-12 10:45:44','\0',NULL,'\0',''),(14095,4975,'2017-08-12 10:45:44','\0',NULL,'\0',''),(14096,4976,'2017-08-12 10:45:44','\0',NULL,'\0',''),(14097,4977,'2017-08-12 10:45:44','\0',NULL,'\0',''),(14098,4978,'2017-08-12 10:45:45','\0',NULL,'\0',''),(14099,4979,'2017-08-12 10:45:45','\0',NULL,'\0',''),(14100,4980,'2017-08-12 10:45:46','\0',NULL,'\0',''),(14101,4981,'2017-08-12 10:45:46','\0',NULL,'\0',''),(14102,4982,'2017-08-12 10:45:47','\0',NULL,'\0',''),(14103,4983,'2017-08-12 10:45:47','\0',NULL,'\0',''),(14104,4984,'2017-08-12 10:45:47','\0',NULL,'\0',''),(14105,4985,'2017-08-12 10:45:48','\0',NULL,'\0',''),(14106,4986,'2017-08-12 10:45:48','\0',NULL,'\0',''),(14107,4987,'2017-08-12 10:47:06','\0',NULL,'\0',''),(14108,4988,'2017-08-12 10:47:06','\0',NULL,'\0',''),(14109,4989,'2017-08-12 10:47:06','\0',NULL,'\0',''),(14110,4990,'2017-08-12 10:47:07','\0',NULL,'\0',''),(14111,4991,'2017-08-12 10:47:08','\0',NULL,'\0',''),(14112,4992,'2017-08-12 10:47:08','\0',NULL,'\0',''),(14113,4993,'2017-08-12 10:47:08','\0',NULL,'\0',''),(14114,4994,'2017-08-12 10:47:08','\0',NULL,'\0',''),(14115,4995,'2017-08-12 10:47:09','\0',NULL,'\0',''),(14116,4996,'2017-08-12 10:47:09','\0',NULL,'\0',''),(14117,4997,'2017-08-12 10:47:10','\0',NULL,'\0',''),(14118,4998,'2017-08-12 10:47:10','\0',NULL,'\0',''),(14119,4999,'2017-08-12 10:47:10','\0',NULL,'\0',''),(14120,5000,'2017-08-12 10:47:10','\0',NULL,'\0',''),(14121,5001,'2017-08-12 10:47:11','\0',NULL,'\0',''),(14122,5002,'2017-08-12 10:47:11','\0',NULL,'\0',''),(14123,5003,'2017-08-12 10:47:12','\0',NULL,'\0',''),(14124,5004,'2017-08-12 10:47:12','\0',NULL,'\0',''),(14125,5005,'2017-08-12 10:47:12','\0',NULL,'\0',''),(14126,5006,'2017-08-12 10:47:12','\0',NULL,'\0',''),(14127,5007,'2017-08-12 10:47:13','\0',NULL,'\0',''),(14128,5008,'2017-08-12 10:47:14','\0',NULL,'\0',''),(14129,5009,'2017-08-12 10:47:14','\0',NULL,'\0',''),(14130,5010,'2017-08-12 10:47:14','\0',NULL,'\0',''),(14131,5011,'2017-08-12 10:47:14','\0',NULL,'\0',''),(14132,5012,'2017-08-12 10:47:16','\0',NULL,'\0',''),(14133,5013,'2017-08-12 10:47:16','\0',NULL,'\0',''),(14134,5014,'2017-08-12 10:47:16','\0',NULL,'\0',''),(14135,5015,'2017-08-12 10:47:16','\0',NULL,'\0',''),(14136,5016,'2017-08-12 10:47:16','\0',NULL,'\0',''),(14137,5017,'2017-08-12 10:47:48','\0',NULL,'\0',''),(14138,5018,'2017-08-12 10:47:48','\0',NULL,'\0',''),(14139,5019,'2017-08-12 10:47:49','\0',NULL,'\0',''),(14140,5020,'2017-08-12 10:47:49','\0',NULL,'\0',''),(14141,5021,'2017-08-12 10:47:49','\0',NULL,'\0',''),(14142,5022,'2017-08-12 10:47:50','\0',NULL,'\0',''),(14143,5023,'2017-08-12 10:47:50','\0',NULL,'\0',''),(14144,5024,'2017-08-12 10:47:50','\0',NULL,'\0',''),(14145,5025,'2017-08-12 10:47:51','\0',NULL,'\0',''),(14146,5026,'2017-08-12 10:47:51','\0',NULL,'\0',''),(14147,5027,'2017-08-12 10:47:52','\0',NULL,'\0',''),(14148,5028,'2017-08-12 10:47:52','\0',NULL,'\0',''),(14149,5029,'2017-08-12 10:47:52','\0',NULL,'\0',''),(14150,5030,'2017-08-12 10:47:52','\0',NULL,'\0',''),(14151,5031,'2017-08-12 10:47:53','\0',NULL,'\0',''),(14152,5032,'2017-08-12 10:47:53','\0',NULL,'\0',''),(14153,5033,'2017-08-12 10:47:53','\0',NULL,'\0',''),(14154,5034,'2017-08-12 10:47:53','\0',NULL,'\0',''),(14155,5035,'2017-08-12 10:47:54','\0',NULL,'\0',''),(14156,5036,'2017-08-12 10:47:54','\0',NULL,'\0',''),(14157,5037,'2017-08-12 10:47:55','\0',NULL,'\0',''),(14158,5038,'2017-08-12 10:47:56','\0',NULL,'\0',''),(14159,5039,'2017-08-12 10:47:56','\0',NULL,'\0',''),(14160,5040,'2017-08-12 10:47:56','\0',NULL,'\0',''),(14161,5041,'2017-08-12 10:47:56','\0',NULL,'\0',''),(14162,5042,'2017-08-12 10:47:57','\0',NULL,'\0',''),(14163,5043,'2017-08-12 10:47:57','\0',NULL,'\0',''),(14164,5044,'2017-08-12 10:47:57','\0',NULL,'\0',''),(14165,5045,'2017-08-12 10:47:57','\0',NULL,'\0',''),(14166,5046,'2017-08-12 10:47:58','\0',NULL,'\0',''),(14167,5047,'2017-08-12 10:48:14','\0',NULL,'\0',''),(14168,5048,'2017-08-12 10:48:15','\0',NULL,'\0',''),(14169,5049,'2017-08-12 10:48:15','\0',NULL,'\0',''),(14170,5050,'2017-08-12 10:48:16','\0',NULL,'\0',''),(14171,5051,'2017-08-12 10:48:16','\0',NULL,'\0',''),(14172,5052,'2017-08-12 10:48:16','\0',NULL,'\0',''),(14173,5053,'2017-08-12 10:48:16','\0',NULL,'\0',''),(14174,5054,'2017-08-12 10:48:17','\0',NULL,'\0',''),(14175,5055,'2017-08-12 10:48:18','\0',NULL,'\0',''),(14176,5056,'2017-08-12 10:48:18','\0',NULL,'\0',''),(14177,5057,'2017-08-12 10:48:18','\0',NULL,'\0',''),(14178,5058,'2017-08-12 10:48:18','\0',NULL,'\0',''),(14179,5059,'2017-08-12 10:48:19','\0',NULL,'\0',''),(14180,5060,'2017-08-12 10:48:19','\0',NULL,'\0',''),(14181,5061,'2017-08-12 10:48:20','\0',NULL,'\0',''),(14182,5062,'2017-08-12 10:48:20','\0',NULL,'\0',''),(14183,5063,'2017-08-12 10:48:21','\0',NULL,'\0',''),(14184,5064,'2017-08-12 10:48:21','\0',NULL,'\0',''),(14185,5065,'2017-08-12 10:48:21','\0',NULL,'\0',''),(14186,5066,'2017-08-12 10:48:21','\0',NULL,'\0',''),(14187,5067,'2017-08-12 10:48:22','\0',NULL,'\0',''),(14188,5068,'2017-08-12 10:48:22','\0',NULL,'\0',''),(14189,5069,'2017-08-12 10:48:22','\0',NULL,'\0',''),(14190,5070,'2017-08-12 10:48:22','\0',NULL,'\0',''),(14191,5071,'2017-08-12 10:48:23','\0',NULL,'\0',''),(14192,5072,'2017-08-12 10:48:23','\0',NULL,'\0',''),(14193,5073,'2017-08-12 10:48:23','\0',NULL,'\0',''),(14194,5074,'2017-08-12 10:48:23','\0',NULL,'\0',''),(14195,5075,'2017-08-12 10:48:24','\0',NULL,'\0',''),(14196,5076,'2017-08-12 10:48:24','\0',NULL,'\0',''),(14197,5077,'2017-08-12 10:48:41','\0',NULL,'\0',''),(14198,5078,'2017-08-12 10:48:41','\0',NULL,'\0',''),(14199,5079,'2017-08-12 10:48:42','\0',NULL,'\0',''),(14200,5080,'2017-08-12 10:48:43','\0',NULL,'\0',''),(14201,5081,'2017-08-12 10:48:43','\0',NULL,'\0',''),(14202,5082,'2017-08-12 10:48:43','\0',NULL,'\0',''),(14203,5083,'2017-08-12 10:48:44','\0',NULL,'\0',''),(14204,5084,'2017-08-12 10:48:45','\0',NULL,'\0',''),(14205,5085,'2017-08-12 10:48:45','\0',NULL,'\0',''),(14206,5086,'2017-08-12 10:48:45','\0',NULL,'\0',''),(14207,5087,'2017-08-12 10:48:45','\0',NULL,'\0',''),(14208,5088,'2017-08-12 10:48:45','\0',NULL,'\0',''),(14209,5089,'2017-08-12 10:48:46','\0',NULL,'\0',''),(14210,5090,'2017-08-12 10:48:46','\0',NULL,'\0',''),(14211,5091,'2017-08-12 10:48:46','\0',NULL,'\0',''),(14212,5092,'2017-08-12 10:48:47','\0',NULL,'\0',''),(14213,5093,'2017-08-12 10:48:47','\0',NULL,'\0',''),(14214,5094,'2017-08-12 10:48:48','\0',NULL,'\0',''),(14215,5095,'2017-08-12 10:48:48','\0',NULL,'\0',''),(14216,5096,'2017-08-12 10:48:48','\0',NULL,'\0',''),(14217,5097,'2017-08-12 10:48:49','\0',NULL,'\0',''),(14218,5098,'2017-08-12 10:48:49','\0',NULL,'\0',''),(14219,5099,'2017-08-12 10:48:49','\0',NULL,'\0',''),(14220,5100,'2017-08-12 10:48:50','\0',NULL,'\0',''),(14221,5101,'2017-08-12 10:48:50','\0',NULL,'\0',''),(14222,5102,'2017-08-12 10:48:50','\0',NULL,'\0',''),(14223,5103,'2017-08-12 10:48:51','\0',NULL,'\0',''),(14224,5104,'2017-08-12 10:48:52','\0',NULL,'\0',''),(14225,5105,'2017-08-12 10:48:52','\0',NULL,'\0',''),(14226,5106,'2017-08-12 10:48:52','\0',NULL,'\0',''),(14227,5107,'2017-08-12 10:49:36','\0',NULL,'\0',''),(14228,5108,'2017-08-12 10:49:36','\0',NULL,'\0',''),(14229,5109,'2017-08-12 10:49:37','\0',NULL,'\0',''),(14230,5110,'2017-08-12 10:49:37','\0',NULL,'\0',''),(14231,5111,'2017-08-12 10:49:37','\0',NULL,'\0',''),(14232,5112,'2017-08-12 10:49:37','\0',NULL,'\0',''),(14233,5113,'2017-08-12 10:49:38','\0',NULL,'\0',''),(14234,5114,'2017-08-12 10:49:38','\0',NULL,'\0',''),(14235,5115,'2017-08-12 10:49:38','\0',NULL,'\0',''),(14236,5116,'2017-08-12 10:49:38','\0',NULL,'\0',''),(14237,5117,'2017-08-12 10:49:39','\0',NULL,'\0',''),(14238,5118,'2017-08-12 10:49:39','\0',NULL,'\0',''),(14239,5119,'2017-08-12 10:49:39','\0',NULL,'\0',''),(14240,5120,'2017-08-12 10:49:40','\0',NULL,'\0',''),(14241,5121,'2017-08-12 10:49:40','\0',NULL,'\0',''),(14242,5122,'2017-08-12 10:49:40','\0',NULL,'\0',''),(14243,5123,'2017-08-12 10:49:41','\0',NULL,'\0',''),(14244,5124,'2017-08-12 10:49:41','\0',NULL,'\0',''),(14245,5125,'2017-08-12 10:49:41','\0',NULL,'\0',''),(14246,5126,'2017-08-12 10:49:42','\0',NULL,'\0',''),(14247,5127,'2017-08-12 10:49:43','\0',NULL,'\0',''),(14248,5128,'2017-08-12 10:49:43','\0',NULL,'\0',''),(14249,5129,'2017-08-12 10:49:43','\0',NULL,'\0',''),(14250,5130,'2017-08-12 10:49:43','\0',NULL,'\0',''),(14251,5131,'2017-08-12 10:49:44','\0',NULL,'\0',''),(14252,5132,'2017-08-12 10:49:44','\0',NULL,'\0',''),(14253,5133,'2017-08-12 10:49:44','\0',NULL,'\0',''),(14254,5134,'2017-08-12 10:49:45','\0',NULL,'\0',''),(14255,5135,'2017-08-12 10:49:45','\0',NULL,'\0',''),(14256,5136,'2017-08-12 10:49:45','\0',NULL,'\0',''),(14257,5137,'2017-08-12 10:50:14','\0',NULL,'\0',''),(14258,5138,'2017-08-12 10:50:14','\0',NULL,'\0',''),(14259,5139,'2017-08-12 10:50:14','\0',NULL,'\0',''),(14260,5140,'2017-08-12 10:50:15','\0',NULL,'\0',''),(14261,5141,'2017-08-12 10:50:15','\0',NULL,'\0',''),(14262,5142,'2017-08-12 10:50:15','\0',NULL,'\0',''),(14263,5143,'2017-08-12 10:50:15','\0',NULL,'\0',''),(14264,5144,'2017-08-12 10:50:16','\0',NULL,'\0',''),(14265,5145,'2017-08-12 10:50:16','\0',NULL,'\0',''),(14266,5146,'2017-08-12 10:50:16','\0',NULL,'\0',''),(14267,5147,'2017-08-12 10:50:16','\0',NULL,'\0',''),(14268,5148,'2017-08-12 10:50:17','\0',NULL,'\0',''),(14269,5149,'2017-08-12 10:50:17','\0',NULL,'\0',''),(14270,5150,'2017-08-12 10:50:18','\0',NULL,'\0',''),(14271,5151,'2017-08-12 10:50:18','\0',NULL,'\0',''),(14272,5152,'2017-08-12 10:50:18','\0',NULL,'\0',''),(14273,5153,'2017-08-12 10:50:19','\0',NULL,'\0',''),(14274,5154,'2017-08-12 10:50:19','\0',NULL,'\0',''),(14275,5155,'2017-08-12 10:50:19','\0',NULL,'\0',''),(14276,5156,'2017-08-12 10:50:19','\0',NULL,'\0',''),(14277,5157,'2017-08-12 10:50:20','\0',NULL,'\0',''),(14278,5158,'2017-08-12 10:50:20','\0',NULL,'\0',''),(14279,5159,'2017-08-12 10:50:21','\0',NULL,'\0',''),(14280,5160,'2017-08-12 10:50:22','\0',NULL,'\0',''),(14281,5161,'2017-08-12 10:50:22','\0',NULL,'\0',''),(14282,5162,'2017-08-12 10:50:23','\0',NULL,'\0',''),(14283,5163,'2017-08-12 10:50:23','\0',NULL,'\0',''),(14284,5164,'2017-08-12 10:50:24','\0',NULL,'\0',''),(14285,5165,'2017-08-12 10:50:24','\0',NULL,'\0',''),(14286,5166,'2017-08-12 10:50:25','\0',NULL,'\0',''),(14287,5167,'2017-08-12 10:53:51','\0',NULL,'\0',''),(14288,5168,'2017-08-12 10:53:51','\0',NULL,'\0',''),(14289,5169,'2017-08-12 10:53:52','\0',NULL,'\0',''),(14290,5170,'2017-08-12 10:53:52','\0',NULL,'\0',''),(14291,5171,'2017-08-12 10:53:52','\0',NULL,'\0',''),(14292,5172,'2017-08-12 10:53:52','\0',NULL,'\0',''),(14293,5173,'2017-08-12 10:53:52','\0',NULL,'\0',''),(14294,5174,'2017-08-12 10:53:53','\0',NULL,'\0',''),(14295,5175,'2017-08-12 10:53:53','\0',NULL,'\0',''),(14296,5176,'2017-08-12 10:53:53','\0',NULL,'\0',''),(14297,5177,'2017-08-12 10:53:54','\0',NULL,'\0',''),(14298,5178,'2017-08-12 10:53:54','\0',NULL,'\0',''),(14299,5179,'2017-08-12 10:53:54','\0',NULL,'\0',''),(14300,5180,'2017-08-12 10:53:55','\0',NULL,'\0',''),(14301,5181,'2017-08-12 10:53:55','\0',NULL,'\0',''),(14302,5182,'2017-08-12 10:53:55','\0',NULL,'\0',''),(14303,5183,'2017-08-12 10:53:55','\0',NULL,'\0',''),(14304,5184,'2017-08-12 10:53:56','\0',NULL,'\0',''),(14305,5185,'2017-08-12 10:53:56','\0',NULL,'\0',''),(14306,5186,'2017-08-12 10:53:56','\0',NULL,'\0',''),(14307,5187,'2017-08-12 10:53:56','\0',NULL,'\0',''),(14308,5188,'2017-08-12 10:53:57','\0',NULL,'\0',''),(14309,5189,'2017-08-12 10:53:57','\0',NULL,'\0',''),(14310,5190,'2017-08-12 10:53:57','\0',NULL,'\0',''),(14311,5191,'2017-08-12 10:53:57','\0',NULL,'\0',''),(14312,5192,'2017-08-12 10:53:58','\0',NULL,'\0',''),(14313,5193,'2017-08-12 10:53:58','\0',NULL,'\0',''),(14314,5194,'2017-08-12 10:53:58','\0',NULL,'\0',''),(14315,5195,'2017-08-12 10:53:59','\0',NULL,'\0',''),(14316,5196,'2017-08-12 10:54:00','\0',NULL,'\0',''),(14317,5197,'2016-08-12 11:08:59','\0',NULL,'\0',''),(14318,5198,'2016-08-12 11:09:00','\0',NULL,'\0',''),(14319,5199,'2016-08-12 11:09:00','\0',NULL,'\0',''),(14320,5200,'2016-08-12 11:09:00','\0',NULL,'\0',''),(14321,5201,'2016-08-12 11:09:01','\0',NULL,'\0',''),(14322,5202,'2016-08-12 11:09:01','\0',NULL,'\0',''),(14323,5203,'2016-08-12 11:09:01','\0',NULL,'\0',''),(14324,5204,'2016-08-12 11:09:01','\0',NULL,'\0',''),(14325,5205,'2016-08-12 11:09:02','\0',NULL,'\0',''),(14326,5206,'2016-08-12 11:09:02','\0',NULL,'\0',''),(14327,5207,'2016-08-12 11:09:02','\0',NULL,'\0',''),(14328,5208,'2016-08-12 11:09:02','\0',NULL,'\0',''),(14329,5209,'2016-08-12 11:09:02','\0',NULL,'\0',''),(14330,5210,'2016-08-12 11:09:02','\0',NULL,'\0',''),(14331,5211,'2016-08-12 11:09:03','\0',NULL,'\0',''),(14332,5212,'2016-08-12 11:09:03','\0',NULL,'\0',''),(14333,5213,'2016-08-12 11:09:03','\0',NULL,'\0',''),(14334,5214,'2016-08-12 11:09:03','\0',NULL,'\0',''),(14335,5215,'2016-08-12 11:09:04','\0',NULL,'\0',''),(14336,5216,'2016-08-12 11:09:04','\0',NULL,'\0',''),(14337,5217,'2016-08-12 11:09:04','\0',NULL,'\0',''),(14338,5218,'2016-08-12 11:09:05','\0',NULL,'\0',''),(14339,5219,'2016-08-12 11:09:05','\0',NULL,'\0',''),(14340,5220,'2016-08-12 11:09:05','\0',NULL,'\0',''),(14341,5221,'2016-08-12 11:09:05','\0',NULL,'\0',''),(14342,5222,'2016-08-12 11:09:06','\0',NULL,'\0',''),(14343,5223,'2016-08-12 11:09:06','\0',NULL,'\0',''),(14344,5224,'2016-08-12 11:09:07','\0',NULL,'\0',''),(14345,5225,'2016-08-12 11:09:07','\0',NULL,'\0',''),(14346,5226,'2016-08-12 11:09:07','\0',NULL,'\0',''),(14347,5227,'2016-08-12 11:09:41','\0',NULL,'\0',''),(14348,5228,'2016-08-12 11:09:41','\0',NULL,'\0',''),(14349,5229,'2016-08-12 11:09:42','\0',NULL,'\0',''),(14350,5230,'2016-08-12 11:09:42','\0',NULL,'\0',''),(14351,5231,'2016-08-12 11:09:42','\0',NULL,'\0',''),(14352,5232,'2016-08-12 11:09:42','\0',NULL,'\0',''),(14353,5233,'2016-08-12 11:09:43','\0',NULL,'\0',''),(14354,5234,'2016-08-12 11:09:43','\0',NULL,'\0',''),(14355,5235,'2016-08-12 11:09:43','\0',NULL,'\0',''),(14356,5236,'2016-08-12 11:09:43','\0',NULL,'\0',''),(14357,5237,'2016-08-12 11:09:43','\0',NULL,'\0',''),(14358,5238,'2016-08-12 11:09:43','\0',NULL,'\0',''),(14359,5239,'2016-08-12 11:09:44','\0',NULL,'\0',''),(14360,5240,'2016-08-12 11:09:45','\0',NULL,'\0',''),(14361,5241,'2016-08-12 11:09:45','\0',NULL,'\0',''),(14362,5242,'2016-08-12 11:09:45','\0',NULL,'\0',''),(14363,5243,'2016-08-12 11:09:45','\0',NULL,'\0',''),(14364,5244,'2016-08-12 11:09:45','\0',NULL,'\0',''),(14365,5245,'2016-08-12 11:09:46','\0',NULL,'\0',''),(14366,5246,'2016-08-12 11:09:46','\0',NULL,'\0',''),(14367,5247,'2016-08-12 11:09:46','\0',NULL,'\0',''),(14368,5248,'2016-08-12 11:09:47','\0',NULL,'\0',''),(14369,5249,'2016-08-12 11:09:48','\0',NULL,'\0',''),(14370,5250,'2016-08-12 11:09:48','\0',NULL,'\0',''),(14371,5251,'2016-08-12 11:09:48','\0',NULL,'\0',''),(14372,5252,'2016-08-12 11:09:49','\0',NULL,'\0',''),(14373,5253,'2016-08-12 11:09:49','\0',NULL,'\0',''),(14374,5254,'2016-08-12 11:09:49','\0',NULL,'\0',''),(14375,5255,'2016-08-12 11:09:49','\0',NULL,'\0',''),(14376,5256,'2016-08-12 11:09:50','\0',NULL,'\0',''),(14377,5257,'2016-08-12 11:10:26','\0',NULL,'\0',''),(14378,5258,'2016-08-12 11:10:26','\0',NULL,'\0',''),(14379,5259,'2016-08-12 11:10:26','\0',NULL,'\0',''),(14380,5260,'2016-08-12 11:10:27','\0',NULL,'\0',''),(14381,5261,'2016-08-12 11:10:27','\0',NULL,'\0',''),(14382,5262,'2016-08-12 11:10:27','\0',NULL,'\0',''),(14383,5263,'2016-08-12 11:10:27','\0',NULL,'\0',''),(14384,5264,'2016-08-12 11:10:28','\0',NULL,'\0',''),(14385,5265,'2016-08-12 11:10:28','\0',NULL,'\0',''),(14386,5266,'2016-08-12 11:10:28','\0',NULL,'\0',''),(14387,5267,'2016-08-12 11:10:28','\0',NULL,'\0',''),(14388,5268,'2016-08-12 11:10:29','\0',NULL,'\0',''),(14389,5269,'2016-08-12 11:10:29','\0',NULL,'\0',''),(14390,5270,'2016-08-12 11:10:29','\0',NULL,'\0',''),(14391,5271,'2016-08-12 11:10:30','\0',NULL,'\0',''),(14392,5272,'2016-08-12 11:10:31','\0',NULL,'\0',''),(14393,5273,'2016-08-12 11:10:31','\0',NULL,'\0',''),(14394,5274,'2016-08-12 11:10:31','\0',NULL,'\0',''),(14395,5275,'2016-08-12 11:10:31','\0',NULL,'\0',''),(14396,5276,'2016-08-12 11:10:32','\0',NULL,'\0',''),(14397,5277,'2016-08-12 11:10:32','\0',NULL,'\0',''),(14398,5278,'2016-08-12 11:10:33','\0',NULL,'\0',''),(14399,5279,'2016-08-12 11:10:33','\0',NULL,'\0',''),(14400,5280,'2016-08-12 11:10:33','\0',NULL,'\0',''),(14401,5281,'2016-08-12 11:10:34','\0',NULL,'\0',''),(14402,5282,'2016-08-12 11:10:34','\0',NULL,'\0',''),(14403,5283,'2016-08-12 11:10:34','\0',NULL,'\0',''),(14404,5284,'2016-08-12 11:10:34','\0',NULL,'\0',''),(14405,5285,'2016-08-12 11:10:34','\0',NULL,'\0',''),(14406,5286,'2016-08-12 11:10:35','\0',NULL,'\0',''),(14407,5287,'2016-08-12 11:16:45','\0',NULL,'\0',''),(14408,5288,'2016-08-12 11:16:46','\0',NULL,'\0',''),(14409,5289,'2016-08-12 11:16:46','\0',NULL,'\0',''),(14410,5290,'2016-08-12 11:16:46','\0',NULL,'\0',''),(14411,5291,'2016-08-12 11:16:46','\0',NULL,'\0',''),(14412,5292,'2016-08-12 11:16:46','\0',NULL,'\0',''),(14413,5293,'2016-08-12 11:16:47','\0',NULL,'\0',''),(14414,5294,'2016-08-12 11:16:47','\0',NULL,'\0',''),(14415,5295,'2016-08-12 11:16:48','\0',NULL,'\0',''),(14416,5296,'2016-08-12 11:16:48','\0',NULL,'\0',''),(14417,5297,'2016-08-12 11:16:49','\0',NULL,'\0',''),(14418,5298,'2016-08-12 11:16:49','\0',NULL,'\0',''),(14419,5299,'2016-08-12 11:16:49','\0',NULL,'\0',''),(14420,5300,'2016-08-12 11:16:49','\0',NULL,'\0',''),(14421,5301,'2016-08-12 11:16:50','\0',NULL,'\0',''),(14422,5302,'2016-08-12 11:16:50','\0',NULL,'\0',''),(14423,5303,'2016-08-12 11:16:50','\0',NULL,'\0',''),(14424,5304,'2016-08-12 11:16:50','\0',NULL,'\0',''),(14425,5305,'2016-08-12 11:16:50','\0',NULL,'\0',''),(14426,5306,'2016-08-12 11:16:50','\0',NULL,'\0',''),(14427,5307,'2016-08-12 11:16:51','\0',NULL,'\0',''),(14428,5308,'2016-08-12 11:16:51','\0',NULL,'\0',''),(14429,5309,'2016-08-12 11:16:51','\0',NULL,'',''),(14430,5310,'2016-08-12 11:16:51','\0',NULL,'\0',''),(14431,5311,'2016-08-12 11:16:52','\0',NULL,'\0',''),(14432,5312,'2016-08-12 11:16:52','\0',NULL,'\0',''),(14433,5313,'2016-08-12 11:16:53','\0',NULL,'\0',''),(14434,5314,'2016-08-12 11:16:53','\0',NULL,'\0',''),(14435,5315,'2016-08-12 11:16:53','\0',NULL,'\0',''),(14436,5316,'2016-08-12 11:16:53','\0',NULL,'\0',''),(14437,5317,'2016-08-12 11:17:53','\0',NULL,'\0',''),(14438,5318,'2016-08-12 11:17:53','\0',NULL,'\0',''),(14439,5319,'2016-08-12 11:17:54','\0',NULL,'\0',''),(14440,5320,'2016-08-12 11:17:54','\0',NULL,'\0',''),(14441,5321,'2016-08-12 11:17:54','\0',NULL,'\0',''),(14442,5322,'2016-08-12 11:17:54','\0',NULL,'\0',''),(14443,5323,'2016-08-12 11:17:55','\0',NULL,'\0',''),(14444,5324,'2016-08-12 11:17:55','\0',NULL,'\0',''),(14445,5325,'2016-08-12 11:17:55','\0',NULL,'\0',''),(14446,5326,'2016-08-12 11:17:55','\0',NULL,'\0',''),(14447,5327,'2016-08-12 11:17:55','\0',NULL,'\0',''),(14448,5328,'2016-08-12 11:17:56','\0',NULL,'\0',''),(14449,5329,'2016-08-12 11:17:56','\0',NULL,'\0',''),(14450,5330,'2016-08-12 11:17:56','\0',NULL,'\0',''),(14451,5331,'2016-08-12 11:17:56','\0',NULL,'\0',''),(14452,5332,'2016-08-12 11:17:57','\0',NULL,'\0',''),(14453,5333,'2016-08-12 11:17:57','\0',NULL,'\0',''),(14454,5334,'2016-08-12 11:17:57','\0',NULL,'\0',''),(14455,5335,'2016-08-12 11:17:57','\0',NULL,'\0',''),(14456,5336,'2016-08-12 11:17:57','\0',NULL,'\0',''),(14457,5337,'2016-08-12 11:17:57','\0',NULL,'\0',''),(14458,5338,'2016-08-12 11:17:58','\0',NULL,'\0',''),(14459,5339,'2016-08-12 11:17:58','\0',NULL,'\0',''),(14460,5340,'2016-08-12 11:17:58','\0',NULL,'\0',''),(14461,5341,'2016-08-12 11:17:58','\0',NULL,'\0',''),(14462,5342,'2016-08-12 11:17:59','\0',NULL,'\0',''),(14463,5343,'2016-08-12 11:17:59','\0',NULL,'\0',''),(14464,5344,'2016-08-12 11:18:00','\0',NULL,'\0',''),(14465,5345,'2016-08-12 11:18:00','\0',NULL,'\0',''),(14466,5346,'2016-08-12 11:18:00','\0',NULL,'\0',''),(14467,5347,'2016-08-12 11:18:13','\0',NULL,'\0',''),(14468,5348,'2016-08-12 11:18:14','\0',NULL,'\0',''),(14469,5349,'2016-08-12 11:18:14','\0',NULL,'\0',''),(14470,5350,'2016-08-12 11:18:14','\0',NULL,'\0',''),(14471,5351,'2016-08-12 11:18:14','\0',NULL,'\0',''),(14472,5352,'2016-08-12 11:18:15','\0',NULL,'\0',''),(14473,5353,'2016-08-12 11:18:15','\0',NULL,'\0',''),(14474,5354,'2016-08-12 11:18:15','\0',NULL,'\0',''),(14475,5355,'2016-08-12 11:18:15','\0',NULL,'\0',''),(14476,5356,'2016-08-12 11:18:15','\0',NULL,'\0',''),(14477,5357,'2016-08-12 11:18:16','\0',NULL,'\0',''),(14478,5358,'2016-08-12 11:18:16','\0',NULL,'\0',''),(14479,5359,'2016-08-12 11:18:16','\0',NULL,'\0',''),(14480,5360,'2016-08-12 11:18:16','\0',NULL,'\0',''),(14481,5361,'2016-08-12 11:18:17','\0',NULL,'\0',''),(14482,5362,'2016-08-12 11:18:17','\0',NULL,'\0',''),(14483,5363,'2016-08-12 11:18:17','\0',NULL,'\0',''),(14484,5364,'2016-08-12 11:18:18','\0',NULL,'\0',''),(14485,5365,'2016-08-12 11:18:18','\0',NULL,'\0',''),(14486,5366,'2016-08-12 11:18:18','\0',NULL,'\0',''),(14487,5367,'2016-08-12 11:18:18','\0',NULL,'\0',''),(14488,5368,'2016-08-12 11:18:19','\0',NULL,'\0',''),(14489,5369,'2016-08-12 11:18:19','\0',NULL,'\0',''),(14490,5370,'2016-08-12 11:18:19','\0',NULL,'\0',''),(14491,5371,'2016-08-12 11:18:19','\0',NULL,'\0',''),(14492,5372,'2016-08-12 11:18:19','\0',NULL,'\0',''),(14493,5373,'2016-08-12 11:18:19','\0',NULL,'\0',''),(14494,5374,'2016-08-12 11:18:20','\0',NULL,'\0',''),(14495,5375,'2016-08-12 11:18:20','\0',NULL,'\0',''),(14496,5376,'2016-08-12 11:18:20','\0',NULL,'\0',''),(14497,5377,'2016-08-12 11:18:38','\0',NULL,'\0',''),(14498,5378,'2016-08-12 11:18:39','\0',NULL,'\0',''),(14499,5379,'2016-08-12 11:18:39','\0',NULL,'\0',''),(14500,5380,'2016-08-12 11:18:39','\0',NULL,'\0',''),(14501,5381,'2016-08-12 11:18:39','\0',NULL,'\0',''),(14502,5382,'2016-08-12 11:18:39','\0',NULL,'\0',''),(14503,5383,'2016-08-12 11:18:40','\0',NULL,'\0',''),(14504,5384,'2016-08-12 11:18:40','\0',NULL,'\0',''),(14505,5385,'2016-08-12 11:18:40','\0',NULL,'\0',''),(14506,5386,'2016-08-12 11:18:40','\0',NULL,'\0',''),(14507,5387,'2016-08-12 11:18:41','\0',NULL,'\0',''),(14508,5388,'2016-08-12 11:18:41','\0',NULL,'\0',''),(14509,5389,'2016-08-12 11:18:42','\0',NULL,'\0',''),(14510,5390,'2016-08-12 11:18:43','\0',NULL,'\0',''),(14511,5391,'2016-08-12 11:18:43','\0',NULL,'\0',''),(14512,5392,'2016-08-12 11:18:43','\0',NULL,'\0',''),(14513,5393,'2016-08-12 11:18:43','\0',NULL,'\0',''),(14514,5394,'2016-08-12 11:18:44','\0',NULL,'\0',''),(14515,5395,'2016-08-12 11:18:44','\0',NULL,'\0',''),(14516,5396,'2016-08-12 11:18:44','\0',NULL,'\0',''),(14517,5397,'2016-08-12 11:18:44','\0',NULL,'\0',''),(14518,5398,'2016-08-12 11:18:44','\0',NULL,'\0',''),(14519,5399,'2016-08-12 11:18:44','\0',NULL,'\0',''),(14520,5400,'2016-08-12 11:18:45','\0',NULL,'\0',''),(14521,5401,'2016-08-12 11:18:45','\0',NULL,'\0',''),(14522,5402,'2016-08-12 11:18:45','\0',NULL,'\0',''),(14523,5403,'2016-08-12 11:18:45','\0',NULL,'\0',''),(14524,5404,'2016-08-12 11:18:46','\0',NULL,'\0',''),(14525,5405,'2016-08-12 11:18:46','\0',NULL,'\0',''),(14526,5406,'2016-08-12 11:18:46','\0',NULL,'\0',''),(14527,5407,'2016-08-12 11:19:01','\0',NULL,'\0',''),(14528,5408,'2016-08-12 11:19:02','\0',NULL,'\0',''),(14529,5409,'2016-08-12 11:19:02','\0',NULL,'\0',''),(14530,5410,'2016-08-12 11:19:02','\0',NULL,'\0',''),(14531,5411,'2016-08-12 11:19:02','\0',NULL,'\0',''),(14532,5412,'2016-08-12 11:19:03','\0',NULL,'\0',''),(14533,5413,'2016-08-12 11:19:03','\0',NULL,'\0',''),(14534,5414,'2016-08-12 11:19:03','\0',NULL,'\0',''),(14535,5415,'2016-08-12 11:19:03','\0',NULL,'\0',''),(14536,5416,'2016-08-12 11:19:04','\0',NULL,'\0',''),(14537,5417,'2016-08-12 11:19:04','\0',NULL,'\0',''),(14538,5418,'2016-08-12 11:19:04','\0',NULL,'\0',''),(14539,5419,'2016-08-12 11:19:04','\0',NULL,'\0',''),(14540,5420,'2016-08-12 11:19:05','\0',NULL,'\0',''),(14541,5421,'2016-08-12 11:19:05','\0',NULL,'\0',''),(14542,5422,'2016-08-12 11:19:06','\0',NULL,'\0',''),(14543,5423,'2016-08-12 11:19:06','\0',NULL,'\0',''),(14544,5424,'2016-08-12 11:19:07','\0',NULL,'\0',''),(14545,5425,'2016-08-12 11:19:07','\0',NULL,'\0',''),(14546,5426,'2016-08-12 11:19:07','\0',NULL,'\0',''),(14547,5427,'2016-08-12 11:19:07','\0',NULL,'\0',''),(14548,5428,'2016-08-12 11:19:07','\0',NULL,'\0',''),(14549,5429,'2016-08-12 11:19:08','\0',NULL,'\0',''),(14550,5430,'2016-08-12 11:19:08','\0',NULL,'\0',''),(14551,5431,'2016-08-12 11:19:08','\0',NULL,'\0',''),(14552,5432,'2016-08-12 11:19:08','\0',NULL,'\0',''),(14553,5433,'2016-08-12 11:19:08','\0',NULL,'\0',''),(14554,5434,'2016-08-12 11:19:09','\0',NULL,'\0',''),(14555,5435,'2016-08-12 11:19:09','\0',NULL,'\0',''),(14556,5436,'2016-08-12 11:19:09','\0',NULL,'\0',''),(14557,5437,'2016-08-12 11:20:18','\0',NULL,'\0',''),(14558,5438,'2016-08-12 11:20:18','\0',NULL,'\0',''),(14559,5439,'2016-08-12 11:20:19','\0',NULL,'\0',''),(14560,5440,'2016-08-12 11:20:19','\0',NULL,'\0',''),(14561,5441,'2016-08-12 11:20:19','\0',NULL,'\0',''),(14562,5442,'2016-08-12 11:20:19','\0',NULL,'\0',''),(14563,5443,'2016-08-12 11:20:20','\0',NULL,'\0',''),(14564,5444,'2016-08-12 11:20:20','\0',NULL,'\0',''),(14565,5445,'2016-08-12 11:20:20','\0',NULL,'\0',''),(14566,5446,'2016-08-12 11:20:21','\0',NULL,'\0',''),(14567,5447,'2016-08-12 11:20:21','\0',NULL,'\0',''),(14568,5448,'2016-08-12 11:20:22','\0',NULL,'\0',''),(14569,5449,'2016-08-12 11:20:22','\0',NULL,'\0',''),(14570,5450,'2016-08-12 11:20:22','\0',NULL,'\0',''),(14571,5451,'2016-08-12 11:20:22','\0',NULL,'\0',''),(14572,5452,'2016-08-12 11:20:23','\0',NULL,'\0',''),(14573,5453,'2016-08-12 11:20:23','\0',NULL,'\0',''),(14574,5454,'2016-08-12 11:20:23','\0',NULL,'\0',''),(14575,5455,'2016-08-12 11:20:23','\0',NULL,'\0',''),(14576,5456,'2016-08-12 11:20:24','\0',NULL,'\0',''),(14577,5457,'2016-08-12 11:20:24','\0',NULL,'\0',''),(14578,5458,'2016-08-12 11:20:24','\0',NULL,'\0',''),(14579,5459,'2016-08-12 11:20:24','\0',NULL,'\0',''),(14580,5460,'2016-08-12 11:20:24','\0',NULL,'\0',''),(14581,5461,'2016-08-12 11:20:24','\0',NULL,'\0',''),(14582,5462,'2016-08-12 11:20:25','\0',NULL,'\0',''),(14583,5463,'2016-08-12 11:20:25','\0',NULL,'\0',''),(14584,5464,'2016-08-12 11:20:25','\0',NULL,'\0',''),(14585,5465,'2016-08-12 11:20:25','\0',NULL,'\0',''),(14586,5466,'2016-08-12 11:20:26','\0',NULL,'\0',''),(14587,5467,'2016-08-12 11:20:42','\0',NULL,'\0',''),(14588,5468,'2016-08-12 11:20:43','\0',NULL,'\0',''),(14589,5469,'2016-08-12 11:20:43','\0',NULL,'\0',''),(14590,5470,'2016-08-12 11:20:43','\0',NULL,'\0',''),(14591,5471,'2016-08-12 11:20:43','\0',NULL,'\0',''),(14592,5472,'2016-08-12 11:20:43','\0',NULL,'\0',''),(14593,5473,'2016-08-12 11:20:44','\0',NULL,'\0',''),(14594,5474,'2016-08-12 11:20:44','\0',NULL,'\0',''),(14595,5475,'2016-08-12 11:20:44','\0',NULL,'\0',''),(14596,5476,'2016-08-12 11:20:44','\0',NULL,'\0',''),(14597,5477,'2016-08-12 11:20:45','\0',NULL,'\0',''),(14598,5478,'2016-08-12 11:20:45','\0',NULL,'\0',''),(14599,5479,'2016-08-12 11:20:45','\0',NULL,'\0',''),(14600,5480,'2016-08-12 11:20:46','\0',NULL,'\0',''),(14601,5481,'2016-08-12 11:20:46','\0',NULL,'\0',''),(14602,5482,'2016-08-12 11:20:46','\0',NULL,'\0',''),(14603,5483,'2016-08-12 11:20:46','\0',NULL,'\0',''),(14604,5484,'2016-08-12 11:20:46','\0',NULL,'\0',''),(14605,5485,'2016-08-12 11:20:47','\0',NULL,'\0',''),(14606,5486,'2016-08-12 11:20:47','\0',NULL,'\0',''),(14607,5487,'2016-08-12 11:20:47','\0',NULL,'\0',''),(14608,5488,'2016-08-12 11:20:47','\0',NULL,'\0',''),(14609,5489,'2016-08-12 11:20:47','\0',NULL,'\0',''),(14610,5490,'2016-08-12 11:20:48','\0',NULL,'\0',''),(14611,5491,'2016-08-12 11:20:48','\0',NULL,'\0',''),(14612,5492,'2016-08-12 11:20:48','\0',NULL,'\0',''),(14613,5493,'2016-08-12 11:20:48','\0',NULL,'\0',''),(14614,5494,'2016-08-12 11:20:49','\0',NULL,'\0',''),(14615,5495,'2016-08-12 11:20:49','\0',NULL,'\0',''),(14616,5496,'2016-08-12 11:20:49','\0',NULL,'\0',''),(14617,5497,'2016-08-12 11:21:05','\0',NULL,'\0',''),(14618,5498,'2016-08-12 11:21:05','\0',NULL,'\0',''),(14619,5499,'2016-08-12 11:21:05','\0',NULL,'\0',''),(14620,5500,'2016-08-12 11:21:06','\0',NULL,'\0',''),(14621,5501,'2016-08-12 11:21:06','\0',NULL,'\0',''),(14622,5502,'2016-08-12 11:21:06','\0',NULL,'\0',''),(14623,5503,'2016-08-12 11:21:06','\0',NULL,'\0',''),(14624,5504,'2016-08-12 11:21:06','\0',NULL,'\0',''),(14625,5505,'2016-08-12 11:21:06','\0',NULL,'\0',''),(14626,5506,'2016-08-12 11:21:07','\0',NULL,'\0',''),(14627,5507,'2016-08-12 11:21:07','\0',NULL,'\0',''),(14628,5508,'2016-08-12 11:21:07','\0',NULL,'\0',''),(14629,5509,'2016-08-12 11:21:08','\0',NULL,'\0',''),(14630,5510,'2016-08-12 11:21:08','\0',NULL,'\0',''),(14631,5511,'2016-08-12 11:21:08','\0',NULL,'\0',''),(14632,5512,'2016-08-12 11:21:10','\0',NULL,'\0',''),(14633,5513,'2016-08-12 11:21:10','\0',NULL,'\0',''),(14634,5514,'2016-08-12 11:21:10','\0',NULL,'\0',''),(14635,5515,'2016-08-12 11:21:11','\0',NULL,'\0',''),(14636,5516,'2016-08-12 11:21:11','\0',NULL,'\0',''),(14637,5517,'2016-08-12 11:21:11','\0',NULL,'\0',''),(14638,5518,'2016-08-12 11:21:12','\0',NULL,'\0',''),(14639,5519,'2016-08-12 11:21:12','\0',NULL,'\0',''),(14640,5520,'2016-08-12 11:21:12','\0',NULL,'\0',''),(14641,5521,'2016-08-12 11:21:12','\0',NULL,'\0',''),(14642,5522,'2016-08-12 11:21:13','\0',NULL,'\0',''),(14643,5523,'2016-08-12 11:21:13','\0',NULL,'\0',''),(14644,5524,'2016-08-12 11:21:13','\0',NULL,'\0',''),(14645,5525,'2016-08-12 11:21:13','\0',NULL,'\0',''),(14646,5526,'2016-08-12 11:21:14','\0',NULL,'\0',''),(14647,5527,'2016-08-12 11:21:57','\0',NULL,'\0',''),(14648,5528,'2016-08-12 11:21:57','\0',NULL,'\0',''),(14649,5529,'2016-08-12 11:21:57','\0',NULL,'\0',''),(14650,5530,'2016-08-12 11:21:57','\0',NULL,'\0',''),(14651,5531,'2016-08-12 11:21:58','\0',NULL,'\0',''),(14652,5532,'2016-08-12 11:21:58','\0',NULL,'\0',''),(14653,5533,'2016-08-12 11:21:58','\0',NULL,'\0',''),(14654,5534,'2016-08-12 11:21:59','\0',NULL,'\0',''),(14655,5535,'2016-08-12 11:21:59','\0',NULL,'\0',''),(14656,5536,'2016-08-12 11:21:59','\0',NULL,'\0',''),(14657,5537,'2016-08-12 11:22:00','\0',NULL,'\0',''),(14658,5538,'2016-08-12 11:22:00','\0',NULL,'\0',''),(14659,5539,'2016-08-12 11:22:01','\0',NULL,'\0',''),(14660,5540,'2016-08-12 11:22:01','\0',NULL,'\0',''),(14661,5541,'2016-08-12 11:22:01','\0',NULL,'\0',''),(14662,5542,'2016-08-12 11:22:02','\0',NULL,'\0',''),(14663,5543,'2016-08-12 11:22:02','\0',NULL,'\0',''),(14664,5544,'2016-08-12 11:22:02','\0',NULL,'\0',''),(14665,5545,'2016-08-12 11:22:02','\0',NULL,'\0',''),(14666,5546,'2016-08-12 11:22:03','\0',NULL,'\0',''),(14667,5547,'2016-08-12 11:22:03','\0',NULL,'\0',''),(14668,5548,'2016-08-12 11:22:03','\0',NULL,'\0',''),(14669,5549,'2016-08-12 11:22:04','\0',NULL,'\0',''),(14670,5550,'2016-08-12 11:22:04','\0',NULL,'\0',''),(14671,5551,'2016-08-12 11:22:04','\0',NULL,'\0',''),(14672,5552,'2016-08-12 11:22:05','\0',NULL,'\0',''),(14673,5553,'2016-08-12 11:22:05','\0',NULL,'\0',''),(14674,5554,'2016-08-12 11:22:05','\0',NULL,'\0',''),(14675,5555,'2016-08-12 11:22:06','\0',NULL,'\0',''),(14676,5556,'2016-08-12 11:22:06','\0',NULL,'\0',''),(14677,5557,'2018-08-12 11:24:54','\0',NULL,'\0',''),(14678,5558,'2018-08-12 11:24:54','\0',NULL,'\0',''),(14679,5559,'2018-08-12 11:24:55','\0',NULL,'\0',''),(14680,5560,'2018-08-12 11:24:55','\0',NULL,'\0',''),(14681,5561,'2018-08-12 11:24:55','\0',NULL,'\0',''),(14682,5562,'2018-08-12 11:24:56','\0',NULL,'\0',''),(14683,5563,'2018-08-12 11:24:56','\0',NULL,'\0',''),(14684,5564,'2018-08-12 11:24:57','\0',NULL,'\0',''),(14685,5565,'2018-08-12 11:24:58','\0',NULL,'\0',''),(14686,5566,'2018-08-12 11:24:58','\0',NULL,'\0',''),(14687,5567,'2018-08-12 11:24:58','\0',NULL,'\0',''),(14688,5568,'2018-08-12 11:24:59','\0',NULL,'\0',''),(14689,5569,'2018-08-12 11:24:59','\0',NULL,'\0',''),(14690,5570,'2018-08-12 11:24:59','\0',NULL,'\0',''),(14691,5571,'2018-08-12 11:25:00','\0',NULL,'\0',''),(14692,5572,'2018-08-12 11:25:00','\0',NULL,'\0',''),(14693,5573,'2018-08-12 11:25:01','\0',NULL,'\0',''),(14694,5574,'2018-08-12 11:25:01','\0',NULL,'\0',''),(14695,5575,'2018-08-12 11:25:02','\0',NULL,'\0',''),(14696,5576,'2018-08-12 11:25:03','\0',NULL,'\0',''),(14697,5577,'2018-08-12 11:25:04','\0',NULL,'\0',''),(14698,5578,'2018-08-12 11:25:04','\0',NULL,'\0',''),(14699,5579,'2018-08-12 11:25:05','\0',NULL,'\0',''),(14700,5580,'2018-08-12 11:25:05','\0',NULL,'\0',''),(14701,5581,'2018-08-12 11:25:06','\0',NULL,'\0',''),(14702,5582,'2018-08-12 11:25:06','\0',NULL,'\0',''),(14703,5583,'2018-08-12 11:25:06','\0',NULL,'\0',''),(14704,5584,'2018-08-12 11:25:07','\0',NULL,'\0',''),(14705,5585,'2018-08-12 11:25:07','\0',NULL,'\0',''),(14706,5586,'2018-08-12 11:25:07','\0',NULL,'\0',''),(14707,5587,'2018-08-12 11:33:29','\0',NULL,'\0',''),(14708,5588,'2018-08-12 11:33:29','\0',NULL,'\0',''),(14709,5589,'2018-08-12 11:33:29','\0',NULL,'\0',''),(14710,5590,'2018-08-12 11:33:30','\0',NULL,'\0',''),(14711,5591,'2018-08-12 11:33:30','\0',NULL,'\0',''),(14712,5592,'2018-08-12 11:33:30','\0',NULL,'\0',''),(14713,5593,'2018-08-12 11:33:30','\0',NULL,'\0',''),(14714,5594,'2018-08-12 11:33:31','\0',NULL,'\0',''),(14715,5595,'2018-08-12 11:33:31','\0',NULL,'\0',''),(14716,5596,'2018-08-12 11:33:31','\0',NULL,'\0',''),(14717,5597,'2018-08-12 11:33:32','\0',NULL,'\0',''),(14718,5598,'2018-08-12 11:33:32','\0',NULL,'\0',''),(14719,5599,'2018-08-12 11:33:32','\0',NULL,'\0',''),(14720,5600,'2018-08-12 11:33:33','\0',NULL,'\0',''),(14721,5601,'2018-08-12 11:33:33','\0',NULL,'\0',''),(14722,5602,'2018-08-12 11:33:33','\0',NULL,'\0',''),(14723,5603,'2018-08-12 11:33:34','\0',NULL,'\0',''),(14724,5604,'2018-08-12 11:33:34','\0',NULL,'\0',''),(14725,5605,'2018-08-12 11:33:34','\0',NULL,'\0',''),(14726,5606,'2018-08-12 11:33:34','\0',NULL,'\0',''),(14727,5607,'2018-08-12 11:33:35','\0',NULL,'\0',''),(14728,5608,'2018-08-12 11:33:35','\0',NULL,'\0',''),(14729,5609,'2018-08-12 11:33:35','\0',NULL,'\0',''),(14730,5610,'2018-08-12 11:33:36','\0',NULL,'\0',''),(14731,5611,'2018-08-12 11:33:36','\0',NULL,'\0',''),(14732,5612,'2018-08-12 11:33:37','\0',NULL,'\0',''),(14733,5613,'2018-08-12 11:33:37','\0',NULL,'\0',''),(14734,5614,'2018-08-12 11:33:37','\0',NULL,'\0',''),(14735,5615,'2018-08-12 11:33:37','\0',NULL,'\0',''),(14736,5616,'2018-08-12 11:33:38','\0',NULL,'\0',''),(14737,5617,'2018-08-12 11:46:09','\0',NULL,'\0',''),(14738,5618,'2018-08-12 11:46:10','\0',NULL,'\0',''),(14739,5619,'2018-08-12 11:46:10','\0',NULL,'\0',''),(14740,5620,'2018-08-12 11:46:10','\0',NULL,'\0',''),(14741,5621,'2018-08-12 11:46:10','\0',NULL,'\0',''),(14742,5622,'2018-08-12 11:46:10','\0',NULL,'\0',''),(14743,5623,'2018-08-12 11:46:11','\0',NULL,'\0',''),(14744,5624,'2018-08-12 11:46:11','\0',NULL,'\0',''),(14745,5625,'2018-08-12 11:46:11','\0',NULL,'\0',''),(14746,5626,'2018-08-12 11:46:11','\0',NULL,'\0',''),(14747,5627,'2018-08-12 11:46:12','\0',NULL,'\0',''),(14748,5628,'2018-08-12 11:46:12','\0',NULL,'\0',''),(14749,5629,'2018-08-12 11:46:12','\0',NULL,'\0',''),(14750,5630,'2018-08-12 11:46:12','\0',NULL,'\0',''),(14751,5631,'2018-08-12 11:46:13','\0',NULL,'\0',''),(14752,5632,'2018-08-12 11:46:13','\0',NULL,'\0',''),(14753,5633,'2018-08-12 11:46:13','\0',NULL,'\0',''),(14754,5634,'2018-08-12 11:46:13','\0',NULL,'\0',''),(14755,5635,'2018-08-12 11:46:15','\0',NULL,'\0',''),(14756,5636,'2018-08-12 11:46:15','\0',NULL,'\0',''),(14757,5637,'2018-08-12 11:46:16','\0',NULL,'\0',''),(14758,5638,'2018-08-12 11:46:16','\0',NULL,'\0',''),(14759,5639,'2018-08-12 11:46:16','\0',NULL,'\0',''),(14760,5640,'2018-08-12 11:46:16','\0',NULL,'\0',''),(14761,5641,'2018-08-12 11:46:17','\0',NULL,'\0',''),(14762,5642,'2018-08-12 11:46:17','\0',NULL,'\0',''),(14763,5643,'2018-08-12 11:46:17','\0',NULL,'\0',''),(14764,5644,'2018-08-12 11:46:17','\0',NULL,'\0',''),(14765,5645,'2018-08-12 11:46:18','\0',NULL,'\0',''),(14766,5646,'2018-08-12 11:46:18','\0',NULL,'\0',''),(14767,5647,'2018-08-12 11:46:52','\0',NULL,'\0',''),(14768,5648,'2018-08-12 11:46:52','\0',NULL,'\0',''),(14769,5649,'2018-08-12 11:46:52','\0',NULL,'\0',''),(14770,5650,'2018-08-12 11:46:52','\0',NULL,'\0',''),(14771,5651,'2018-08-12 11:46:53','\0',NULL,'\0',''),(14772,5652,'2018-08-12 11:46:53','\0',NULL,'\0',''),(14773,5653,'2018-08-12 11:46:53','\0',NULL,'\0',''),(14774,5654,'2018-08-12 11:46:53','\0',NULL,'\0',''),(14775,5655,'2018-08-12 11:46:54','\0',NULL,'\0',''),(14776,5656,'2018-08-12 11:46:54','\0',NULL,'\0',''),(14777,5657,'2018-08-12 11:46:54','\0',NULL,'\0',''),(14778,5658,'2018-08-12 11:46:54','\0',NULL,'\0',''),(14779,5659,'2018-08-12 11:46:54','\0',NULL,'\0',''),(14780,5660,'2018-08-12 11:46:55','\0',NULL,'\0',''),(14781,5661,'2018-08-12 11:46:55','\0',NULL,'\0',''),(14782,5662,'2018-08-12 11:46:55','\0',NULL,'\0',''),(14783,5663,'2018-08-12 11:46:56','\0',NULL,'\0',''),(14784,5664,'2018-08-12 11:46:56','\0',NULL,'\0',''),(14785,5665,'2018-08-12 11:46:56','\0',NULL,'\0',''),(14786,5666,'2018-08-12 11:46:57','\0',NULL,'\0',''),(14787,5667,'2018-08-12 11:46:57','\0',NULL,'\0',''),(14788,5668,'2018-08-12 11:46:58','\0',NULL,'\0',''),(14789,5669,'2018-08-12 11:46:58','\0',NULL,'\0',''),(14790,5670,'2018-08-12 11:46:58','\0',NULL,'\0',''),(14791,5671,'2018-08-12 11:46:58','\0',NULL,'\0',''),(14792,5672,'2018-08-12 11:46:59','\0',NULL,'\0',''),(14793,5673,'2018-08-12 11:46:59','\0',NULL,'\0',''),(14794,5674,'2018-08-12 11:46:59','\0',NULL,'\0',''),(14795,5675,'2018-08-12 11:47:00','\0',NULL,'\0',''),(14796,5676,'2018-08-12 11:47:00','\0',NULL,'\0',''),(14797,5677,'2018-08-12 11:48:11','\0',NULL,'\0',''),(14798,5678,'2018-08-12 11:48:12','\0',NULL,'\0',''),(14799,5679,'2018-08-12 11:48:12','\0',NULL,'\0',''),(14800,5680,'2018-08-12 11:48:12','\0',NULL,'\0',''),(14801,5681,'2018-08-12 11:48:12','\0',NULL,'\0',''),(14802,5682,'2018-08-12 11:48:12','\0',NULL,'\0',''),(14803,5683,'2018-08-12 11:48:13','\0',NULL,'\0',''),(14804,5684,'2018-08-12 11:48:13','\0',NULL,'\0',''),(14805,5685,'2018-08-12 11:48:13','\0',NULL,'\0',''),(14806,5686,'2018-08-12 11:48:13','\0',NULL,'\0',''),(14807,5687,'2018-08-12 11:48:14','\0',NULL,'\0',''),(14808,5688,'2018-08-12 11:48:14','\0',NULL,'\0',''),(14809,5689,'2018-08-12 11:48:14','\0',NULL,'\0',''),(14810,5690,'2018-08-12 11:48:15','\0',NULL,'\0',''),(14811,5691,'2018-08-12 11:48:15','\0',NULL,'\0',''),(14812,5692,'2018-08-12 11:48:15','\0',NULL,'\0',''),(14813,5693,'2018-08-12 11:48:16','\0',NULL,'\0',''),(14814,5694,'2018-08-12 11:48:16','\0',NULL,'\0',''),(14815,5695,'2018-08-12 11:48:16','\0',NULL,'\0',''),(14816,5696,'2018-08-12 11:48:16','\0',NULL,'\0',''),(14817,5697,'2018-08-12 11:48:17','\0',NULL,'\0',''),(14818,5698,'2018-08-12 11:48:17','\0',NULL,'\0',''),(14819,5699,'2018-08-12 11:48:17','\0',NULL,'\0',''),(14820,5700,'2018-08-12 11:48:17','\0',NULL,'\0',''),(14821,5701,'2018-08-12 11:48:17','\0',NULL,'\0',''),(14822,5702,'2018-08-12 11:48:18','\0',NULL,'\0',''),(14823,5703,'2018-08-12 11:48:18','\0',NULL,'\0',''),(14824,5704,'2018-08-12 11:48:19','\0',NULL,'\0',''),(14825,5705,'2018-08-12 11:48:19','\0',NULL,'\0',''),(14826,5706,'2018-08-12 11:48:19','\0',NULL,'\0',''),(14827,5707,'2018-08-12 11:48:37','\0',NULL,'\0',''),(14828,5708,'2018-08-12 11:48:37','\0',NULL,'\0',''),(14829,5709,'2018-08-12 11:48:37','\0',NULL,'\0',''),(14830,5710,'2018-08-12 11:48:37','\0',NULL,'\0',''),(14831,5711,'2018-08-12 11:48:38','\0',NULL,'\0',''),(14832,5712,'2018-08-12 11:48:38','\0',NULL,'\0',''),(14833,5713,'2018-08-12 11:48:38','\0',NULL,'\0',''),(14834,5714,'2018-08-12 11:48:38','\0',NULL,'\0',''),(14835,5715,'2018-08-12 11:48:38','\0',NULL,'\0',''),(14836,5716,'2018-08-12 11:48:39','\0',NULL,'\0',''),(14837,5717,'2018-08-12 11:48:39','\0',NULL,'\0',''),(14838,5718,'2018-08-12 11:48:39','\0',NULL,'\0',''),(14839,5719,'2018-08-12 11:48:40','\0',NULL,'\0',''),(14840,5720,'2018-08-12 11:48:40','\0',NULL,'\0',''),(14841,5721,'2018-08-12 11:48:40','\0',NULL,'\0',''),(14842,5722,'2018-08-12 11:48:41','\0',NULL,'\0',''),(14843,5723,'2018-08-12 11:48:41','\0',NULL,'\0',''),(14844,5724,'2018-08-12 11:48:42','\0',NULL,'\0',''),(14845,5725,'2018-08-12 11:48:42','\0',NULL,'\0',''),(14846,5726,'2018-08-12 11:48:42','\0',NULL,'\0',''),(14847,5727,'2018-08-12 11:48:43','\0',NULL,'\0',''),(14848,5728,'2018-08-12 11:48:43','\0',NULL,'\0',''),(14849,5729,'2018-08-12 11:48:43','\0',NULL,'\0',''),(14850,5730,'2018-08-12 11:48:43','\0',NULL,'\0',''),(14851,5731,'2018-08-12 11:48:43','\0',NULL,'\0',''),(14852,5732,'2018-08-12 11:48:44','\0',NULL,'\0',''),(14853,5733,'2018-08-12 11:48:44','\0',NULL,'\0',''),(14854,5734,'2018-08-12 11:48:44','\0',NULL,'\0',''),(14855,5735,'2018-08-12 11:48:44','\0',NULL,'\0',''),(14856,5736,'2018-08-12 11:48:45','\0',NULL,'\0',''),(14857,5737,'2018-08-12 11:49:01','\0',NULL,'\0',''),(14858,5738,'2018-08-12 11:49:01','\0',NULL,'\0',''),(14859,5739,'2018-08-12 11:49:01','\0',NULL,'\0',''),(14860,5740,'2018-08-12 11:49:01','\0',NULL,'\0',''),(14861,5741,'2018-08-12 11:49:02','\0',NULL,'\0',''),(14862,5742,'2018-08-12 11:49:02','\0',NULL,'\0',''),(14863,5743,'2018-08-12 11:49:02','\0',NULL,'\0',''),(14864,5744,'2018-08-12 11:49:02','\0',NULL,'\0',''),(14865,5745,'2018-08-12 11:49:02','\0',NULL,'\0',''),(14866,5746,'2018-08-12 11:49:02','\0',NULL,'\0',''),(14867,5747,'2018-08-12 11:49:03','\0',NULL,'\0',''),(14868,5748,'2018-08-12 11:49:03','\0',NULL,'\0',''),(14869,5749,'2018-08-12 11:49:03','\0',NULL,'\0',''),(14870,5750,'2018-08-12 11:49:03','\0',NULL,'\0',''),(14871,5751,'2018-08-12 11:49:04','\0',NULL,'\0',''),(14872,5752,'2018-08-12 11:49:05','\0',NULL,'\0',''),(14873,5753,'2018-08-12 11:49:05','\0',NULL,'\0',''),(14874,5754,'2018-08-12 11:49:05','\0',NULL,'\0',''),(14875,5755,'2018-08-12 11:49:06','\0',NULL,'\0',''),(14876,5756,'2018-08-12 11:49:06','\0',NULL,'\0',''),(14877,5757,'2018-08-12 11:49:06','\0',NULL,'\0',''),(14878,5758,'2018-08-12 11:49:07','\0',NULL,'\0',''),(14879,5759,'2018-08-12 11:49:07','\0',NULL,'\0',''),(14880,5760,'2018-08-12 11:49:08','\0',NULL,'\0',''),(14881,5761,'2018-08-12 11:49:08','\0',NULL,'\0',''),(14882,5762,'2018-08-12 11:49:08','\0',NULL,'\0',''),(14883,5763,'2018-08-12 11:49:08','\0',NULL,'\0',''),(14884,5764,'2018-08-12 11:49:09','\0',NULL,'\0',''),(14885,5765,'2018-08-12 11:49:09','\0',NULL,'\0',''),(14886,5766,'2018-08-12 11:49:09','\0',NULL,'\0',''),(14887,5767,'2018-08-12 11:50:12','\0',NULL,'\0',''),(14888,5768,'2018-08-12 11:50:12','\0',NULL,'\0',''),(14889,5769,'2018-08-12 11:50:13','\0',NULL,'\0',''),(14890,5770,'2018-08-12 11:50:13','\0',NULL,'\0',''),(14891,5771,'2018-08-12 11:50:13','\0',NULL,'\0',''),(14892,5772,'2018-08-12 11:50:13','\0',NULL,'\0',''),(14893,5773,'2018-08-12 11:50:13','\0',NULL,'\0',''),(14894,5774,'2018-08-12 11:50:14','\0',NULL,'\0',''),(14895,5775,'2018-08-12 11:50:14','\0',NULL,'\0',''),(14896,5776,'2018-08-12 11:50:14','\0',NULL,'\0',''),(14897,5777,'2018-08-12 11:50:14','\0',NULL,'\0',''),(14898,5778,'2018-08-12 11:50:15','\0',NULL,'\0',''),(14899,5779,'2018-08-12 11:50:15','\0',NULL,'\0',''),(14900,5780,'2018-08-12 11:50:15','\0',NULL,'\0',''),(14901,5781,'2018-08-12 11:50:15','\0',NULL,'\0',''),(14902,5782,'2018-08-12 11:50:15','\0',NULL,'\0',''),(14903,5783,'2018-08-12 11:50:16','\0',NULL,'\0',''),(14904,5784,'2018-08-12 11:50:17','\0',NULL,'\0',''),(14905,5785,'2018-08-12 11:50:17','\0',NULL,'\0',''),(14906,5786,'2018-08-12 11:50:17','\0',NULL,'\0',''),(14907,5787,'2018-08-12 11:50:17','\0',NULL,'\0',''),(14908,5788,'2018-08-12 11:50:17','\0',NULL,'\0',''),(14909,5789,'2018-08-12 11:50:17','\0',NULL,'\0',''),(14910,5790,'2018-08-12 11:50:18','\0',NULL,'\0',''),(14911,5791,'2018-08-12 11:50:18','\0',NULL,'\0',''),(14912,5792,'2018-08-12 11:50:18','\0',NULL,'\0',''),(14913,5793,'2018-08-12 11:50:18','\0',NULL,'\0',''),(14914,5794,'2018-08-12 11:50:18','\0',NULL,'\0',''),(14915,5795,'2018-08-12 11:50:18','\0',NULL,'\0',''),(14916,5796,'2018-08-12 11:50:19','\0',NULL,'\0',''),(14917,5797,'2018-08-12 11:50:47','\0',NULL,'\0',''),(14918,5798,'2018-08-12 11:50:47','\0',NULL,'\0',''),(14919,5799,'2018-08-12 11:50:48','\0',NULL,'\0',''),(14920,5800,'2018-08-12 11:50:48','\0',NULL,'\0',''),(14921,5801,'2018-08-12 11:50:48','\0',NULL,'\0',''),(14922,5802,'2018-08-12 11:50:48','\0',NULL,'\0',''),(14923,5803,'2018-08-12 11:50:48','\0',NULL,'\0',''),(14924,5804,'2018-08-12 11:50:49','\0',NULL,'\0',''),(14925,5805,'2018-08-12 11:50:49','\0',NULL,'\0',''),(14926,5806,'2018-08-12 11:50:49','\0',NULL,'\0',''),(14927,5807,'2018-08-12 11:50:50','\0',NULL,'\0',''),(14928,5808,'2018-08-12 11:50:50','\0',NULL,'\0',''),(14929,5809,'2018-08-12 11:50:51','\0',NULL,'\0',''),(14930,5810,'2018-08-12 11:50:51','\0',NULL,'\0',''),(14931,5811,'2018-08-12 11:50:51','\0',NULL,'\0',''),(14932,5812,'2018-08-12 11:50:51','\0',NULL,'\0',''),(14933,5813,'2018-08-12 11:50:51','\0',NULL,'\0',''),(14934,5814,'2018-08-12 11:50:52','\0',NULL,'\0',''),(14935,5815,'2018-08-12 11:50:52','\0',NULL,'\0',''),(14936,5816,'2018-08-12 11:50:52','\0',NULL,'\0',''),(14937,5817,'2018-08-12 11:50:52','\0',NULL,'\0',''),(14938,5818,'2018-08-12 11:50:52','\0',NULL,'\0',''),(14939,5819,'2018-08-12 11:50:53','\0',NULL,'\0',''),(14940,5820,'2018-08-12 11:50:53','\0',NULL,'\0',''),(14941,5821,'2018-08-12 11:50:54','\0',NULL,'\0',''),(14942,5822,'2018-08-12 11:50:54','\0',NULL,'\0',''),(14943,5823,'2018-08-12 11:50:54','\0',NULL,'\0',''),(14944,5824,'2018-08-12 11:50:54','\0',NULL,'\0',''),(14945,5825,'2018-08-12 11:50:55','\0',NULL,'\0',''),(14946,5826,'2018-08-12 11:50:55','\0',NULL,'\0',''),(14947,5827,'2018-08-12 11:51:13','\0',NULL,'\0',''),(14948,5828,'2018-08-12 11:51:13','\0',NULL,'\0',''),(14949,5829,'2018-08-12 11:51:14','\0',NULL,'\0',''),(14950,5830,'2018-08-12 11:51:14','\0',NULL,'\0',''),(14951,5831,'2018-08-12 11:51:14','\0',NULL,'\0',''),(14952,5832,'2018-08-12 11:51:14','\0',NULL,'\0',''),(14953,5833,'2018-08-12 11:51:15','\0',NULL,'\0',''),(14954,5834,'2018-08-12 11:51:15','\0',NULL,'\0',''),(14955,5835,'2018-08-12 11:51:16','\0',NULL,'\0',''),(14956,5836,'2018-08-12 11:51:16','\0',NULL,'\0',''),(14957,5837,'2018-08-12 11:51:16','\0',NULL,'\0',''),(14958,5838,'2018-08-12 11:51:16','\0',NULL,'\0',''),(14959,5839,'2018-08-12 11:51:18','\0',NULL,'\0',''),(14960,5840,'2018-08-12 11:51:18','\0',NULL,'\0',''),(14961,5841,'2018-08-12 11:51:18','\0',NULL,'\0',''),(14962,5842,'2018-08-12 11:51:18','\0',NULL,'\0',''),(14963,5843,'2018-08-12 11:51:18','\0',NULL,'\0',''),(14964,5844,'2018-08-12 11:51:19','\0',NULL,'\0',''),(14965,5845,'2018-08-12 11:51:20','\0',NULL,'\0',''),(14966,5846,'2018-08-12 11:51:20','\0',NULL,'\0',''),(14967,5847,'2018-08-12 11:51:20','\0',NULL,'\0',''),(14968,5848,'2018-08-12 11:51:20','\0',NULL,'\0',''),(14969,5849,'2018-08-12 11:51:21','\0',NULL,'\0',''),(14970,5850,'2018-08-12 11:51:21','\0',NULL,'\0',''),(14971,5851,'2018-08-12 11:51:21','\0',NULL,'\0',''),(14972,5852,'2018-08-12 11:51:21','\0',NULL,'\0',''),(14973,5853,'2018-08-12 11:51:21','\0',NULL,'\0',''),(14974,5854,'2018-08-12 11:51:22','\0',NULL,'\0',''),(14975,5855,'2018-08-12 11:51:22','\0',NULL,'\0',''),(14976,5856,'2018-08-12 11:51:22','\0',NULL,'\0',''),(14977,5857,'2018-08-12 11:51:40','\0',NULL,'\0',''),(14978,5858,'2018-08-12 11:51:40','\0',NULL,'\0',''),(14979,5859,'2018-08-12 11:51:40','\0',NULL,'\0',''),(14980,5860,'2018-08-12 11:51:40','\0',NULL,'\0',''),(14981,5861,'2018-08-12 11:51:41','\0',NULL,'\0',''),(14982,5862,'2018-08-12 11:51:41','\0',NULL,'\0',''),(14983,5863,'2018-08-12 11:51:41','\0',NULL,'\0',''),(14984,5864,'2018-08-12 11:51:41','\0',NULL,'\0',''),(14985,5865,'2018-08-12 11:51:42','\0',NULL,'\0',''),(14986,5866,'2018-08-12 11:51:42','\0',NULL,'\0',''),(14987,5867,'2018-08-12 11:51:42','\0',NULL,'\0',''),(14988,5868,'2018-08-12 11:51:42','\0',NULL,'\0',''),(14989,5869,'2018-08-12 11:51:44','\0',NULL,'\0',''),(14990,5870,'2018-08-12 11:51:44','\0',NULL,'\0',''),(14991,5871,'2018-08-12 11:51:45','\0',NULL,'\0',''),(14992,5872,'2018-08-12 11:51:45','\0',NULL,'\0',''),(14993,5873,'2018-08-12 11:51:45','\0',NULL,'\0',''),(14994,5874,'2018-08-12 11:51:46','\0',NULL,'\0',''),(14995,5875,'2018-08-12 11:51:46','\0',NULL,'\0',''),(14996,5876,'2018-08-12 11:51:46','\0',NULL,'\0',''),(14997,5877,'2018-08-12 11:51:46','\0',NULL,'\0',''),(14998,5878,'2018-08-12 11:51:47','\0',NULL,'\0',''),(14999,5879,'2018-08-12 11:51:47','\0',NULL,'\0',''),(15000,5880,'2018-08-12 11:51:47','\0',NULL,'\0',''),(15001,5881,'2018-08-12 11:51:47','\0',NULL,'\0',''),(15002,5882,'2018-08-12 11:51:47','\0',NULL,'\0',''),(15003,5883,'2018-08-12 11:51:48','\0',NULL,'\0',''),(15004,5884,'2018-08-12 11:51:48','\0',NULL,'\0',''),(15005,5885,'2018-08-12 11:51:48','\0',NULL,'\0',''),(15006,5886,'2018-08-12 11:51:48','\0',NULL,'\0','');
/*!40000 ALTER TABLE `student_mt` ENABLE KEYS */;
UNLOCK TABLES;

--
-- Table structure for table `student_paymentterm_lt`
--

DROP TABLE IF EXISTS `student_paymentterm_lt`;
/*!40101 SET @saved_cs_client     = @@character_set_client */;
/*!40101 SET character_set_client = utf8 */;
CREATE TABLE `student_paymentterm_lt` (
  `student_id` int(11) NOT NULL,
  `paymentterm_id` int(11) NOT NULL,
  `schoolyear_id` int(11) NOT NULL,
  KEY `fk_student_paymentterm_ltTABLE_student_idCOL_idx` (`student_id`),
  KEY `fk_student_paymentterm_ltTABLE_paymentterm_idCOL_idx` (`paymentterm_id`),
  KEY `fk_student_paymentterm_ltTABLE_schoolyear_idCOL_idx` (`schoolyear_id`),
  CONSTRAINT `fk_student_paymentterm_ltTABLE_paymentterm_idCOL` FOREIGN KEY (`paymentterm_id`) REFERENCES `paymentterm_mt` (`paymentterm_id`) ON DELETE NO ACTION ON UPDATE NO ACTION,
  CONSTRAINT `fk_student_paymentterm_ltTABLE_schoolyear_idCOL` FOREIGN KEY (`schoolyear_id`) REFERENCES `schoolyear_mt` (`schoolyear_id`) ON DELETE NO ACTION ON UPDATE NO ACTION,
  CONSTRAINT `fk_student_paymentterm_ltTABLE_student_idCOL` FOREIGN KEY (`student_id`) REFERENCES `student_mt` (`student_id`) ON DELETE NO ACTION ON UPDATE NO ACTION
) ENGINE=InnoDB DEFAULT CHARSET=latin1;
/*!40101 SET character_set_client = @saved_cs_client */;

--
-- Dumping data for table `student_paymentterm_lt`
--

LOCK TABLES `student_paymentterm_lt` WRITE;
/*!40000 ALTER TABLE `student_paymentterm_lt` DISABLE KEYS */;
INSERT INTO `student_paymentterm_lt` VALUES (14429,5,407);
/*!40000 ALTER TABLE `student_paymentterm_lt` ENABLE KEYS */;
UNLOCK TABLES;

--
-- Table structure for table `student_promotion`
--

DROP TABLE IF EXISTS `student_promotion`;
/*!40101 SET @saved_cs_client     = @@character_set_client */;
/*!40101 SET character_set_client = utf8 */;
CREATE TABLE `student_promotion` (
  `student_promotion_id` int(11) NOT NULL AUTO_INCREMENT,
  `student_id` int(11) NOT NULL,
  `gradelevel_id_from` int(11) NOT NULL,
  `gradelevel_id_to` int(11) NOT NULL,
  `date_of_promotion` datetime NOT NULL DEFAULT CURRENT_TIMESTAMP,
  PRIMARY KEY (`student_promotion_id`),
  KEY `fk_student_promotionTABLE_student_idCOL_idx` (`student_id`),
  KEY `fk_student_promotionTABLE_gradelevel_id_fromCOL_idx` (`gradelevel_id_from`),
  KEY `fk_student_promotionTABLE_gradelevel_id_toCOL_idx` (`gradelevel_id_to`),
  CONSTRAINT `fk_student_promotionTABLE_gradelevel_id_fromCOL` FOREIGN KEY (`gradelevel_id_from`) REFERENCES `gradelevel_mt` (`gradelevel_id`) ON DELETE NO ACTION ON UPDATE NO ACTION,
  CONSTRAINT `fk_student_promotionTABLE_gradelevel_id_toCOL` FOREIGN KEY (`gradelevel_id_to`) REFERENCES `gradelevel_mt` (`gradelevel_id`) ON DELETE NO ACTION ON UPDATE NO ACTION,
  CONSTRAINT `fk_student_promotionTABLE_student_idCOL` FOREIGN KEY (`student_id`) REFERENCES `student_mt` (`student_id`) ON DELETE NO ACTION ON UPDATE NO ACTION
) ENGINE=InnoDB DEFAULT CHARSET=latin1;
/*!40101 SET character_set_client = @saved_cs_client */;

--
-- Dumping data for table `student_promotion`
--

LOCK TABLES `student_promotion` WRITE;
/*!40000 ALTER TABLE `student_promotion` DISABLE KEYS */;
/*!40000 ALTER TABLE `student_promotion` ENABLE KEYS */;
UNLOCK TABLES;

--
-- Table structure for table `student_summer`
--

DROP TABLE IF EXISTS `student_summer`;
/*!40101 SET @saved_cs_client     = @@character_set_client */;
/*!40101 SET character_set_client = utf8 */;
CREATE TABLE `student_summer` (
  `student_summer_id` int(11) NOT NULL AUTO_INCREMENT,
  `student_id` int(11) NOT NULL,
  `schoolyear_id` int(11) NOT NULL,
  `date_added` datetime NOT NULL DEFAULT CURRENT_TIMESTAMP,
  PRIMARY KEY (`student_summer_id`),
  KEY `fk_student_summerTABLE_student_idCOL_idx` (`student_id`),
  KEY `fk_student_summerTABLE_schoolyear_idCOL_idx` (`schoolyear_id`),
  CONSTRAINT `fk_student_summerTABLE_schoolyear_idCOL` FOREIGN KEY (`schoolyear_id`) REFERENCES `schoolyear_mt` (`schoolyear_id`) ON DELETE NO ACTION ON UPDATE NO ACTION,
  CONSTRAINT `fk_student_summerTABLE_student_idCOL` FOREIGN KEY (`student_id`) REFERENCES `student_mt` (`student_id`) ON DELETE NO ACTION ON UPDATE NO ACTION
) ENGINE=InnoDB DEFAULT CHARSET=latin1;
/*!40101 SET character_set_client = @saved_cs_client */;

--
-- Dumping data for table `student_summer`
--

LOCK TABLES `student_summer` WRITE;
/*!40000 ALTER TABLE `student_summer` DISABLE KEYS */;
/*!40000 ALTER TABLE `student_summer` ENABLE KEYS */;
UNLOCK TABLES;

--
-- Table structure for table `subject_gradelevel_lt`
--

DROP TABLE IF EXISTS `subject_gradelevel_lt`;
/*!40101 SET @saved_cs_client     = @@character_set_client */;
/*!40101 SET character_set_client = utf8 */;
CREATE TABLE `subject_gradelevel_lt` (
  `subject_id` int(10) NOT NULL,
  `gradelevel_id` int(10) NOT NULL,
  KEY `fk_subjects_gradelevel_dtTable_subjectId_idx` (`subject_id`),
  KEY `fk_subjects_gradelevel_Table_gradeLevelId_idx` (`gradelevel_id`),
  CONSTRAINT `fk_subject_gradelevelTABLE_gradelevel_idCOL` FOREIGN KEY (`gradelevel_id`) REFERENCES `gradelevel_mt` (`gradelevel_id`) ON DELETE NO ACTION ON UPDATE NO ACTION,
  CONSTRAINT `fk_subject_gradelevelTABLE_subject_idCOL` FOREIGN KEY (`subject_id`) REFERENCES `subject_mt` (`subject_id`) ON DELETE NO ACTION ON UPDATE NO ACTION
) ENGINE=InnoDB DEFAULT CHARSET=latin1;
/*!40101 SET character_set_client = @saved_cs_client */;

--
-- Dumping data for table `subject_gradelevel_lt`
--

LOCK TABLES `subject_gradelevel_lt` WRITE;
/*!40000 ALTER TABLE `subject_gradelevel_lt` DISABLE KEYS */;
INSERT INTO `subject_gradelevel_lt` VALUES (74,301),(75,301),(76,303),(77,303),(78,304),(79,302),(80,307),(81,305),(82,303),(83,303),(84,303),(85,303),(86,303),(87,303),(88,303),(89,303),(90,301),(91,301),(96,301),(98,301),(99,301),(101,301),(103,302),(104,302),(105,302),(106,302),(110,302),(111,304),(112,304),(113,304),(114,304),(116,304),(118,304),(119,304),(121,305),(122,305),(123,305),(124,305),(125,305),(126,305),(129,305),(130,305),(131,306),(132,306),(133,306),(134,306),(135,306),(137,306),(138,306),(139,306),(140,306),(143,306),(145,307),(146,307),(147,307),(148,307),(149,307),(150,307),(151,307),(152,307),(153,307),(154,308),(155,308),(156,308),(157,308),(158,308),(159,308),(160,308),(161,308),(162,308),(163,309),(164,309),(166,309),(168,309),(169,309),(170,309),(172,309),(174,310),(175,310),(176,310),(177,310),(179,310),(181,310),(182,310),(183,311),(184,311),(185,311),(186,311),(187,311),(189,311),(190,311),(191,311),(192,308);
/*!40000 ALTER TABLE `subject_gradelevel_lt` ENABLE KEYS */;
UNLOCK TABLES;

--
-- Table structure for table `subject_mt`
--

DROP TABLE IF EXISTS `subject_mt`;
/*!40101 SET @saved_cs_client     = @@character_set_client */;
/*!40101 SET character_set_client = utf8 */;
CREATE TABLE `subject_mt` (
  `subject_id` int(11) NOT NULL AUTO_INCREMENT,
  `code` varchar(255) NOT NULL,
  `title` varchar(255) NOT NULL,
  `description` text NOT NULL,
  `isActive` bit(1) NOT NULL DEFAULT b'1',
  PRIMARY KEY (`subject_id`),
  UNIQUE KEY `code_UNIQUE` (`code`)
) ENGINE=InnoDB AUTO_INCREMENT=193 DEFAULT CHARSET=latin1;
/*!40101 SET character_set_client = @saved_cs_client */;

--
-- Dumping data for table `subject_mt`
--

LOCK TABLES `subject_mt` WRITE;
/*!40000 ALTER TABLE `subject_mt` DISABLE KEYS */;
INSERT INTO `subject_mt` VALUES (74,'MATH111','Math','Mathematics',''),(75,'SCI111','Science','Science',''),(76,'FP','Filipino','Filipino	',''),(77,'P.E','P.E','P.E	',''),(78,'English','English','			English\n',''),(79,'TRI','TRIGOnometry','TRIGO',''),(80,'ALGEBRA','Algebra','algebra	',''),(81,'BINHI','BINHI','BINHI',''),(82,'ENG2','English','English',''),(83,'Fil2','Filipino','Filipino2',''),(84,'Math2','Math','Math2',''),(85,'Science2','Science','Science2',''),(86,'T.L.E','T.L.E','T.L.E.2',''),(87,'P.E2','P.E','P.E2',''),(88,'A.P','A.P','A.P',''),(89,'Values2','Values','values2',''),(90,'Eng1','English','English 1',''),(91,'Fil1','Filipino','Filipino 1',''),(96,'values','Values','Values',''),(98,'T.L.E Kinder','T.L.E','T.L.E',''),(99,'P.E kinder','P.E','Physical Education',''),(101,'Values kinder','Values','Values',''),(103,'Filipino','Filipino','Filipino 2',''),(104,'Science1','Science','Science 1',''),(105,'T.L.E1','T.L.E','T.L.E',''),(106,'P.E1','P.E','Physical education',''),(110,'Values 1','Values','Values Education',''),(111,'Filipno3','Filpino','Filpino',''),(112,'Math 3','Math','mathematics',''),(113,'Science 3','Science','Science 3',''),(114,'T.L.E3','T.L.E','T.L.E3',''),(116,'P.E.3','P.E','Physical Education',''),(118,'values3','Values','Values 3',''),(119,'Writing','Writing','Writing and Penmanship',''),(121,'Writing4','Writing','Writing and Penmanship',''),(122,'English 4','English','English 4',''),(123,'Filipino4','Filipino','Filipino 4',''),(124,'Math 4','Math 4','Math 4',''),(125,'Science 4','Science','Science 4',''),(126,'T.L.4','T.L.E 4','T.L.E4',''),(129,'A.P 4','A.P','Araling Panlipunan',''),(130,'Values4','values','values 4',''),(131,'Values5','values','values 4',''),(132,'ENG5','English','ENGLISH 5',''),(133,'Filipono','Filipino','Filipino',''),(134,'Math5','Math','Math5',''),(135,'Science 5','Science','Science 5',''),(137,'T.L.E 5','T.L.E','TLE',''),(138,'P.E 5','P.E','PE5',''),(139,'A.P 5','A.P','A.P 5',''),(140,'Values 5','Values','Values 5',''),(143,'WRITING 5','Writing','Writing & Penmanship',''),(145,'ENG6','English','English',''),(146,'Filipno6','Filipino','Filipino',''),(147,'Math 6','Math','Math',''),(148,'Science 6','Science','Science',''),(149,'T.L.E 6','T.L.E','TLE',''),(150,'P.E 6','P.E','Physical Education',''),(151,'A.P 6','A.P','Araling Panlipunan',''),(152,'Values 6','Values','Values',''),(153,'Writing 6','Writing ','Writing & Penmanship',''),(154,'Writing 7','Writing ','Writing & Penmanship',''),(155,'English 7','English','English',''),(156,'Filipino 7','Filipino','Filipino',''),(157,'Math 7','Math','Math',''),(158,'Science 7','Science','Science',''),(159,'T.L.E 7','T.L.E','T.L.E',''),(160,'PE 7','PE','Physical Education',''),(161,'AP 7','AP','Araling Panlipunan',''),(162,'Values	 7','Values	','Values	',''),(163,'CHEM','Chemistry','Chemistry',''),(164,'ENG8','English','English',''),(166,'Filipino8','Filipino','Filipino',''),(168,'TRI 8','Trigo','Trigo',''),(169,'T.L.E 8','T.L.E','T.L.E',''),(170,'Mapeh','Mapeh','Mapeh',''),(172,'values 8','Values','Values 8',''),(174,'values 9','Values','Values 9',''),(175,'ENG 9','English','English',''),(176,'TRI 9','Advance Trigo','Advance Trigo',''),(177,'BIOLOGY','Biology','Biology',''),(179,'T.L.E 9','T.L.E','T.L.E',''),(181,'P.E 9','P.E','Physical Education',''),(182,'HEKASI','Hekasi','HEKASI',''),(183,'ElF','El Fili busterismo','El Fili Busterismo',''),(184,'ENG 10','English','English ',''),(185,'PLANTRI','Plain trigo','PLAIN TRIGO',''),(186,'Physics','Physics','Physics',''),(187,'T.L.E 10','T.L.E','T.L.E 10',''),(189,'P.E 10','P.E','P.E',''),(190,'A.P 10','A.P','Araling Panlipunan 10',''),(191,'Values 10','Values','Values Education',''),(192,'FIL 07','Filipino','anything','');
/*!40000 ALTER TABLE `subject_mt` ENABLE KEYS */;
UNLOCK TABLES;

--
-- Table structure for table `transaction_mt`
--

DROP TABLE IF EXISTS `transaction_mt`;
/*!40101 SET @saved_cs_client     = @@character_set_client */;
/*!40101 SET character_set_client = utf8 */;
CREATE TABLE `transaction_mt` (
  `transaction_id` int(11) NOT NULL AUTO_INCREMENT,
  `transaction_date` datetime NOT NULL DEFAULT CURRENT_TIMESTAMP,
  `student_id` int(11) NOT NULL,
  PRIMARY KEY (`transaction_id`),
  KEY `fk_transaction_mtTABLE_student_idCOL_idx` (`student_id`),
  CONSTRAINT `fk_transaction_mtTABLE_student_idCOL` FOREIGN KEY (`student_id`) REFERENCES `student_mt` (`student_id`) ON DELETE NO ACTION ON UPDATE NO ACTION
) ENGINE=InnoDB AUTO_INCREMENT=2 DEFAULT CHARSET=latin1;
/*!40101 SET character_set_client = @saved_cs_client */;

--
-- Dumping data for table `transaction_mt`
--

LOCK TABLES `transaction_mt` WRITE;
/*!40000 ALTER TABLE `transaction_mt` DISABLE KEYS */;
INSERT INTO `transaction_mt` VALUES (1,'2017-08-12 15:49:04',14429);
/*!40000 ALTER TABLE `transaction_mt` ENABLE KEYS */;
UNLOCK TABLES;

--
-- Table structure for table `transaction_payment_lt`
--

DROP TABLE IF EXISTS `transaction_payment_lt`;
/*!40101 SET @saved_cs_client     = @@character_set_client */;
/*!40101 SET character_set_client = utf8 */;
CREATE TABLE `transaction_payment_lt` (
  `transaction_id` int(11) NOT NULL,
  `payment_id` int(11) NOT NULL,
  PRIMARY KEY (`transaction_id`),
  KEY `fk_transaction_payment_ltTABLE_payment_idCOL_idx` (`payment_id`),
  CONSTRAINT `fk_transaction_payment_ltTABLE_payment_idCOL` FOREIGN KEY (`payment_id`) REFERENCES `payment` (`payment_id`) ON DELETE NO ACTION ON UPDATE NO ACTION,
  CONSTRAINT `fk_transaction_payment_ltTABLE_transaction_idCOL` FOREIGN KEY (`transaction_id`) REFERENCES `transaction_mt` (`transaction_id`) ON DELETE NO ACTION ON UPDATE NO ACTION
) ENGINE=InnoDB DEFAULT CHARSET=latin1;
/*!40101 SET character_set_client = @saved_cs_client */;

--
-- Dumping data for table `transaction_payment_lt`
--

LOCK TABLES `transaction_payment_lt` WRITE;
/*!40000 ALTER TABLE `transaction_payment_lt` DISABLE KEYS */;
/*!40000 ALTER TABLE `transaction_payment_lt` ENABLE KEYS */;
UNLOCK TABLES;

--
-- Table structure for table `transferee_grade`
--

DROP TABLE IF EXISTS `transferee_grade`;
/*!40101 SET @saved_cs_client     = @@character_set_client */;
/*!40101 SET character_set_client = utf8 */;
CREATE TABLE `transferee_grade` (
  `transferee_grade_id` int(11) NOT NULL AUTO_INCREMENT,
  `student_id` int(11) NOT NULL,
  `firstquarter_grade` decimal(10,2) DEFAULT NULL,
  `secondquarter_grade` decimal(10,2) DEFAULT NULL,
  `thirdquarter_grade` decimal(10,2) DEFAULT NULL,
  `fourthquarter_grade` decimal(10,2) DEFAULT NULL,
  `gwa` decimal(10,2) DEFAULT NULL,
  PRIMARY KEY (`transferee_grade_id`),
  KEY `fk_transferee_gradeTABLE_student_idCOL_idx` (`student_id`),
  CONSTRAINT `fk_transferee_gradeTABLE_student_idCOL` FOREIGN KEY (`student_id`) REFERENCES `student_mt` (`student_id`) ON DELETE NO ACTION ON UPDATE NO ACTION
) ENGINE=InnoDB DEFAULT CHARSET=latin1;
/*!40101 SET character_set_client = @saved_cs_client */;

--
-- Dumping data for table `transferee_grade`
--

LOCK TABLES `transferee_grade` WRITE;
/*!40000 ALTER TABLE `transferee_grade` DISABLE KEYS */;
/*!40000 ALTER TABLE `transferee_grade` ENABLE KEYS */;
UNLOCK TABLES;

--
-- Table structure for table `transferee_student`
--

DROP TABLE IF EXISTS `transferee_student`;
/*!40101 SET @saved_cs_client     = @@character_set_client */;
/*!40101 SET character_set_client = utf8 */;
CREATE TABLE `transferee_student` (
  `transferee_id` int(11) NOT NULL AUTO_INCREMENT,
  `student_id` int(11) NOT NULL,
  `date_added` datetime NOT NULL DEFAULT CURRENT_TIMESTAMP,
  PRIMARY KEY (`transferee_id`),
  KEY `fk_transferee_studentTABLE_student_idCOL_idx` (`student_id`),
  CONSTRAINT `fk_transferee_studentTABLE_student_idCOL` FOREIGN KEY (`student_id`) REFERENCES `student_mt` (`student_id`) ON DELETE NO ACTION ON UPDATE NO ACTION
) ENGINE=InnoDB DEFAULT CHARSET=latin1;
/*!40101 SET character_set_client = @saved_cs_client */;

--
-- Dumping data for table `transferee_student`
--

LOCK TABLES `transferee_student` WRITE;
/*!40000 ALTER TABLE `transferee_student` DISABLE KEYS */;
/*!40000 ALTER TABLE `transferee_student` ENABLE KEYS */;
UNLOCK TABLES;

--
-- Table structure for table `tuition_fee`
--

DROP TABLE IF EXISTS `tuition_fee`;
/*!40101 SET @saved_cs_client     = @@character_set_client */;
/*!40101 SET character_set_client = utf8 */;
CREATE TABLE `tuition_fee` (
  `balance_breakdown_fee_id` int(11) NOT NULL,
  `student_id` int(11) NOT NULL,
  `schoolyear_id` int(11) NOT NULL,
  `date_assigned` datetime DEFAULT CURRENT_TIMESTAMP,
  KEY `fk_student_feesTABLE_schoolyear_idCOL_idx` (`schoolyear_id`),
  KEY `fk_student_feesTABLE_student_idCOL_idx` (`student_id`),
  KEY `fk_tuition_feeTABLE_balance_breakdown_fee_idCOL_idx` (`balance_breakdown_fee_id`),
  CONSTRAINT `fk_tuition_feeTABLE_student_idCOL` FOREIGN KEY (`student_id`) REFERENCES `student_mt` (`student_id`) ON DELETE NO ACTION ON UPDATE NO ACTION
) ENGINE=InnoDB DEFAULT CHARSET=latin1;
/*!40101 SET character_set_client = @saved_cs_client */;

--
-- Dumping data for table `tuition_fee`
--

LOCK TABLES `tuition_fee` WRITE;
/*!40000 ALTER TABLE `tuition_fee` DISABLE KEYS */;
INSERT INTO `tuition_fee` VALUES (1,14429,407,'2017-08-12 15:49:02'),(2,14429,407,'2017-08-12 15:49:02'),(3,14429,407,'2017-08-12 15:49:02'),(4,14429,407,'2017-08-12 15:49:02'),(5,14429,407,'2017-08-12 15:49:02'),(6,14429,407,'2017-08-12 15:49:02'),(7,14429,407,'2017-08-12 15:49:02'),(8,14429,407,'2017-08-12 15:49:02'),(9,14429,407,'2017-08-12 15:49:02'),(10,14429,407,'2017-08-12 15:49:02'),(11,14429,407,'2017-08-12 15:49:02');
/*!40000 ALTER TABLE `tuition_fee` ENABLE KEYS */;
UNLOCK TABLES;

--
-- Table structure for table `user_mt`
--

DROP TABLE IF EXISTS `user_mt`;
/*!40101 SET @saved_cs_client     = @@character_set_client */;
/*!40101 SET character_set_client = utf8 */;
CREATE TABLE `user_mt` (
  `user_id` int(255) NOT NULL AUTO_INCREMENT,
  `username` varchar(255) NOT NULL,
  `password` varchar(255) NOT NULL,
  `isActive` smallint(1) NOT NULL DEFAULT '1',
  `isLocked` smallint(1) NOT NULL DEFAULT '0',
  `lastname` varchar(255) NOT NULL,
  `firstname` varchar(255) NOT NULL,
  `middlename` varchar(255) NOT NULL,
  `lastLoginDate` datetime NOT NULL DEFAULT CURRENT_TIMESTAMP,
  `dateCreated` datetime NOT NULL DEFAULT CURRENT_TIMESTAMP,
  `addedBy` varchar(255) NOT NULL,
  PRIMARY KEY (`user_id`),
  UNIQUE KEY `uc_username` (`username`)
) ENGINE=InnoDB AUTO_INCREMENT=34 DEFAULT CHARSET=latin1 COMMENT='Users Master Table';
/*!40101 SET character_set_client = @saved_cs_client */;

--
-- Dumping data for table `user_mt`
--

LOCK TABLES `user_mt` WRITE;
/*!40000 ALTER TABLE `user_mt` DISABLE KEYS */;
INSERT INTO `user_mt` VALUES (23,'jordan','jordan23',1,0,'Antonio','John Ferdinand','Maala','2017-08-13 11:51:22','2017-08-09 14:48:17','jordan'),(24,'francis','francisfrancis',1,0,'Ochotorina','John Francis','S.','2018-08-12 11:44:31','2017-08-09 14:50:50',''),(25,'paul','paulpaul',1,0,'Napadao','Paul Neo','E','2017-08-12 12:07:35','2017-08-09 14:52:03',''),(26,'nmgillego','password',1,0,'Gillego','Norilyn','M.','2017-08-09 14:54:26','2017-08-09 14:52:56',''),(27,'jellis','jordanjordan',1,0,'Ellis','Joan','Ybaez','2017-08-09 16:57:18','2017-08-09 14:53:43',''),(28,'justine','justine123',1,0,'Macapagal','justine','Marpa','2017-08-12 15:27:49','2017-08-09 17:27:21',''),(29,'nuggetsantonio','facultymember',1,0,'Antonio','Nuggets','Ashton','2017-08-12 15:25:30','2017-08-11 00:57:02',''),(33,'test','facultymember',1,0,'test','test','test','2017-08-12 14:53:00','2017-08-12 14:52:33','');
/*!40000 ALTER TABLE `user_mt` ENABLE KEYS */;
UNLOCK TABLES;

--
-- Table structure for table `user_role`
--

DROP TABLE IF EXISTS `user_role`;
/*!40101 SET @saved_cs_client     = @@character_set_client */;
/*!40101 SET character_set_client = utf8 */;
CREATE TABLE `user_role` (
  `user_role_id` int(11) NOT NULL AUTO_INCREMENT,
  `user_id` int(11) NOT NULL,
  `role_id` int(11) NOT NULL,
  PRIMARY KEY (`user_role_id`),
  KEY `fk_user_roleTABLE_user_idCOL_idx` (`user_id`),
  KEY `fk_user_roleTABLE_role_idCOL_idx` (`role_id`),
  CONSTRAINT `fk_user_roleTABLE_role_idCOL` FOREIGN KEY (`role_id`) REFERENCES `role` (`role_id`) ON DELETE NO ACTION ON UPDATE NO ACTION,
  CONSTRAINT `fk_user_roleTABLE_user_idCOL` FOREIGN KEY (`user_id`) REFERENCES `user_mt` (`user_id`) ON DELETE NO ACTION ON UPDATE NO ACTION
) ENGINE=InnoDB AUTO_INCREMENT=27 DEFAULT CHARSET=latin1;
/*!40101 SET character_set_client = @saved_cs_client */;

--
-- Dumping data for table `user_role`
--

LOCK TABLES `user_role` WRITE;
/*!40000 ALTER TABLE `user_role` DISABLE KEYS */;
INSERT INTO `user_role` VALUES (19,23,1),(20,24,4),(21,25,2),(22,26,1),(23,27,3),(24,28,4),(25,29,4),(26,33,4);
/*!40000 ALTER TABLE `user_role` ENABLE KEYS */;
UNLOCK TABLES;

--
-- Dumping events for database 'enrollmentdb'
--
/*!50106 SET @save_time_zone= @@TIME_ZONE */ ;
/*!50106 DROP EVENT IF EXISTS `e_setAllStudentsInactive` */;
DELIMITER ;;
/*!50003 SET @saved_cs_client      = @@character_set_client */ ;;
/*!50003 SET @saved_cs_results     = @@character_set_results */ ;;
/*!50003 SET @saved_col_connection = @@collation_connection */ ;;
/*!50003 SET character_set_client  = utf8 */ ;;
/*!50003 SET character_set_results = utf8 */ ;;
/*!50003 SET collation_connection  = utf8_general_ci */ ;;
/*!50003 SET @saved_sql_mode       = @@sql_mode */ ;;
/*!50003 SET sql_mode              = 'NO_ENGINE_SUBSTITUTION' */ ;;
/*!50003 SET @saved_time_zone      = @@time_zone */ ;;
/*!50003 SET time_zone             = 'SYSTEM' */ ;;
/*!50106 CREATE*/ /*!50117 DEFINER=`root`@`localhost`*/ /*!50106 EVENT `e_setAllStudentsInactive` ON SCHEDULE EVERY 1 SECOND STARTS '2017-02-27 09:53:26' ON COMPLETION NOT PRESERVE ENABLE DO CALL setAllStudentsInactive */ ;;
/*!50003 SET time_zone             = @saved_time_zone */ ;;
/*!50003 SET sql_mode              = @saved_sql_mode */ ;;
/*!50003 SET character_set_client  = @saved_cs_client */ ;;
/*!50003 SET character_set_results = @saved_cs_results */ ;;
/*!50003 SET collation_connection  = @saved_col_connection */ ;;
/*!50106 DROP EVENT IF EXISTS `e_setCurrentSchoolYear` */;;
DELIMITER ;;
/*!50003 SET @saved_cs_client      = @@character_set_client */ ;;
/*!50003 SET @saved_cs_results     = @@character_set_results */ ;;
/*!50003 SET @saved_col_connection = @@collation_connection */ ;;
/*!50003 SET character_set_client  = utf8 */ ;;
/*!50003 SET character_set_results = utf8 */ ;;
/*!50003 SET collation_connection  = utf8_general_ci */ ;;
/*!50003 SET @saved_sql_mode       = @@sql_mode */ ;;
/*!50003 SET sql_mode              = 'NO_ENGINE_SUBSTITUTION' */ ;;
/*!50003 SET @saved_time_zone      = @@time_zone */ ;;
/*!50003 SET time_zone             = 'SYSTEM' */ ;;
/*!50106 CREATE*/ /*!50117 DEFINER=`root`@`localhost`*/ /*!50106 EVENT `e_setCurrentSchoolYear` ON SCHEDULE EVERY 1 SECOND STARTS '2017-02-17 18:55:28' ON COMPLETION NOT PRESERVE ENABLE DO CALL setCurrentSchoolYear() */ ;;
/*!50003 SET time_zone             = @saved_time_zone */ ;;
/*!50003 SET sql_mode              = @saved_sql_mode */ ;;
/*!50003 SET character_set_client  = @saved_cs_client */ ;;
/*!50003 SET character_set_results = @saved_cs_results */ ;;
/*!50003 SET collation_connection  = @saved_col_connection */ ;;
DELIMITER ;
/*!50106 SET TIME_ZONE= @save_time_zone */ ;

--
-- Dumping routines for database 'enrollmentdb'
--
/*!50003 DROP PROCEDURE IF EXISTS ` getAllSchoolYearInfo` */;
/*!50003 SET @saved_cs_client      = @@character_set_client */ ;
/*!50003 SET @saved_cs_results     = @@character_set_results */ ;
/*!50003 SET @saved_col_connection = @@collation_connection */ ;
/*!50003 SET character_set_client  = utf8 */ ;
/*!50003 SET character_set_results = utf8 */ ;
/*!50003 SET collation_connection  = utf8_general_ci */ ;
/*!50003 SET @saved_sql_mode       = @@sql_mode */ ;
/*!50003 SET sql_mode              = 'NO_ENGINE_SUBSTITUTION' */ ;
DELIMITER ;;
CREATE DEFINER=`root`@`localhost` PROCEDURE ` getAllSchoolYearInfo`()
BEGIN
	SELECT * FROM schoolyear_mt;
END ;;
DELIMITER ;
/*!50003 SET sql_mode              = @saved_sql_mode */ ;
/*!50003 SET character_set_client  = @saved_cs_client */ ;
/*!50003 SET character_set_results = @saved_cs_results */ ;
/*!50003 SET collation_connection  = @saved_col_connection */ ;
/*!50003 DROP PROCEDURE IF EXISTS `addAdmission` */;
/*!50003 SET @saved_cs_client      = @@character_set_client */ ;
/*!50003 SET @saved_cs_results     = @@character_set_results */ ;
/*!50003 SET @saved_col_connection = @@collation_connection */ ;
/*!50003 SET character_set_client  = utf8 */ ;
/*!50003 SET character_set_results = utf8 */ ;
/*!50003 SET collation_connection  = utf8_general_ci */ ;
/*!50003 SET @saved_sql_mode       = @@sql_mode */ ;
/*!50003 SET sql_mode              = 'NO_ENGINE_SUBSTITUTION' */ ;
DELIMITER ;;
CREATE DEFINER=`root`@`localhost` PROCEDURE `addAdmission`(aRegistrationId INT)
BEGIN

INSERT INTO admission_mt(registration_id)
VALUES(aRegistrationId);

END ;;
DELIMITER ;
/*!50003 SET sql_mode              = @saved_sql_mode */ ;
/*!50003 SET character_set_client  = @saved_cs_client */ ;
/*!50003 SET character_set_results = @saved_cs_results */ ;
/*!50003 SET collation_connection  = @saved_col_connection */ ;
/*!50003 DROP PROCEDURE IF EXISTS `addAsStudent` */;
/*!50003 SET @saved_cs_client      = @@character_set_client */ ;
/*!50003 SET @saved_cs_results     = @@character_set_results */ ;
/*!50003 SET @saved_col_connection = @@collation_connection */ ;
/*!50003 SET character_set_client  = utf8 */ ;
/*!50003 SET character_set_results = utf8 */ ;
/*!50003 SET collation_connection  = utf8_general_ci */ ;
/*!50003 SET @saved_sql_mode       = @@sql_mode */ ;
/*!50003 SET sql_mode              = 'NO_ENGINE_SUBSTITUTION' */ ;
DELIMITER ;;
CREATE DEFINER=`root`@`localhost` PROCEDURE `addAsStudent`(aRegistrationId INT, OUT aStudentId INT)
BEGIN

INSERT INTO student_mt(registration_id)
VALUES(aRegistrationId);

SELECT LAST_INSERT_ID() INTO aStudentId;

END ;;
DELIMITER ;
/*!50003 SET sql_mode              = @saved_sql_mode */ ;
/*!50003 SET character_set_client  = @saved_cs_client */ ;
/*!50003 SET character_set_results = @saved_cs_results */ ;
/*!50003 SET collation_connection  = @saved_col_connection */ ;
/*!50003 DROP PROCEDURE IF EXISTS `addBalanceBreakDownFee` */;
/*!50003 SET @saved_cs_client      = @@character_set_client */ ;
/*!50003 SET @saved_cs_results     = @@character_set_results */ ;
/*!50003 SET @saved_col_connection = @@collation_connection */ ;
/*!50003 SET character_set_client  = utf8 */ ;
/*!50003 SET character_set_results = utf8 */ ;
/*!50003 SET collation_connection  = utf8_general_ci */ ;
/*!50003 SET @saved_sql_mode       = @@sql_mode */ ;
/*!50003 SET sql_mode              = 'NO_ENGINE_SUBSTITUTION' */ ;
DELIMITER ;;
CREATE DEFINER=`root`@`localhost` PROCEDURE `addBalanceBreakDownFee`(aDescription TEXT, anAmount decimal (10,2), OUT aBalanceBreakDownFeeId INT)
BEGIN

INSERT INTO balance_breakdown_fee
(description, amount)
VALUES
(aDescription, anAmount);

SELECT LAST_INSERT_ID() INTO aBalanceBreakDownFeeId;

END ;;
DELIMITER ;
/*!50003 SET sql_mode              = @saved_sql_mode */ ;
/*!50003 SET character_set_client  = @saved_cs_client */ ;
/*!50003 SET character_set_results = @saved_cs_results */ ;
/*!50003 SET collation_connection  = @saved_col_connection */ ;
/*!50003 DROP PROCEDURE IF EXISTS `addCredential` */;
/*!50003 SET @saved_cs_client      = @@character_set_client */ ;
/*!50003 SET @saved_cs_results     = @@character_set_results */ ;
/*!50003 SET @saved_col_connection = @@collation_connection */ ;
/*!50003 SET character_set_client  = utf8 */ ;
/*!50003 SET character_set_results = utf8 */ ;
/*!50003 SET collation_connection  = utf8_general_ci */ ;
/*!50003 SET @saved_sql_mode       = @@sql_mode */ ;
/*!50003 SET sql_mode              = 'NO_AUTO_CREATE_USER,NO_ENGINE_SUBSTITUTION' */ ;
DELIMITER ;;
CREATE DEFINER=`root`@`localhost` PROCEDURE `addCredential`(aCredentialName VARCHAR(255),aCredentialDescription VARCHAR(255),OUT aCredentialId INT)
BEGIN

INSERT INTO credentials_mt(credential_name,credential_description)
VALUES(aCredentialName,aCredentialDescription);

SELECT LAST_INSERT_ID() INTO aCredentialId;
END ;;
DELIMITER ;
/*!50003 SET sql_mode              = @saved_sql_mode */ ;
/*!50003 SET character_set_client  = @saved_cs_client */ ;
/*!50003 SET character_set_results = @saved_cs_results */ ;
/*!50003 SET collation_connection  = @saved_col_connection */ ;
/*!50003 DROP PROCEDURE IF EXISTS `addCurriculum` */;
/*!50003 SET @saved_cs_client      = @@character_set_client */ ;
/*!50003 SET @saved_cs_results     = @@character_set_results */ ;
/*!50003 SET @saved_col_connection = @@collation_connection */ ;
/*!50003 SET character_set_client  = utf8 */ ;
/*!50003 SET character_set_results = utf8 */ ;
/*!50003 SET collation_connection  = utf8_general_ci */ ;
/*!50003 SET @saved_sql_mode       = @@sql_mode */ ;
/*!50003 SET sql_mode              = 'NO_ENGINE_SUBSTITUTION' */ ;
DELIMITER ;;
CREATE DEFINER=`root`@`localhost` PROCEDURE `addCurriculum`(	
	IN p_educationalStageId varchar(100), 
	IN p_description TEXT, 
	IN p_gradeLevelId INT,
    IN p_schoolYearId INT,
    IN p_addedBy_UserId INT,
    IN p_editedBy_UserId INT
    )
BEGIN

	DECLARE var_curriculumId INT;
    
    DECLARE EXIT HANDLER FOR sqlexception
    BEGIN
		ROLLBACK;
        SELECT 'Failed to add curriculum';
        RESIGNAL;
    END;
	
	
    
    
    START TRANSACTION;
	
    INSERT INTO curriculum_mt(educationalstage_id, description, gradeLevelId)
    VALUES(p_educationalStageId,p_description,p_gradeLevelId);
    
    
    SELECT LAST_INSERT_ID() INTO var_curriculumId;
    
    
    INSERT INTO curriculum_hd(curriculumId, addedBy_UserId, editedBy_UserId, dateLastEdited)
    VALUES(var_curriculumId,p_addedBy_UserId,p_editedBy_UserId,NOW());
    
    
    INSERT INTO curriculum_schoolyears(curriculumId, schoolYearId)
    VALUES(var_curriculumId,p_schoolYearId);
    
		COMMIT;
        SELECT 'Successfully added curriculum' AS msg; 
    
END ;;
DELIMITER ;
/*!50003 SET sql_mode              = @saved_sql_mode */ ;
/*!50003 SET character_set_client  = @saved_cs_client */ ;
/*!50003 SET character_set_results = @saved_cs_results */ ;
/*!50003 SET collation_connection  = @saved_col_connection */ ;
/*!50003 DROP PROCEDURE IF EXISTS `addCurriculumSubject` */;
/*!50003 SET @saved_cs_client      = @@character_set_client */ ;
/*!50003 SET @saved_cs_results     = @@character_set_results */ ;
/*!50003 SET @saved_col_connection = @@collation_connection */ ;
/*!50003 SET character_set_client  = utf8 */ ;
/*!50003 SET character_set_results = utf8 */ ;
/*!50003 SET collation_connection  = utf8_general_ci */ ;
/*!50003 SET @saved_sql_mode       = @@sql_mode */ ;
/*!50003 SET sql_mode              = 'NO_ENGINE_SUBSTITUTION' */ ;
DELIMITER ;;
CREATE DEFINER=`root`@`localhost` PROCEDURE `addCurriculumSubject`( IN aEducationalStageId INT,IN aGradeLevelId INT, IN aSchoolYearId INT, IN aSubjectId INT,IN aAddedByUserId INT )
BEGIN
	DECLARE EXIT HANDLER FOR sqlexception
    BEGIN
		ROLLBACK;
        RESIGNAL;
    END;

	START TRANSACTION;

	INSERT INTO curriculum_subjects(curriculumId,subjectId,addedBy_UserId)
    VALUES
    (
    
		(SELECT c.id FROM curriculum_mt 			c 								
        INNER JOIN curriculum_schoolyears	 	cs 	ON c.id = cs.curriculumId 
        INNER JOIN schoolyear_mt	 				s 	ON cs.schoolYearId = s.id 
        INNER JOIN gradelevel_mt	 				g 	ON c.gradeLevelId = g.gradelevel_id 
		INNER JOIN 	educationalstage			es ON c.educationalstage_id = es.id
            WHERE 
            
            c.educationalstage_id 	 = aEducationalStageId 			AND 
			g.gradelevel_id  = aGradeLevelId 	AND 
			s.id = aSchoolYearId
		),
		
		aSubjectId,aAddedByUserId
    
    );
    
    
		COMMIT;
        
	
END ;;
DELIMITER ;
/*!50003 SET sql_mode              = @saved_sql_mode */ ;
/*!50003 SET character_set_client  = @saved_cs_client */ ;
/*!50003 SET character_set_results = @saved_cs_results */ ;
/*!50003 SET collation_connection  = @saved_col_connection */ ;
/*!50003 DROP PROCEDURE IF EXISTS `addCurriculumWithSubjects` */;
/*!50003 SET @saved_cs_client      = @@character_set_client */ ;
/*!50003 SET @saved_cs_results     = @@character_set_results */ ;
/*!50003 SET @saved_col_connection = @@collation_connection */ ;
/*!50003 SET character_set_client  = utf8 */ ;
/*!50003 SET character_set_results = utf8 */ ;
/*!50003 SET collation_connection  = utf8_general_ci */ ;
/*!50003 SET @saved_sql_mode       = @@sql_mode */ ;
/*!50003 SET sql_mode              = 'NO_ENGINE_SUBSTITUTION' */ ;
DELIMITER ;;
CREATE DEFINER=`root`@`localhost` PROCEDURE `addCurriculumWithSubjects`(OUT pOUT_subjectId INT, IN pIN_subjectCode VARCHAR(250), IN pIN_curriculumId INT)
BEGIN
	START TRANSACTION;
	SELECT subject_id INTO pOUT_subjectId FROM subject_mt WHERE code = pIN_subjectCode;
    
    INSERT INTO curriculum_subject_lt(curriculum_id,subject_id)
    VALUES(pIN_curriculumId, pOUT_subjectId);
    COMMIT;
END ;;
DELIMITER ;
/*!50003 SET sql_mode              = @saved_sql_mode */ ;
/*!50003 SET character_set_client  = @saved_cs_client */ ;
/*!50003 SET character_set_results = @saved_cs_results */ ;
/*!50003 SET collation_connection  = @saved_col_connection */ ;
/*!50003 DROP PROCEDURE IF EXISTS `addDiscount` */;
/*!50003 SET @saved_cs_client      = @@character_set_client */ ;
/*!50003 SET @saved_cs_results     = @@character_set_results */ ;
/*!50003 SET @saved_col_connection = @@collation_connection */ ;
/*!50003 SET character_set_client  = utf8 */ ;
/*!50003 SET character_set_results = utf8 */ ;
/*!50003 SET collation_connection  = utf8_general_ci */ ;
/*!50003 SET @saved_sql_mode       = @@sql_mode */ ;
/*!50003 SET sql_mode              = 'NO_ENGINE_SUBSTITUTION' */ ;
DELIMITER ;;
CREATE DEFINER=`root`@`localhost` PROCEDURE `addDiscount`(aDiscountName VARCHAR(255), aDiscountPercentage INT,
aDescription TEXT)
BEGIN

DECLARE EXIT HANDLER FOR sqlexception
    BEGIN
		ROLLBACK;
        RESIGNAL;
    END;
    
    START TRANSACTION;
		INSERT INTO discount_mt (discount_name, percentage, description)
		VALUES(aDiscountName, aDiscountPercentage, aDescription);
	COMMIT;

END ;;
DELIMITER ;
/*!50003 SET sql_mode              = @saved_sql_mode */ ;
/*!50003 SET character_set_client  = @saved_cs_client */ ;
/*!50003 SET character_set_results = @saved_cs_results */ ;
/*!50003 SET collation_connection  = @saved_col_connection */ ;
/*!50003 DROP PROCEDURE IF EXISTS `addFaculty` */;
/*!50003 SET @saved_cs_client      = @@character_set_client */ ;
/*!50003 SET @saved_cs_results     = @@character_set_results */ ;
/*!50003 SET @saved_col_connection = @@collation_connection */ ;
/*!50003 SET character_set_client  = utf8 */ ;
/*!50003 SET character_set_results = utf8 */ ;
/*!50003 SET collation_connection  = utf8_general_ci */ ;
/*!50003 SET @saved_sql_mode       = @@sql_mode */ ;
/*!50003 SET sql_mode              = 'NO_ENGINE_SUBSTITUTION' */ ;
DELIMITER ;;
CREATE DEFINER=`root`@`localhost` PROCEDURE `addFaculty`(
	IN p_firstName varchar(45),
    IN p_lastName varchar(45),
    IN p_middleName varchar(45),
    IN p_email varchar (45),
    IN p_contact varchar(45),
    IN p_degree varchar(45),
    OUT p_aFacultyID INT
    
)
BEGIN
	INSERT INTO faculty_mt (firstName,lastName,middleName,email,contact,degree)
    VALUES(p_firstName,p_lastName,p_middleName,p_email,p_contact,p_degree);
    SELECT LAST_INSERT_ID()INTO p_aFacultyId;
END ;;
DELIMITER ;
/*!50003 SET sql_mode              = @saved_sql_mode */ ;
/*!50003 SET character_set_client  = @saved_cs_client */ ;
/*!50003 SET character_set_results = @saved_cs_results */ ;
/*!50003 SET collation_connection  = @saved_col_connection */ ;
/*!50003 DROP PROCEDURE IF EXISTS `addFacultyAndSpecialization` */;
/*!50003 SET @saved_cs_client      = @@character_set_client */ ;
/*!50003 SET @saved_cs_results     = @@character_set_results */ ;
/*!50003 SET @saved_col_connection = @@collation_connection */ ;
/*!50003 SET character_set_client  = utf8 */ ;
/*!50003 SET character_set_results = utf8 */ ;
/*!50003 SET collation_connection  = utf8_general_ci */ ;
/*!50003 SET @saved_sql_mode       = @@sql_mode */ ;
/*!50003 SET sql_mode              = 'NO_ENGINE_SUBSTITUTION' */ ;
DELIMITER ;;
CREATE DEFINER=`root`@`localhost` PROCEDURE `addFacultyAndSpecialization`(
	IN p_faculty_id INT,
    IN p_specialization_id INT
    
)
BEGIN
	INSERT INTO faculty_specialization(faculty_id,specialization_id)
    VALUES(p_faculty_id,p_specialization_id);

END ;;
DELIMITER ;
/*!50003 SET sql_mode              = @saved_sql_mode */ ;
/*!50003 SET character_set_client  = @saved_cs_client */ ;
/*!50003 SET character_set_results = @saved_cs_results */ ;
/*!50003 SET collation_connection  = @saved_col_connection */ ;
/*!50003 DROP PROCEDURE IF EXISTS `addFee` */;
/*!50003 SET @saved_cs_client      = @@character_set_client */ ;
/*!50003 SET @saved_cs_results     = @@character_set_results */ ;
/*!50003 SET @saved_col_connection = @@collation_connection */ ;
/*!50003 SET character_set_client  = utf8 */ ;
/*!50003 SET character_set_results = utf8 */ ;
/*!50003 SET collation_connection  = utf8_general_ci */ ;
/*!50003 SET @saved_sql_mode       = @@sql_mode */ ;
/*!50003 SET sql_mode              = 'NO_ENGINE_SUBSTITUTION' */ ;
DELIMITER ;;
CREATE DEFINER=`root`@`localhost` PROCEDURE `addFee`(
IN aFeeName VARCHAR(255), 
IN aFeeDescription VARCHAR(255),
IN aFeeCategoryId INT,
OUT aFeeId INT)
BEGIN
    INSERT INTO fee_mt(fee_name, fee_description, fee_category_id)
    VALUES(aFeeName, aFeeDescription, aFeeCategoryId);
    
    SELECT LAST_INSERT_ID() INTO aFeeId;
END ;;
DELIMITER ;
/*!50003 SET sql_mode              = @saved_sql_mode */ ;
/*!50003 SET character_set_client  = @saved_cs_client */ ;
/*!50003 SET character_set_results = @saved_cs_results */ ;
/*!50003 SET collation_connection  = @saved_col_connection */ ;
/*!50003 DROP PROCEDURE IF EXISTS `addGradeLevel` */;
/*!50003 SET @saved_cs_client      = @@character_set_client */ ;
/*!50003 SET @saved_cs_results     = @@character_set_results */ ;
/*!50003 SET @saved_col_connection = @@collation_connection */ ;
/*!50003 SET character_set_client  = utf8 */ ;
/*!50003 SET character_set_results = utf8 */ ;
/*!50003 SET collation_connection  = utf8_general_ci */ ;
/*!50003 SET @saved_sql_mode       = @@sql_mode */ ;
/*!50003 SET sql_mode              = 'NO_ENGINE_SUBSTITUTION' */ ;
DELIMITER ;;
CREATE DEFINER=`root`@`localhost` PROCEDURE `addGradeLevel`(IN aGradeLevel VARCHAR(255))
BEGIN
	DECLARE EXIT HANDLER FOR sqlexception
    BEGIN
		ROLLBACK;
        RESIGNAL;
    END;
    
    START TRANSACTION;
		INSERT INTO gradelevel_mt(grade_level)
		VALUES(aGradeLevel);
	COMMIT;
END ;;
DELIMITER ;
/*!50003 SET sql_mode              = @saved_sql_mode */ ;
/*!50003 SET character_set_client  = @saved_cs_client */ ;
/*!50003 SET character_set_results = @saved_cs_results */ ;
/*!50003 SET collation_connection  = @saved_col_connection */ ;
/*!50003 DROP PROCEDURE IF EXISTS `addHoliday` */;
/*!50003 SET @saved_cs_client      = @@character_set_client */ ;
/*!50003 SET @saved_cs_results     = @@character_set_results */ ;
/*!50003 SET @saved_col_connection = @@collation_connection */ ;
/*!50003 SET character_set_client  = utf8 */ ;
/*!50003 SET character_set_results = utf8 */ ;
/*!50003 SET collation_connection  = utf8_general_ci */ ;
/*!50003 SET @saved_sql_mode       = @@sql_mode */ ;
/*!50003 SET sql_mode              = 'NO_ENGINE_SUBSTITUTION' */ ;
DELIMITER ;;
CREATE DEFINER=`root`@`localhost` PROCEDURE `addHoliday`(aHolidayName VARCHAR(255), aDescription TEXT, aStartDate DATE, aEndDate DATE)
BEGIN

INSERT INTO holiday_mt(holiday_name, description,start_date,end_date)
VALUES(aHolidayName, aDescription,aStartDate, aEndDate);

END ;;
DELIMITER ;
/*!50003 SET sql_mode              = @saved_sql_mode */ ;
/*!50003 SET character_set_client  = @saved_cs_client */ ;
/*!50003 SET character_set_results = @saved_cs_results */ ;
/*!50003 SET collation_connection  = @saved_col_connection */ ;
/*!50003 DROP PROCEDURE IF EXISTS `addPaymentTermDeadline` */;
/*!50003 SET @saved_cs_client      = @@character_set_client */ ;
/*!50003 SET @saved_cs_results     = @@character_set_results */ ;
/*!50003 SET @saved_col_connection = @@collation_connection */ ;
/*!50003 SET character_set_client  = utf8 */ ;
/*!50003 SET character_set_results = utf8 */ ;
/*!50003 SET collation_connection  = utf8_general_ci */ ;
/*!50003 SET @saved_sql_mode       = @@sql_mode */ ;
/*!50003 SET sql_mode              = 'NO_ENGINE_SUBSTITUTION' */ ;
DELIMITER ;;
CREATE DEFINER=`root`@`localhost` PROCEDURE `addPaymentTermDeadline`(   aSchoolYearId INT, aPaymentTermId INT, aPeriodId INT, aDeadline DATE)
BEGIN

INSERT INTO paymentterm_deadline(schoolyear_id, paymentterm_id, period_id, deadline)
VALUES(aSchoolYearId, aPaymentTermId, aPeriodId, aDeadline);

END ;;
DELIMITER ;
/*!50003 SET sql_mode              = @saved_sql_mode */ ;
/*!50003 SET character_set_client  = @saved_cs_client */ ;
/*!50003 SET character_set_results = @saved_cs_results */ ;
/*!50003 SET collation_connection  = @saved_col_connection */ ;
/*!50003 DROP PROCEDURE IF EXISTS `addPaymentTermPenalty` */;
/*!50003 SET @saved_cs_client      = @@character_set_client */ ;
/*!50003 SET @saved_cs_results     = @@character_set_results */ ;
/*!50003 SET @saved_col_connection = @@collation_connection */ ;
/*!50003 SET character_set_client  = utf8 */ ;
/*!50003 SET character_set_results = utf8 */ ;
/*!50003 SET collation_connection  = utf8_general_ci */ ;
/*!50003 SET @saved_sql_mode       = @@sql_mode */ ;
/*!50003 SET sql_mode              = 'NO_ENGINE_SUBSTITUTION' */ ;
DELIMITER ;;
CREATE DEFINER=`root`@`localhost` PROCEDURE `addPaymentTermPenalty`(aSchoolYearId INT, aPaymentTermId INT, aPenaltyAmount DECIMAL(10,2))
BEGIN

INSERT INTO paymentterm_penalty(schoolyear_id, paymentterm_id, penalty_amount)
VALUES(aSchoolYearId, aPaymentTermId, aPenaltyAmount);

END ;;
DELIMITER ;
/*!50003 SET sql_mode              = @saved_sql_mode */ ;
/*!50003 SET character_set_client  = @saved_cs_client */ ;
/*!50003 SET character_set_results = @saved_cs_results */ ;
/*!50003 SET collation_connection  = @saved_col_connection */ ;
/*!50003 DROP PROCEDURE IF EXISTS `addPenalty` */;
/*!50003 SET @saved_cs_client      = @@character_set_client */ ;
/*!50003 SET @saved_cs_results     = @@character_set_results */ ;
/*!50003 SET @saved_col_connection = @@collation_connection */ ;
/*!50003 SET character_set_client  = utf8 */ ;
/*!50003 SET character_set_results = utf8 */ ;
/*!50003 SET collation_connection  = utf8_general_ci */ ;
/*!50003 SET @saved_sql_mode       = @@sql_mode */ ;
/*!50003 SET sql_mode              = 'NO_ENGINE_SUBSTITUTION' */ ;
DELIMITER ;;
CREATE DEFINER=`root`@`localhost` PROCEDURE `addPenalty`(aPaymentTermId INT, aSchoolYearId INT, alateFeeAmount decimal(10,2))
BEGIN

INSERT INTO penalty(paymentterm_id, schoolyear_id, late_fee)
VALUES(aPaymentTermId, aSchoolYearId, aLateFeeAmount);

END ;;
DELIMITER ;
/*!50003 SET sql_mode              = @saved_sql_mode */ ;
/*!50003 SET character_set_client  = @saved_cs_client */ ;
/*!50003 SET character_set_results = @saved_cs_results */ ;
/*!50003 SET collation_connection  = @saved_col_connection */ ;
/*!50003 DROP PROCEDURE IF EXISTS `addQuarter` */;
/*!50003 SET @saved_cs_client      = @@character_set_client */ ;
/*!50003 SET @saved_cs_results     = @@character_set_results */ ;
/*!50003 SET @saved_col_connection = @@collation_connection */ ;
/*!50003 SET character_set_client  = utf8 */ ;
/*!50003 SET character_set_results = utf8 */ ;
/*!50003 SET collation_connection  = utf8_general_ci */ ;
/*!50003 SET @saved_sql_mode       = @@sql_mode */ ;
/*!50003 SET sql_mode              = 'NO_ENGINE_SUBSTITUTION' */ ;
DELIMITER ;;
CREATE DEFINER=`root`@`localhost` PROCEDURE `addQuarter`(
aQuarterNo INT, 
aDescription TEXT,
aStartDate DATE, 
aEndDate DATE, 
aSchoolYearId INT
)
BEGIN
	DECLARE aQuarterId INT;

	DECLARE EXIT HANDLER FOR sqlexception
    BEGIN
		ROLLBACK;
		RESIGNAL;
    END;
    
    START TRANSACTION;
    
    INSERT INTO quarter_mt(quarter_no, description)
    VALUES(aQuarterNo, aDescription);
    
    SELECT LAST_INSERT_ID() INTO aQuarterId;
    
    INSERT INTO schoolyear_quarter_lt
    (schoolyear_id, quarter_id, start_date, end_date)
    VALUES(aSchoolYearId, aQuarterId, aStartDate, aEndDate);
    
    COMMIT;
END ;;
DELIMITER ;
/*!50003 SET sql_mode              = @saved_sql_mode */ ;
/*!50003 SET character_set_client  = @saved_cs_client */ ;
/*!50003 SET character_set_results = @saved_cs_results */ ;
/*!50003 SET collation_connection  = @saved_col_connection */ ;
/*!50003 DROP PROCEDURE IF EXISTS `addRegistration` */;
/*!50003 SET @saved_cs_client      = @@character_set_client */ ;
/*!50003 SET @saved_cs_results     = @@character_set_results */ ;
/*!50003 SET @saved_col_connection = @@collation_connection */ ;
/*!50003 SET character_set_client  = utf8 */ ;
/*!50003 SET character_set_results = utf8 */ ;
/*!50003 SET collation_connection  = utf8_general_ci */ ;
/*!50003 SET @saved_sql_mode       = @@sql_mode */ ;
/*!50003 SET sql_mode              = 'NO_ENGINE_SUBSTITUTION' */ ;
DELIMITER ;;
CREATE DEFINER=`root`@`localhost` PROCEDURE `addRegistration`(
aStudentType VARCHAR(255),
aStudentLastName VARCHAR(255),
aStudentFirstName VARCHAR(255),
aStudentMiddleName VARCHAR(255),
aDOB DATE,
aPOB VARCHAR(255),
aNationality VARCHAR(255),
aReligion VARCHAR(255),
aGender INT,
aFatherFirstName VARCHAR(255),
aFatherMiddleName VARCHAR(255),
aFatherLastName VARCHAR(255),
aFatherOccupation VARCHAR(255),
aFatherOfficePhoneNo VARCHAR(255),
aFatherMobileNo VARCHAR(255),
aIsFatherContactInCaseEmergency BIT(1),
aMotherFirstName VARCHAR(255),
aMotherMiddleName VARCHAR(255),
aMotherLastName VARCHAR(255),
aMotherOccupation VARCHAR(255),
aMotherOfficePhoneNo VARCHAR(255),
aMotherMobileNo VARCHAR(255),
aIsMotherContactInCaseEmergency BIT(1),
aGuardianLastName VARCHAR(255),
aGuardianFirstName VARCHAR(255),
aGuardianMiddleName VARCHAR(255),
aGuardianOccupation VARCHAR(255),
aGuardianOfficePhoneNo VARCHAR(255),
aGuardianMobileNo VARCHAR(255),
aGuardianRelationToStudent VARCHAR(255),
aIsGuardianContactInCaseEmergency BIT(1),
aSchoolLastAttended VARCHAR(255),
aSchoolLastAttendedAddress VARCHAR(255),
aRoomOrHouseNo VARCHAR(255),
aStreet VARCHAR(255),
aBrgyOrSubd VARCHAR(255),
aCity VARCHAR(255),
aProvince VARCHAR(255),
aGradeLevelId INT,
aSchoolYearId INT,
aPaymentTermId INT,
OUT aRegistrationId INT
)
BEGIN

INSERT INTO registration_mt(
student_type, 
lastname, firstname, middlename, dob, pob, nationality, 
religion, gender, father_firstname, father_middlename, father_lastname, 
father_occupation, father_officephone_no, father_mobile_no, isFatherContactInCaseEmergency, 
mother_firstname, mother_middlename, mother_lastname,mother_occupation, mother_officephone_no, mother_mobile_no, 
isMotherContactInCaseEmergency, guardian_lastname, guardian_firstname, guardian_middlename, 
guardian_occupation, guardian_officephone_no, guardian_mobile_no, guardian_relation_to_student, 
isGuardianContactInCaseEmergency, school_last_attended, school_last_attended_address, 
room_or_house_no, street, brgy_or_subd, city, province, gradelevel_id, schoolyear_id,
paymentterm_id
)

VALUES(aStudentType,aStudentLastName,aStudentFirstName,aStudentMiddleName,aDOB,aPOB,aNationality,
aReligion,aGender,aFatherFirstName,aFatherMiddleName,aFatherLastName,aFatherOccupation,aFatherOfficePhoneNo,aFatherMobileNo,aIsFatherContactInCaseEmergency,
aMotherFirstName,aMotherMiddleName,aMotherLastName,aMotherOccupation,
aMotherOfficePhoneNo,aMotherMobileNo,
aIsMotherContactInCaseEmergency,aGuardianLastName,aGuardianFirstName,aGuardianMiddleName,
aGuardianOccupation,aGuardianOfficePhoneNo,aGuardianMobileNo,aGuardianRelationToStudent,
aIsGuardianContactInCaseEmergency,aSchoolLastAttended,aSchoolLastAttendedAddress,
aRoomOrHouseNo,aStreet,aBrgyOrSubd,aCity,aProvince,aGradeLevelId,aSchoolYearId,
aPaymentTermId
);

SELECT LAST_INSERT_ID() INTO aRegistrationId;


END ;;
DELIMITER ;
/*!50003 SET sql_mode              = @saved_sql_mode */ ;
/*!50003 SET character_set_client  = @saved_cs_client */ ;
/*!50003 SET character_set_results = @saved_cs_results */ ;
/*!50003 SET collation_connection  = @saved_col_connection */ ;
/*!50003 DROP PROCEDURE IF EXISTS `addRoom` */;
/*!50003 SET @saved_cs_client      = @@character_set_client */ ;
/*!50003 SET @saved_cs_results     = @@character_set_results */ ;
/*!50003 SET @saved_col_connection = @@collation_connection */ ;
/*!50003 SET character_set_client  = utf8 */ ;
/*!50003 SET character_set_results = utf8 */ ;
/*!50003 SET collation_connection  = utf8_general_ci */ ;
/*!50003 SET @saved_sql_mode       = @@sql_mode */ ;
/*!50003 SET sql_mode              = 'NO_ENGINE_SUBSTITUTION' */ ;
DELIMITER ;;
CREATE DEFINER=`root`@`localhost` PROCEDURE `addRoom`(
	p_roomName VARCHAR(45),
    p_buildingName Varchar(45),
    p_capacity Varchar(45) 
)
BEGIN

	INSERT INTO room_mt (room_name_or_num,bldg_name_or_num,capacity)
    VALUES (p_roomName,p_buildingName,p_capacity);

END ;;
DELIMITER ;
/*!50003 SET sql_mode              = @saved_sql_mode */ ;
/*!50003 SET character_set_client  = @saved_cs_client */ ;
/*!50003 SET character_set_results = @saved_cs_results */ ;
/*!50003 SET collation_connection  = @saved_col_connection */ ;
/*!50003 DROP PROCEDURE IF EXISTS `addSchedule` */;
/*!50003 SET @saved_cs_client      = @@character_set_client */ ;
/*!50003 SET @saved_cs_results     = @@character_set_results */ ;
/*!50003 SET @saved_col_connection = @@collation_connection */ ;
/*!50003 SET character_set_client  = utf8 */ ;
/*!50003 SET character_set_results = utf8 */ ;
/*!50003 SET collation_connection  = utf8_general_ci */ ;
/*!50003 SET @saved_sql_mode       = @@sql_mode */ ;
/*!50003 SET sql_mode              = 'NO_ENGINE_SUBSTITUTION' */ ;
DELIMITER ;;
CREATE DEFINER=`root`@`localhost` PROCEDURE `addSchedule`(
aScheduleDay VARCHAR(255), 
aStartTime INT, 
aEndTime INT,
aSchoolYearId INT, 
aSubjectId INT, 
aSectionId INT,
aRoomId INT,
OUT aScheduleId INT)
BEGIN
INSERT INTO schedule_mt (
schedule_day, startTime, endTime, schoolyear_id, subject_id, section_id, room_id)
VALUES(aScheduleDay,aStartTime,aEndtime,aSchoolYearId, aSubjectId, aSectionId, aRoomId);

SELECT LAST_INSERT_ID() INTO aScheduleId;

END ;;
DELIMITER ;
/*!50003 SET sql_mode              = @saved_sql_mode */ ;
/*!50003 SET character_set_client  = @saved_cs_client */ ;
/*!50003 SET character_set_results = @saved_cs_results */ ;
/*!50003 SET collation_connection  = @saved_col_connection */ ;
/*!50003 DROP PROCEDURE IF EXISTS `addScheduleToFaculty` */;
/*!50003 SET @saved_cs_client      = @@character_set_client */ ;
/*!50003 SET @saved_cs_results     = @@character_set_results */ ;
/*!50003 SET @saved_col_connection = @@collation_connection */ ;
/*!50003 SET character_set_client  = utf8 */ ;
/*!50003 SET character_set_results = utf8 */ ;
/*!50003 SET collation_connection  = utf8_general_ci */ ;
/*!50003 SET @saved_sql_mode       = @@sql_mode */ ;
/*!50003 SET sql_mode              = 'NO_ENGINE_SUBSTITUTION' */ ;
DELIMITER ;;
CREATE DEFINER=`root`@`localhost` PROCEDURE `addScheduleToFaculty`(aFacultyId INT,aScheduleId INT)
BEGIN
INSERT INTO faculty_schedule(faculty_id, schedule_id)
VALUES(aFacultyId, aScheduleId);

END ;;
DELIMITER ;
/*!50003 SET sql_mode              = @saved_sql_mode */ ;
/*!50003 SET character_set_client  = @saved_cs_client */ ;
/*!50003 SET character_set_results = @saved_cs_results */ ;
/*!50003 SET collation_connection  = @saved_col_connection */ ;
/*!50003 DROP PROCEDURE IF EXISTS `addSchoolYear` */;
/*!50003 SET @saved_cs_client      = @@character_set_client */ ;
/*!50003 SET @saved_cs_results     = @@character_set_results */ ;
/*!50003 SET @saved_col_connection = @@collation_connection */ ;
/*!50003 SET character_set_client  = utf8 */ ;
/*!50003 SET character_set_results = utf8 */ ;
/*!50003 SET collation_connection  = utf8_general_ci */ ;
/*!50003 SET @saved_sql_mode       = @@sql_mode */ ;
/*!50003 SET sql_mode              = 'NO_ENGINE_SUBSTITUTION' */ ;
DELIMITER ;;
CREATE DEFINER=`root`@`localhost` PROCEDURE `addSchoolYear`(
IN aYearFrom INT, 
IN aYearTo INT, 
IN aStartDate DATE, 
IN aEndDate DATE,
IN aEnrollmentDateOpen DATE,
IN aEnrollmentDateClosed DATE,
IN aTotalClassHour INT,
OUT outSchoolYearId INT )
BEGIN
	DECLARE aNewSchoolYearId INT;

	DECLARE EXIT HANDLER FOR sqlexception
    BEGIN
		ROLLBACK;
        RESIGNAL;
    END;

	START TRANSACTION;
    
    INSERT INTO schoolyear_mt(yearFrom, yearTo, start_date, end_date,total_class_hours)
    VALUES(aYearFrom, aYearTo, aStartDate, aEndDate,aTotalClassHour);
    
    SELECT LAST_INSERT_ID() INTO aNewSchoolYearId;
    SELECT LAST_INSERT_ID() INTO outSchoolYearId;
    
    INSERT INTO enrollment_mt(schoolyear_id, opening_date, closing_date)
    VALUES(aNewSchoolYearId, aEnrollmentDateOpen, aEnrollmentDateClosed);
    
    COMMIT;
END ;;
DELIMITER ;
/*!50003 SET sql_mode              = @saved_sql_mode */ ;
/*!50003 SET character_set_client  = @saved_cs_client */ ;
/*!50003 SET character_set_results = @saved_cs_results */ ;
/*!50003 SET collation_connection  = @saved_col_connection */ ;
/*!50003 DROP PROCEDURE IF EXISTS `addSchoolYearHoliday` */;
/*!50003 SET @saved_cs_client      = @@character_set_client */ ;
/*!50003 SET @saved_cs_results     = @@character_set_results */ ;
/*!50003 SET @saved_col_connection = @@collation_connection */ ;
/*!50003 SET character_set_client  = utf8 */ ;
/*!50003 SET character_set_results = utf8 */ ;
/*!50003 SET collation_connection  = utf8_general_ci */ ;
/*!50003 SET @saved_sql_mode       = @@sql_mode */ ;
/*!50003 SET sql_mode              = 'NO_ENGINE_SUBSTITUTION' */ ;
DELIMITER ;;
CREATE DEFINER=`root`@`localhost` PROCEDURE `addSchoolYearHoliday`(aSchoolYearId INT, aHolidayId INT)
BEGIN

INSERT INTO schoolyear_holiday_lt(schoolyear_id, holiday_id)
VALUES(aSchoolYearId, aHolidayId);

END ;;
DELIMITER ;
/*!50003 SET sql_mode              = @saved_sql_mode */ ;
/*!50003 SET character_set_client  = @saved_cs_client */ ;
/*!50003 SET character_set_results = @saved_cs_results */ ;
/*!50003 SET collation_connection  = @saved_col_connection */ ;
/*!50003 DROP PROCEDURE IF EXISTS `addSchoolYearSummerSchedule` */;
/*!50003 SET @saved_cs_client      = @@character_set_client */ ;
/*!50003 SET @saved_cs_results     = @@character_set_results */ ;
/*!50003 SET @saved_col_connection = @@collation_connection */ ;
/*!50003 SET character_set_client  = utf8 */ ;
/*!50003 SET character_set_results = utf8 */ ;
/*!50003 SET collation_connection  = utf8_general_ci */ ;
/*!50003 SET @saved_sql_mode       = @@sql_mode */ ;
/*!50003 SET sql_mode              = 'NO_ENGINE_SUBSTITUTION' */ ;
DELIMITER ;;
CREATE DEFINER=`root`@`localhost` PROCEDURE `addSchoolYearSummerSchedule`(aSchoolYearId INT, aStartDate DATE, aEndDate DATE)
BEGIN
INSERT INTO schoolyear_summer_schedule
(schoolyear_id,start_date, end_date)VALUES
(aSchoolYearId,aStartDate,aEndDate);

END ;;
DELIMITER ;
/*!50003 SET sql_mode              = @saved_sql_mode */ ;
/*!50003 SET character_set_client  = @saved_cs_client */ ;
/*!50003 SET character_set_results = @saved_cs_results */ ;
/*!50003 SET collation_connection  = @saved_col_connection */ ;
/*!50003 DROP PROCEDURE IF EXISTS `addSection` */;
/*!50003 SET @saved_cs_client      = @@character_set_client */ ;
/*!50003 SET @saved_cs_results     = @@character_set_results */ ;
/*!50003 SET @saved_col_connection = @@collation_connection */ ;
/*!50003 SET character_set_client  = utf8 */ ;
/*!50003 SET character_set_results = utf8 */ ;
/*!50003 SET collation_connection  = utf8_general_ci */ ;
/*!50003 SET @saved_sql_mode       = @@sql_mode */ ;
/*!50003 SET sql_mode              = 'NO_AUTO_CREATE_USER,NO_ENGINE_SUBSTITUTION' */ ;
DELIMITER ;;
CREATE DEFINER=`root`@`localhost` PROCEDURE `addSection`(aSectionName VARCHAR(255), OUT aSectionId INT)
BEGIN

DECLARE EXIT HANDLER FOR sqlexception
BEGIN
		ROLLBACK;
        RESIGNAL;
END;



START TRANSACTION;

INSERT INTO section_mt(sectionName)
VALUES(aSectionName);

SELECT LAST_INSERT_ID() INTO aSectionId;

COMMIT;

END ;;
DELIMITER ;
/*!50003 SET sql_mode              = @saved_sql_mode */ ;
/*!50003 SET character_set_client  = @saved_cs_client */ ;
/*!50003 SET character_set_results = @saved_cs_results */ ;
/*!50003 SET collation_connection  = @saved_col_connection */ ;
/*!50003 DROP PROCEDURE IF EXISTS `addSectionDetails` */;
/*!50003 SET @saved_cs_client      = @@character_set_client */ ;
/*!50003 SET @saved_cs_results     = @@character_set_results */ ;
/*!50003 SET @saved_col_connection = @@collation_connection */ ;
/*!50003 SET character_set_client  = utf8 */ ;
/*!50003 SET character_set_results = utf8 */ ;
/*!50003 SET collation_connection  = utf8_general_ci */ ;
/*!50003 SET @saved_sql_mode       = @@sql_mode */ ;
/*!50003 SET sql_mode              = 'NO_AUTO_CREATE_USER,NO_ENGINE_SUBSTITUTION' */ ;
DELIMITER ;;
CREATE DEFINER=`root`@`localhost` PROCEDURE `addSectionDetails`(aSectionId INT, aSessionId INT, aSchoolYearId INT, aGradeLevelId INT, aCapacity INT)
BEGIN

INSERT INTO schoolyear_section_lt
(section_id, session_id, schoolyear_id, gradelevel_id, capacity)
VALUES(aSectionId,aSessionId,aSchoolYearId,aGradeLevelId,aCapacity);

END ;;
DELIMITER ;
/*!50003 SET sql_mode              = @saved_sql_mode */ ;
/*!50003 SET character_set_client  = @saved_cs_client */ ;
/*!50003 SET character_set_results = @saved_cs_results */ ;
/*!50003 SET collation_connection  = @saved_col_connection */ ;
/*!50003 DROP PROCEDURE IF EXISTS `addSemester` */;
/*!50003 SET @saved_cs_client      = @@character_set_client */ ;
/*!50003 SET @saved_cs_results     = @@character_set_results */ ;
/*!50003 SET @saved_col_connection = @@collation_connection */ ;
/*!50003 SET character_set_client  = utf8 */ ;
/*!50003 SET character_set_results = utf8 */ ;
/*!50003 SET collation_connection  = utf8_general_ci */ ;
/*!50003 SET @saved_sql_mode       = @@sql_mode */ ;
/*!50003 SET sql_mode              = 'NO_ENGINE_SUBSTITUTION' */ ;
DELIMITER ;;
CREATE DEFINER=`root`@`localhost` PROCEDURE `addSemester`(
aSemesterNo INT, 
aDescription TEXT,
aStartDate DATE, 
aEndDate DATE, 
aSchoolYearId INT
)
BEGIN
	DECLARE aSemesterId INT;

	DECLARE EXIT HANDLER FOR sqlexception
    BEGIN
		ROLLBACK;
		RESIGNAL;
    END;
    
    START TRANSACTION;
    
    INSERT INTO semester_mt(semester_no, description)
    VALUES(aSemesterNo, aDescription);
    
    SELECT LAST_INSERT_ID() INTO aSemesterId;
    
    INSERT INTO schoolyear_semester_lt
    (schoolyear_id, semester_id, start_date, end_date)
    VALUES(aSchoolYearId, aSemesterId, aStartDate, aEndDate);
    
    COMMIT;
END ;;
DELIMITER ;
/*!50003 SET sql_mode              = @saved_sql_mode */ ;
/*!50003 SET character_set_client  = @saved_cs_client */ ;
/*!50003 SET character_set_results = @saved_cs_results */ ;
/*!50003 SET collation_connection  = @saved_col_connection */ ;
/*!50003 DROP PROCEDURE IF EXISTS `addSession` */;
/*!50003 SET @saved_cs_client      = @@character_set_client */ ;
/*!50003 SET @saved_cs_results     = @@character_set_results */ ;
/*!50003 SET @saved_col_connection = @@collation_connection */ ;
/*!50003 SET character_set_client  = utf8 */ ;
/*!50003 SET character_set_results = utf8 */ ;
/*!50003 SET collation_connection  = utf8_general_ci */ ;
/*!50003 SET @saved_sql_mode       = @@sql_mode */ ;
/*!50003 SET sql_mode              = 'NO_ENGINE_SUBSTITUTION' */ ;
DELIMITER ;;
CREATE DEFINER=`root`@`localhost` PROCEDURE `addSession`(aSession VARCHAR(2))
BEGIN
 INSERT INTO `session`(title)
 VALUES(aSession);
END ;;
DELIMITER ;
/*!50003 SET sql_mode              = @saved_sql_mode */ ;
/*!50003 SET character_set_client  = @saved_cs_client */ ;
/*!50003 SET character_set_results = @saved_cs_results */ ;
/*!50003 SET collation_connection  = @saved_col_connection */ ;
/*!50003 DROP PROCEDURE IF EXISTS `addSpecialization` */;
/*!50003 SET @saved_cs_client      = @@character_set_client */ ;
/*!50003 SET @saved_cs_results     = @@character_set_results */ ;
/*!50003 SET @saved_col_connection = @@collation_connection */ ;
/*!50003 SET character_set_client  = utf8 */ ;
/*!50003 SET character_set_results = utf8 */ ;
/*!50003 SET collation_connection  = utf8_general_ci */ ;
/*!50003 SET @saved_sql_mode       = @@sql_mode */ ;
/*!50003 SET sql_mode              = 'NO_ENGINE_SUBSTITUTION' */ ;
DELIMITER ;;
CREATE DEFINER=`root`@`localhost` PROCEDURE `addSpecialization`(
    IN	p_title varchar(45),
    IN	p_desciption text
)
BEGIN
	INSERT into specialization(specialization_title,description)
    VALUES(p_title,p_desciption);
 
END ;;
DELIMITER ;
/*!50003 SET sql_mode              = @saved_sql_mode */ ;
/*!50003 SET character_set_client  = @saved_cs_client */ ;
/*!50003 SET character_set_results = @saved_cs_results */ ;
/*!50003 SET collation_connection  = @saved_col_connection */ ;
/*!50003 DROP PROCEDURE IF EXISTS `addSpecializationToFaculty` */;
/*!50003 SET @saved_cs_client      = @@character_set_client */ ;
/*!50003 SET @saved_cs_results     = @@character_set_results */ ;
/*!50003 SET @saved_col_connection = @@collation_connection */ ;
/*!50003 SET character_set_client  = utf8 */ ;
/*!50003 SET character_set_results = utf8 */ ;
/*!50003 SET collation_connection  = utf8_general_ci */ ;
/*!50003 SET @saved_sql_mode       = @@sql_mode */ ;
/*!50003 SET sql_mode              = 'NO_ENGINE_SUBSTITUTION' */ ;
DELIMITER ;;
CREATE DEFINER=`root`@`localhost` PROCEDURE `addSpecializationToFaculty`(

    IN	p_specialization_title varchar(45),

    OUT aSpecializationID INT

    
   
)
BEGIN
	INSERT into specialization(specialization_title)
    VALUES(p_specialization_title);
	SELECT LAST_INSERT_ID()INTO aSpecializationID;
END ;;
DELIMITER ;
/*!50003 SET sql_mode              = @saved_sql_mode */ ;
/*!50003 SET character_set_client  = @saved_cs_client */ ;
/*!50003 SET character_set_results = @saved_cs_results */ ;
/*!50003 SET collation_connection  = @saved_col_connection */ ;
/*!50003 DROP PROCEDURE IF EXISTS `addStudentDiscount` */;
/*!50003 SET @saved_cs_client      = @@character_set_client */ ;
/*!50003 SET @saved_cs_results     = @@character_set_results */ ;
/*!50003 SET @saved_col_connection = @@collation_connection */ ;
/*!50003 SET character_set_client  = utf8 */ ;
/*!50003 SET character_set_results = utf8 */ ;
/*!50003 SET collation_connection  = utf8_general_ci */ ;
/*!50003 SET @saved_sql_mode       = @@sql_mode */ ;
/*!50003 SET sql_mode              = 'NO_ENGINE_SUBSTITUTION' */ ;
DELIMITER ;;
CREATE DEFINER=`root`@`localhost` PROCEDURE `addStudentDiscount`(IN aStudentId INT, IN aDiscountId INT, IN aSchoolYearId INT, IN anAmount DECIMAL(10,2) )
BEGIN

INSERT INTO student_discount_lt(student_id, discount_id, schoolyear_id, amount)
VALUES(aStudentId,aDiscountId,aSchoolYearId, anAmount);

END ;;
DELIMITER ;
/*!50003 SET sql_mode              = @saved_sql_mode */ ;
/*!50003 SET character_set_client  = @saved_cs_client */ ;
/*!50003 SET character_set_results = @saved_cs_results */ ;
/*!50003 SET collation_connection  = @saved_col_connection */ ;
/*!50003 DROP PROCEDURE IF EXISTS `addStudentPaymentTerm` */;
/*!50003 SET @saved_cs_client      = @@character_set_client */ ;
/*!50003 SET @saved_cs_results     = @@character_set_results */ ;
/*!50003 SET @saved_col_connection = @@collation_connection */ ;
/*!50003 SET character_set_client  = utf8 */ ;
/*!50003 SET character_set_results = utf8 */ ;
/*!50003 SET collation_connection  = utf8_general_ci */ ;
/*!50003 SET @saved_sql_mode       = @@sql_mode */ ;
/*!50003 SET sql_mode              = 'NO_ENGINE_SUBSTITUTION' */ ;
DELIMITER ;;
CREATE DEFINER=`root`@`localhost` PROCEDURE `addStudentPaymentTerm`(IN aStudentId INT, IN aPaymentTermId INT,IN aSchoolYearId INT)
BEGIN

INSERT INTO student_paymentterm_lt(student_id, paymentterm_id, schoolyear_id)
VALUES(aStudentId,aPaymentTermId,aSchoolYearId);


END ;;
DELIMITER ;
/*!50003 SET sql_mode              = @saved_sql_mode */ ;
/*!50003 SET character_set_client  = @saved_cs_client */ ;
/*!50003 SET character_set_results = @saved_cs_results */ ;
/*!50003 SET collation_connection  = @saved_col_connection */ ;
/*!50003 DROP PROCEDURE IF EXISTS `addSubject` */;
/*!50003 SET @saved_cs_client      = @@character_set_client */ ;
/*!50003 SET @saved_cs_results     = @@character_set_results */ ;
/*!50003 SET @saved_col_connection = @@collation_connection */ ;
/*!50003 SET character_set_client  = utf8 */ ;
/*!50003 SET character_set_results = utf8 */ ;
/*!50003 SET collation_connection  = utf8_general_ci */ ;
/*!50003 SET @saved_sql_mode       = @@sql_mode */ ;
/*!50003 SET sql_mode              = 'NO_ENGINE_SUBSTITUTION' */ ;
DELIMITER ;;
CREATE DEFINER=`root`@`localhost` PROCEDURE `addSubject`(
IN p_subjName varchar(50), 
IN p_subjCode varchar(50), 
IN p_subjUnits INT, 
IN p_subjDesc TEXT, 
IN p_gradeLevelId INT,
IN p_schoolYearId INT,
IN p_addedBy_UserId varchar(50)

)
BEGIN
	
    DECLARE var_subjectId INT;
    DECLARE EXIT HANDLER FOR sqlexception
	BEGIN
		ROLLBACK;
        RESIGNAL;
    END;
    
    START TRANSACTION;
    
    INSERT INTO subjects(`code`, `name`, units, description)
    VALUES(p_subjCode,p_subjName,p_subjUnits,p_subjDesc);
    
    SELECT LAST_INSERT_ID() INTO @var_subjectId;
    
    INSERT INTO subjects_gradelevel(subjectId, gradeLevelId, schoolYearId)
    VALUES(@var_subjectId,p_gradeLevelId,p_schoolYearId);
    
    INSERT INTO subjects_hd(subjectId, addedBy_UserId, editedBy_UserId)
    VALUES(@var_subjectId,p_addedBy_UserId,p_addedBy_UserId);
    
		COMMIT ;
        SELECT 'successfully added subject';
    
    
    
END ;;
DELIMITER ;
/*!50003 SET sql_mode              = @saved_sql_mode */ ;
/*!50003 SET character_set_client  = @saved_cs_client */ ;
/*!50003 SET character_set_results = @saved_cs_results */ ;
/*!50003 SET collation_connection  = @saved_col_connection */ ;
/*!50003 DROP PROCEDURE IF EXISTS `addTransaction` */;
/*!50003 SET @saved_cs_client      = @@character_set_client */ ;
/*!50003 SET @saved_cs_results     = @@character_set_results */ ;
/*!50003 SET @saved_col_connection = @@collation_connection */ ;
/*!50003 SET character_set_client  = utf8 */ ;
/*!50003 SET character_set_results = utf8 */ ;
/*!50003 SET collation_connection  = utf8_general_ci */ ;
/*!50003 SET @saved_sql_mode       = @@sql_mode */ ;
/*!50003 SET sql_mode              = 'NO_ENGINE_SUBSTITUTION' */ ;
DELIMITER ;;
CREATE DEFINER=`root`@`localhost` PROCEDURE `addTransaction`(aStudentId INT, OUT aTransactionId INT)
BEGIN
	DECLARE EXIT HANDLER FOR sqlexception
    BEGIN
		RESIGNAL;
        ROLLBACK;
    END;
    
START TRANSACTION;
	INSERT INTO transaction_mt(student_id)
	VALUES(aStudentId);
    
    SELECT LAST_INSERT_ID() INTO aTransactionId;
    
    COMMIT;

END ;;
DELIMITER ;
/*!50003 SET sql_mode              = @saved_sql_mode */ ;
/*!50003 SET character_set_client  = @saved_cs_client */ ;
/*!50003 SET character_set_results = @saved_cs_results */ ;
/*!50003 SET collation_connection  = @saved_col_connection */ ;
/*!50003 DROP PROCEDURE IF EXISTS `addTransactionPayment` */;
/*!50003 SET @saved_cs_client      = @@character_set_client */ ;
/*!50003 SET @saved_cs_results     = @@character_set_results */ ;
/*!50003 SET @saved_col_connection = @@collation_connection */ ;
/*!50003 SET character_set_client  = utf8 */ ;
/*!50003 SET character_set_results = utf8 */ ;
/*!50003 SET collation_connection  = utf8_general_ci */ ;
/*!50003 SET @saved_sql_mode       = @@sql_mode */ ;
/*!50003 SET sql_mode              = 'NO_ENGINE_SUBSTITUTION' */ ;
DELIMITER ;;
CREATE DEFINER=`root`@`localhost` PROCEDURE `addTransactionPayment`(aTransactionId INT, aPaymentId INT)
BEGIN

INSERT INTO transaction_payment_lt(transaction_id, payment_id)
VALUES(aTransactionId, aPaymentId);

END ;;
DELIMITER ;
/*!50003 SET sql_mode              = @saved_sql_mode */ ;
/*!50003 SET character_set_client  = @saved_cs_client */ ;
/*!50003 SET character_set_results = @saved_cs_results */ ;
/*!50003 SET collation_connection  = @saved_col_connection */ ;
/*!50003 DROP PROCEDURE IF EXISTS `addTransferee` */;
/*!50003 SET @saved_cs_client      = @@character_set_client */ ;
/*!50003 SET @saved_cs_results     = @@character_set_results */ ;
/*!50003 SET @saved_col_connection = @@collation_connection */ ;
/*!50003 SET character_set_client  = utf8 */ ;
/*!50003 SET character_set_results = utf8 */ ;
/*!50003 SET collation_connection  = utf8_general_ci */ ;
/*!50003 SET @saved_sql_mode       = @@sql_mode */ ;
/*!50003 SET sql_mode              = 'NO_ENGINE_SUBSTITUTION' */ ;
DELIMITER ;;
CREATE DEFINER=`root`@`localhost` PROCEDURE `addTransferee`(aStudentId INT)
BEGIN

INSERT INTO transferee_student(student_id)
VALUES(aStudentId);

END ;;
DELIMITER ;
/*!50003 SET sql_mode              = @saved_sql_mode */ ;
/*!50003 SET character_set_client  = @saved_cs_client */ ;
/*!50003 SET character_set_results = @saved_cs_results */ ;
/*!50003 SET collation_connection  = @saved_col_connection */ ;
/*!50003 DROP PROCEDURE IF EXISTS `addTransfereeGrade` */;
/*!50003 SET @saved_cs_client      = @@character_set_client */ ;
/*!50003 SET @saved_cs_results     = @@character_set_results */ ;
/*!50003 SET @saved_col_connection = @@collation_connection */ ;
/*!50003 SET character_set_client  = utf8 */ ;
/*!50003 SET character_set_results = utf8 */ ;
/*!50003 SET collation_connection  = utf8_general_ci */ ;
/*!50003 SET @saved_sql_mode       = @@sql_mode */ ;
/*!50003 SET sql_mode              = 'NO_ENGINE_SUBSTITUTION' */ ;
DELIMITER ;;
CREATE DEFINER=`root`@`localhost` PROCEDURE `addTransfereeGrade`(

aStudentId INT, 
aFirstQuarterGrade DECIMAL(10,2),
aSecondQuarterGrade DECIMAL(10,2),
aThirdQuarterGrade DECIMAL(10,2),
aFourthQuarterGrade DECIMAL(10,2),
aGwaGrade DECIMAL(10,2))
BEGIN

INSERT INTO transferee_grade(student_id, firstquarter_grade, secondquarter_grade, thirdquarter_grade, fourthquarter_grade, gwa)
VALUES(aStudentId,aFirstQuarterGrade,aSecondQuarterGrade,aThirdQuarterGrade,aFourthQuarterGrade,aGwaGrade);

END ;;
DELIMITER ;
/*!50003 SET sql_mode              = @saved_sql_mode */ ;
/*!50003 SET character_set_client  = @saved_cs_client */ ;
/*!50003 SET character_set_results = @saved_cs_results */ ;
/*!50003 SET collation_connection  = @saved_col_connection */ ;
/*!50003 DROP PROCEDURE IF EXISTS `addTuitionFee` */;
/*!50003 SET @saved_cs_client      = @@character_set_client */ ;
/*!50003 SET @saved_cs_results     = @@character_set_results */ ;
/*!50003 SET @saved_col_connection = @@collation_connection */ ;
/*!50003 SET character_set_client  = utf8 */ ;
/*!50003 SET character_set_results = utf8 */ ;
/*!50003 SET collation_connection  = utf8_general_ci */ ;
/*!50003 SET @saved_sql_mode       = @@sql_mode */ ;
/*!50003 SET sql_mode              = 'NO_ENGINE_SUBSTITUTION' */ ;
DELIMITER ;;
CREATE DEFINER=`root`@`localhost` PROCEDURE `addTuitionFee`(IN aBalanceBreakDownFeeId INT, IN aStudentId INT, aSchoolYearId INT)
BEGIN

INSERT INTO tuition_fee (balance_breakdown_fee_id, student_id, schoolyear_id)
VALUES(aBalanceBreakDownFeeId,aStudentId,aSchoolYearId);

END ;;
DELIMITER ;
/*!50003 SET sql_mode              = @saved_sql_mode */ ;
/*!50003 SET character_set_client  = @saved_cs_client */ ;
/*!50003 SET character_set_results = @saved_cs_results */ ;
/*!50003 SET collation_connection  = @saved_col_connection */ ;
/*!50003 DROP PROCEDURE IF EXISTS `addUser` */;
/*!50003 SET @saved_cs_client      = @@character_set_client */ ;
/*!50003 SET @saved_cs_results     = @@character_set_results */ ;
/*!50003 SET @saved_col_connection = @@collation_connection */ ;
/*!50003 SET character_set_client  = utf8 */ ;
/*!50003 SET character_set_results = utf8 */ ;
/*!50003 SET collation_connection  = utf8_general_ci */ ;
/*!50003 SET @saved_sql_mode       = @@sql_mode */ ;
/*!50003 SET sql_mode              = 'NO_ENGINE_SUBSTITUTION' */ ;
DELIMITER ;;
CREATE DEFINER=`root`@`localhost` PROCEDURE `addUser`(aUserName VARCHAR(20), 
aPassword VARCHAR(30),
aLastName VARCHAR(255),
aFirstName VARCHAR(255),
aMiddleName VARCHAR(255),
OUT aUserId INT )
BEGIN

INSERT INTO user_mt(username, `password`, lastname, firstname, middlename) 
VALUES(aUserName,aPassword,aLastName,aFirstName,aMiddleName);

SELECT LAST_INSERT_ID() INTO aUserId;
END ;;
DELIMITER ;
/*!50003 SET sql_mode              = @saved_sql_mode */ ;
/*!50003 SET character_set_client  = @saved_cs_client */ ;
/*!50003 SET character_set_results = @saved_cs_results */ ;
/*!50003 SET collation_connection  = @saved_col_connection */ ;
/*!50003 DROP PROCEDURE IF EXISTS `addUserRole` */;
/*!50003 SET @saved_cs_client      = @@character_set_client */ ;
/*!50003 SET @saved_cs_results     = @@character_set_results */ ;
/*!50003 SET @saved_col_connection = @@collation_connection */ ;
/*!50003 SET character_set_client  = utf8 */ ;
/*!50003 SET character_set_results = utf8 */ ;
/*!50003 SET collation_connection  = utf8_general_ci */ ;
/*!50003 SET @saved_sql_mode       = @@sql_mode */ ;
/*!50003 SET sql_mode              = 'NO_ENGINE_SUBSTITUTION' */ ;
DELIMITER ;;
CREATE DEFINER=`root`@`localhost` PROCEDURE `addUserRole`(aUserId INT, aRoleId INT)
BEGIN

INSERT INTO user_role(user_id, role_id)
VALUES(aUserId, aRoleId);

END ;;
DELIMITER ;
/*!50003 SET sql_mode              = @saved_sql_mode */ ;
/*!50003 SET character_set_client  = @saved_cs_client */ ;
/*!50003 SET character_set_results = @saved_cs_results */ ;
/*!50003 SET collation_connection  = @saved_col_connection */ ;
/*!50003 DROP PROCEDURE IF EXISTS `assignCredential` */;
/*!50003 SET @saved_cs_client      = @@character_set_client */ ;
/*!50003 SET @saved_cs_results     = @@character_set_results */ ;
/*!50003 SET @saved_col_connection = @@collation_connection */ ;
/*!50003 SET character_set_client  = utf8 */ ;
/*!50003 SET character_set_results = utf8 */ ;
/*!50003 SET collation_connection  = utf8_general_ci */ ;
/*!50003 SET @saved_sql_mode       = @@sql_mode */ ;
/*!50003 SET sql_mode              = 'NO_AUTO_CREATE_USER,NO_ENGINE_SUBSTITUTION' */ ;
DELIMITER ;;
CREATE DEFINER=`root`@`localhost` PROCEDURE `assignCredential`(aCredentialId INT, aGradeLevelId INT, aSchoolYearId INT)
BEGIN

INSERT INTO credential_requirements_lt
(credential_id, gradelevel_id, schoolyear_id)
VALUES
(aCredentialId,aGradeLevelId,aSchoolYearId);
END ;;
DELIMITER ;
/*!50003 SET sql_mode              = @saved_sql_mode */ ;
/*!50003 SET character_set_client  = @saved_cs_client */ ;
/*!50003 SET character_set_results = @saved_cs_results */ ;
/*!50003 SET collation_connection  = @saved_col_connection */ ;
/*!50003 DROP PROCEDURE IF EXISTS `assignFee` */;
/*!50003 SET @saved_cs_client      = @@character_set_client */ ;
/*!50003 SET @saved_cs_results     = @@character_set_results */ ;
/*!50003 SET @saved_col_connection = @@collation_connection */ ;
/*!50003 SET character_set_client  = utf8 */ ;
/*!50003 SET character_set_results = utf8 */ ;
/*!50003 SET collation_connection  = utf8_general_ci */ ;
/*!50003 SET @saved_sql_mode       = @@sql_mode */ ;
/*!50003 SET sql_mode              = 'NO_ENGINE_SUBSTITUTION' */ ;
DELIMITER ;;
CREATE DEFINER=`root`@`localhost` PROCEDURE `assignFee`(
IN aFeeId INT, 
IN aFeeAmount DECIMAL,
IN aGradeLevelId INT,
IN aSchoolYearId INT)
BEGIN
    INSERT INTO fee_schoolyear_lt(fee_id, fee_amount, gradelevel_id, schoolyear_id)
    VALUES(aFeeId,aFeeAmount,aGradeLevelId,aSchoolYearId);
END ;;
DELIMITER ;
/*!50003 SET sql_mode              = @saved_sql_mode */ ;
/*!50003 SET character_set_client  = @saved_cs_client */ ;
/*!50003 SET character_set_results = @saved_cs_results */ ;
/*!50003 SET collation_connection  = @saved_col_connection */ ;
/*!50003 DROP PROCEDURE IF EXISTS `assignFeesToStudent` */;
/*!50003 SET @saved_cs_client      = @@character_set_client */ ;
/*!50003 SET @saved_cs_results     = @@character_set_results */ ;
/*!50003 SET @saved_col_connection = @@collation_connection */ ;
/*!50003 SET character_set_client  = utf8 */ ;
/*!50003 SET character_set_results = utf8 */ ;
/*!50003 SET collation_connection  = utf8_general_ci */ ;
/*!50003 SET @saved_sql_mode       = @@sql_mode */ ;
/*!50003 SET sql_mode              = 'NO_ENGINE_SUBSTITUTION' */ ;
DELIMITER ;;
CREATE DEFINER=`root`@`localhost` PROCEDURE `assignFeesToStudent`(aStudentId INT, aFeeId INT, aSchoolYearId INT)
BEGIN

INSERT INTO student_fee(student_id, fee_id,schoolyear_id)
VALUES(aStudentId, aFeeId, aSchoolYearId);

END ;;
DELIMITER ;
/*!50003 SET sql_mode              = @saved_sql_mode */ ;
/*!50003 SET character_set_client  = @saved_cs_client */ ;
/*!50003 SET character_set_results = @saved_cs_results */ ;
/*!50003 SET collation_connection  = @saved_col_connection */ ;
/*!50003 DROP PROCEDURE IF EXISTS `assignScheduleToFaculty` */;
/*!50003 SET @saved_cs_client      = @@character_set_client */ ;
/*!50003 SET @saved_cs_results     = @@character_set_results */ ;
/*!50003 SET @saved_col_connection = @@collation_connection */ ;
/*!50003 SET character_set_client  = utf8 */ ;
/*!50003 SET character_set_results = utf8 */ ;
/*!50003 SET collation_connection  = utf8_general_ci */ ;
/*!50003 SET @saved_sql_mode       = @@sql_mode */ ;
/*!50003 SET sql_mode              = 'NO_ENGINE_SUBSTITUTION' */ ;
DELIMITER ;;
CREATE DEFINER=`root`@`localhost` PROCEDURE `assignScheduleToFaculty`(aFacultyId INT, aScheduleId INT)
BEGIN

INSERT INTO faculty_schedule(faculty_id, schedule_id)
VALUES(aFacultyId, aScheduleId);

END ;;
DELIMITER ;
/*!50003 SET sql_mode              = @saved_sql_mode */ ;
/*!50003 SET character_set_client  = @saved_cs_client */ ;
/*!50003 SET character_set_results = @saved_cs_results */ ;
/*!50003 SET collation_connection  = @saved_col_connection */ ;
/*!50003 DROP PROCEDURE IF EXISTS `checkCurriculumChanges` */;
/*!50003 SET @saved_cs_client      = @@character_set_client */ ;
/*!50003 SET @saved_cs_results     = @@character_set_results */ ;
/*!50003 SET @saved_col_connection = @@collation_connection */ ;
/*!50003 SET character_set_client  = utf8 */ ;
/*!50003 SET character_set_results = utf8 */ ;
/*!50003 SET collation_connection  = utf8_general_ci */ ;
/*!50003 SET @saved_sql_mode       = @@sql_mode */ ;
/*!50003 SET sql_mode              = 'NO_ENGINE_SUBSTITUTION' */ ;
DELIMITER ;;
CREATE DEFINER=`root`@`localhost` PROCEDURE `checkCurriculumChanges`(IN pIN_curriculumId INT)
BEGIN
	
    SELECT gradelevel_mt.grade_level, 
		schoolyear_mt.yearFrom, schoolyear_mt.yearTo,
        curriculum_mt.curriculum_title, curriculum_mt.description,
        subject_mt.code, subject_mt.title
			FROM curriculum_subject_lt
            
            INNER JOIN curriculum_mt ON curriculum_mt.curriculum_id = curriculum_subject_lt.curriculum_id
            INNER JOIN subject_mt ON subject_mt.subject_id = curriculum_subject_lt.subject_id
            INNER JOIN gradelevel_mt ON gradelevel_mt.gradelevel_id = curriculum_mt.gradelevel_id
            INNER JOIN schoolyear_mt ON schoolyear_mt.schoolyear_id = curriculum_mt.schoolyear_id
		
        WHERE curriculum_mt.curriculum_id = pIN_curriculumId;
    
END ;;
DELIMITER ;
/*!50003 SET sql_mode              = @saved_sql_mode */ ;
/*!50003 SET character_set_client  = @saved_cs_client */ ;
/*!50003 SET character_set_results = @saved_cs_results */ ;
/*!50003 SET collation_connection  = @saved_col_connection */ ;
/*!50003 DROP PROCEDURE IF EXISTS `checkCurriculumExists` */;
/*!50003 SET @saved_cs_client      = @@character_set_client */ ;
/*!50003 SET @saved_cs_results     = @@character_set_results */ ;
/*!50003 SET @saved_col_connection = @@collation_connection */ ;
/*!50003 SET character_set_client  = utf8 */ ;
/*!50003 SET character_set_results = utf8 */ ;
/*!50003 SET collation_connection  = utf8_general_ci */ ;
/*!50003 SET @saved_sql_mode       = @@sql_mode */ ;
/*!50003 SET sql_mode              = 'NO_ENGINE_SUBSTITUTION' */ ;
DELIMITER ;;
CREATE DEFINER=`root`@`localhost` PROCEDURE `checkCurriculumExists`(
	IN pIN_gradeLevelId INT, IN pIN_schoolyearId INT, IN pIN_curriculumTitle VARCHAR(250)
)
BEGIN
	SELECT gradelevel_id, schoolyear_id, curriculum_title FROM curriculum_mt
    WHERE gradelevel_id = pIN_gradeLevelId AND schoolyear_id = pIN_schoolyearId
    AND curriculum_title = pIN_curriculumTitle;
END ;;
DELIMITER ;
/*!50003 SET sql_mode              = @saved_sql_mode */ ;
/*!50003 SET character_set_client  = @saved_cs_client */ ;
/*!50003 SET character_set_results = @saved_cs_results */ ;
/*!50003 SET collation_connection  = @saved_col_connection */ ;
/*!50003 DROP PROCEDURE IF EXISTS `checkCurriculumSubjectExists` */;
/*!50003 SET @saved_cs_client      = @@character_set_client */ ;
/*!50003 SET @saved_cs_results     = @@character_set_results */ ;
/*!50003 SET @saved_col_connection = @@collation_connection */ ;
/*!50003 SET character_set_client  = utf8 */ ;
/*!50003 SET character_set_results = utf8 */ ;
/*!50003 SET collation_connection  = utf8_general_ci */ ;
/*!50003 SET @saved_sql_mode       = @@sql_mode */ ;
/*!50003 SET sql_mode              = 'NO_ENGINE_SUBSTITUTION' */ ;
DELIMITER ;;
CREATE DEFINER=`root`@`localhost` PROCEDURE `checkCurriculumSubjectExists`(IN pIN_curriculumId INT)
BEGIN
	
    SELECT subject_id FROM curriculum_subject_lt WHERE curriculum_id = pIN_curriculumId;
	
END ;;
DELIMITER ;
/*!50003 SET sql_mode              = @saved_sql_mode */ ;
/*!50003 SET character_set_client  = @saved_cs_client */ ;
/*!50003 SET character_set_results = @saved_cs_results */ ;
/*!50003 SET collation_connection  = @saved_col_connection */ ;
/*!50003 DROP PROCEDURE IF EXISTS `checkSubjectChanges` */;
/*!50003 SET @saved_cs_client      = @@character_set_client */ ;
/*!50003 SET @saved_cs_results     = @@character_set_results */ ;
/*!50003 SET @saved_col_connection = @@collation_connection */ ;
/*!50003 SET character_set_client  = utf8 */ ;
/*!50003 SET character_set_results = utf8 */ ;
/*!50003 SET collation_connection  = utf8_general_ci */ ;
/*!50003 SET @saved_sql_mode       = @@sql_mode */ ;
/*!50003 SET sql_mode              = 'NO_ENGINE_SUBSTITUTION' */ ;
DELIMITER ;;
CREATE DEFINER=`root`@`localhost` PROCEDURE `checkSubjectChanges`(IN pIN_subjectId INT)
BEGIN
	
    SELECT subject_mt.code, subject_mt.title, subject_mt.description, 
		gradelevel_mt.grade_level FROM subject_gradelevel_lt
        
		INNER JOIN subject_mt ON subject_mt.subject_id = subject_gradelevel_lt.subject_id
		INNER JOIN gradelevel_mt ON gradelevel_mt.gradelevel_id = subject_gradelevel_lt.gradelevel_id
        
        WHERE subject_mt.subject_id = pIN_subjectId;
    
END ;;
DELIMITER ;
/*!50003 SET sql_mode              = @saved_sql_mode */ ;
/*!50003 SET character_set_client  = @saved_cs_client */ ;
/*!50003 SET character_set_results = @saved_cs_results */ ;
/*!50003 SET collation_connection  = @saved_col_connection */ ;
/*!50003 DROP PROCEDURE IF EXISTS `checkSubjectExists` */;
/*!50003 SET @saved_cs_client      = @@character_set_client */ ;
/*!50003 SET @saved_cs_results     = @@character_set_results */ ;
/*!50003 SET @saved_col_connection = @@collation_connection */ ;
/*!50003 SET character_set_client  = utf8 */ ;
/*!50003 SET character_set_results = utf8 */ ;
/*!50003 SET collation_connection  = utf8_general_ci */ ;
/*!50003 SET @saved_sql_mode       = @@sql_mode */ ;
/*!50003 SET sql_mode              = 'NO_ENGINE_SUBSTITUTION' */ ;
DELIMITER ;;
CREATE DEFINER=`root`@`localhost` PROCEDURE `checkSubjectExists`(IN pIN_subjectCode VARCHAR(150))
BEGIN
	
    SELECT code FROM subject_mt WHERE code = pIN_subjectCode;
    
END ;;
DELIMITER ;
/*!50003 SET sql_mode              = @saved_sql_mode */ ;
/*!50003 SET character_set_client  = @saved_cs_client */ ;
/*!50003 SET character_set_results = @saved_cs_results */ ;
/*!50003 SET collation_connection  = @saved_col_connection */ ;
/*!50003 DROP PROCEDURE IF EXISTS `completeAdmission` */;
/*!50003 SET @saved_cs_client      = @@character_set_client */ ;
/*!50003 SET @saved_cs_results     = @@character_set_results */ ;
/*!50003 SET @saved_col_connection = @@collation_connection */ ;
/*!50003 SET character_set_client  = utf8 */ ;
/*!50003 SET character_set_results = utf8 */ ;
/*!50003 SET collation_connection  = utf8_general_ci */ ;
/*!50003 SET @saved_sql_mode       = @@sql_mode */ ;
/*!50003 SET sql_mode              = 'NO_ENGINE_SUBSTITUTION' */ ;
DELIMITER ;;
CREATE DEFINER=`root`@`localhost` PROCEDURE `completeAdmission`( IN aRegistrationId INT)
BEGIN

START TRANSACTION;

UPDATE admission_mt 
SET isComplete = 1 
WHERE registration_id = aRegistrationId;


END ;;
DELIMITER ;
/*!50003 SET sql_mode              = @saved_sql_mode */ ;
/*!50003 SET character_set_client  = @saved_cs_client */ ;
/*!50003 SET character_set_results = @saved_cs_results */ ;
/*!50003 SET collation_connection  = @saved_col_connection */ ;
/*!50003 DROP PROCEDURE IF EXISTS `createCurriculum` */;
/*!50003 SET @saved_cs_client      = @@character_set_client */ ;
/*!50003 SET @saved_cs_results     = @@character_set_results */ ;
/*!50003 SET @saved_col_connection = @@collation_connection */ ;
/*!50003 SET character_set_client  = utf8 */ ;
/*!50003 SET character_set_results = utf8 */ ;
/*!50003 SET collation_connection  = utf8_general_ci */ ;
/*!50003 SET @saved_sql_mode       = @@sql_mode */ ;
/*!50003 SET sql_mode              = 'NO_ENGINE_SUBSTITUTION' */ ;
DELIMITER ;;
CREATE DEFINER=`root`@`localhost` PROCEDURE `createCurriculum`(
	IN pIN_gradeLevelId INT,
    IN pIN_schoolYearId INT,
    IN pIN_curriculumTitle VARCHAR(150),
    IN pIN_description VARCHAR(150),
    OUT pOUT_curriculumId INT
)
BEGIN
    
    
    DECLARE EXIT HANDLER FOR SQLEXCEPTION
    BEGIN
		ROLLBACK;
			SELECT "Duplicate keys found";
        RESIGNAL;
    END;
    
	INSERT INTO curriculum_mt(gradelevel_id, schoolyear_id, curriculum_title, description, isActive, date_created)
	VALUES(pIN_gradeLevelId, pIN_schoolYearId, pIN_curriculumTitle, pIN_description, TRUE, NOW());
		
	SET pOUT_curriculumId = LAST_INSERT_ID();
    
	SELECT 'Successfully added curriculum' AS msg;
END ;;
DELIMITER ;
/*!50003 SET sql_mode              = @saved_sql_mode */ ;
/*!50003 SET character_set_client  = @saved_cs_client */ ;
/*!50003 SET character_set_results = @saved_cs_results */ ;
/*!50003 SET collation_connection  = @saved_col_connection */ ;
/*!50003 DROP PROCEDURE IF EXISTS `createCurriculumSubjects` */;
/*!50003 SET @saved_cs_client      = @@character_set_client */ ;
/*!50003 SET @saved_cs_results     = @@character_set_results */ ;
/*!50003 SET @saved_col_connection = @@collation_connection */ ;
/*!50003 SET character_set_client  = utf8 */ ;
/*!50003 SET character_set_results = utf8 */ ;
/*!50003 SET collation_connection  = utf8_general_ci */ ;
/*!50003 SET @saved_sql_mode       = @@sql_mode */ ;
/*!50003 SET sql_mode              = 'NO_ENGINE_SUBSTITUTION' */ ;
DELIMITER ;;
CREATE DEFINER=`root`@`localhost` PROCEDURE `createCurriculumSubjects`(
	IN pIN_curriculumId INT,
    IN pIN_subjectId INT
)
BEGIN
	
    DECLARE EXIT HANDLER FOR SQLEXCEPTION, SQLWARNING
    BEGIN
		ROLLBACK;
			SELECT "Failed creating Curriculum with Subjects";
        RESIGNAL;
    END;
    
    #START TRANSACTION;
    
    #IF EXISTS (SELECT curriculum_id FROM curriculum_subject_lt WHERE curriculum_id = pIN_curriculumId) THEN
    
		#SELECT "Curriculum id already exist";
        
        #ROLLBACK;
	
    #ELSE
		
		INSERT INTO curriculum_subject_lt(curriculum_id, subject_id)
		VALUES(pIN_curriculumId, pIN_subjectId);
    
		#COMMIT;
        
		SELECT 'Successfully added curriculum with subject' AS msg;
        
    #END IF;
    
    
END ;;
DELIMITER ;
/*!50003 SET sql_mode              = @saved_sql_mode */ ;
/*!50003 SET character_set_client  = @saved_cs_client */ ;
/*!50003 SET character_set_results = @saved_cs_results */ ;
/*!50003 SET collation_connection  = @saved_col_connection */ ;
/*!50003 DROP PROCEDURE IF EXISTS `createSection` */;
/*!50003 SET @saved_cs_client      = @@character_set_client */ ;
/*!50003 SET @saved_cs_results     = @@character_set_results */ ;
/*!50003 SET @saved_col_connection = @@collation_connection */ ;
/*!50003 SET character_set_client  = utf8 */ ;
/*!50003 SET character_set_results = utf8 */ ;
/*!50003 SET collation_connection  = utf8_general_ci */ ;
/*!50003 SET @saved_sql_mode       = @@sql_mode */ ;
/*!50003 SET sql_mode              = 'NO_ENGINE_SUBSTITUTION' */ ;
DELIMITER ;;
CREATE DEFINER=`root`@`localhost` PROCEDURE `createSection`(IN pIN_sectionName VARCHAR(50), OUT pOUT_sectionId INT)
BEGIN
	
    INSERT INTO section_mt (sectionName)
    VALUES (pIN_sectionName);
    
    SET pOUT_sectionId = LAST_INSERT_ID();

END ;;
DELIMITER ;
/*!50003 SET sql_mode              = @saved_sql_mode */ ;
/*!50003 SET character_set_client  = @saved_cs_client */ ;
/*!50003 SET character_set_results = @saved_cs_results */ ;
/*!50003 SET collation_connection  = @saved_col_connection */ ;
/*!50003 DROP PROCEDURE IF EXISTS `createSectionSettings` */;
/*!50003 SET @saved_cs_client      = @@character_set_client */ ;
/*!50003 SET @saved_cs_results     = @@character_set_results */ ;
/*!50003 SET @saved_col_connection = @@collation_connection */ ;
/*!50003 SET character_set_client  = utf8 */ ;
/*!50003 SET character_set_results = utf8 */ ;
/*!50003 SET collation_connection  = utf8_general_ci */ ;
/*!50003 SET @saved_sql_mode       = @@sql_mode */ ;
/*!50003 SET sql_mode              = 'NO_ENGINE_SUBSTITUTION' */ ;
DELIMITER ;;
CREATE DEFINER=`root`@`localhost` PROCEDURE `createSectionSettings`(
IN pIN_sectionId INT,
IN pIN_schoolYearId INT,
IN pIN_gradeLevelId INT,
IN pIN_sessionId INT,
IN pIN_adviserId INT,
IN pIN_requiredAverage VARCHAR(150)
)
BEGIN


    DECLARE CONTINUE HANDLER FOR SQLEXCEPTION
    BEGIN
		ROLLBACK;
			SELECT "Failed creating section settings";
        RESIGNAL;
    END;
    
    START TRANSACTION;
    
    IF (pIN_adviserId = 0) THEN
    
		INSERT INTO section_settings_lt (section_id, schoolyear_id, gradelevel_id, session_id, requiredAverage, adviser_id)
		VALUES (pIN_sectionId, pIN_schoolYearId, pIN_gradeLevelId, pIN_sessionId, pIN_requiredAverage, NULL);
    
    ELSE
    
		INSERT INTO section_settings_lt (section_id, schoolyear_id, gradelevel_id, session_id, requiredAverage, adviser_id)
		VALUES (pIN_sectionId, pIN_schoolYearId, pIN_gradeLevelId, pIN_sessionId, pIN_requiredAverage, pIN_adviserId);
    
    END IF;
    COMMIT;

END ;;
DELIMITER ;
/*!50003 SET sql_mode              = @saved_sql_mode */ ;
/*!50003 SET character_set_client  = @saved_cs_client */ ;
/*!50003 SET character_set_results = @saved_cs_results */ ;
/*!50003 SET collation_connection  = @saved_col_connection */ ;
/*!50003 DROP PROCEDURE IF EXISTS `createStudentGrade` */;
/*!50003 SET @saved_cs_client      = @@character_set_client */ ;
/*!50003 SET @saved_cs_results     = @@character_set_results */ ;
/*!50003 SET @saved_col_connection = @@collation_connection */ ;
/*!50003 SET character_set_client  = utf8 */ ;
/*!50003 SET character_set_results = utf8 */ ;
/*!50003 SET collation_connection  = utf8_general_ci */ ;
/*!50003 SET @saved_sql_mode       = @@sql_mode */ ;
/*!50003 SET sql_mode              = 'NO_ENGINE_SUBSTITUTION' */ ;
DELIMITER ;;
CREATE DEFINER=`root`@`localhost` PROCEDURE `createStudentGrade`(
	IN pIN_subjectId INT,
    IN pIN_grade DOUBLE,
    IN pIN_schoolyearId INT,
    IN pIN_gradingperiodId INT,
    IN pIN_final DOUBLE,
    IN pIN_gwa DOUBLE,
    IN pIN_studentId INT,
    OUT pOUT_gradeId INT
)
BEGIN
	
    START TRANSACTION;
    
    INSERT INTO grade (subject_id, grade, schoolyear_id, gradingperiod_id, final, gwa)
    VALUES (pIN_subjectId, pIN_grade, pIN_schoolyearId, pIN_gradingperiodId,  pIN_final, pIN_gwa);
    
    SET pOUT_gradeId = LAST_INSERT_ID();
    
    INSERT INTO student_grade (student_id, grade_id)
    VALUES (pIN_studentId, pOUT_gradeId); 
    
    COMMIT;
    
END ;;
DELIMITER ;
/*!50003 SET sql_mode              = @saved_sql_mode */ ;
/*!50003 SET character_set_client  = @saved_cs_client */ ;
/*!50003 SET character_set_results = @saved_cs_results */ ;
/*!50003 SET collation_connection  = @saved_col_connection */ ;
/*!50003 DROP PROCEDURE IF EXISTS `createStudentSection` */;
/*!50003 SET @saved_cs_client      = @@character_set_client */ ;
/*!50003 SET @saved_cs_results     = @@character_set_results */ ;
/*!50003 SET @saved_col_connection = @@collation_connection */ ;
/*!50003 SET character_set_client  = utf8 */ ;
/*!50003 SET character_set_results = utf8 */ ;
/*!50003 SET collation_connection  = utf8_general_ci */ ;
/*!50003 SET @saved_sql_mode       = @@sql_mode */ ;
/*!50003 SET sql_mode              = 'NO_ENGINE_SUBSTITUTION' */ ;
DELIMITER ;;
CREATE DEFINER=`root`@`localhost` PROCEDURE `createStudentSection`(IN pIN_sectionId INT, IN pIN_studentId INT, IN pIN_schoolYearId INT)
BEGIN
	
    DECLARE EXIT HANDLER FOR SQLEXCEPTION
    BEGIN
		ROLLBACK;
			SELECT 'Failed student section';
        RESIGNAL;
    END;
    
    START TRANSACTION;
    
		INSERT INTO section_student (section_id, student_id, schoolyear_id) 
        VALUES (pIN_sectionId, pIN_studentId, pIN_schoolYearId);
        
        UPDATE schoolyear_student_lt SET section_id = pIN_sectionId
        WHERE student_id = pIN_studentId
        AND schoolyear_id = pIN_schoolYearId
        AND schoolyear_student_lt.isActive = 1;
        
    COMMIT;	
    
END ;;
DELIMITER ;
/*!50003 SET sql_mode              = @saved_sql_mode */ ;
/*!50003 SET character_set_client  = @saved_cs_client */ ;
/*!50003 SET character_set_results = @saved_cs_results */ ;
/*!50003 SET collation_connection  = @saved_col_connection */ ;
/*!50003 DROP PROCEDURE IF EXISTS `createSubject` */;
/*!50003 SET @saved_cs_client      = @@character_set_client */ ;
/*!50003 SET @saved_cs_results     = @@character_set_results */ ;
/*!50003 SET @saved_col_connection = @@collation_connection */ ;
/*!50003 SET character_set_client  = utf8 */ ;
/*!50003 SET character_set_results = utf8 */ ;
/*!50003 SET collation_connection  = utf8_general_ci */ ;
/*!50003 SET @saved_sql_mode       = @@sql_mode */ ;
/*!50003 SET sql_mode              = 'NO_ENGINE_SUBSTITUTION' */ ;
DELIMITER ;;
CREATE DEFINER=`root`@`localhost` PROCEDURE `createSubject`(
	IN pIN_subjectCode VARCHAR(250), 
    IN pIN_subjectTitle VARCHAR(250), 
    IN pIN_subjectDescription VARCHAR(250),
    OUT pOUT_subjectId INT,
    IN pIN_gradeLevelId INT
)
BEGIN
	
    DECLARE EXIT HANDLER FOR SQLEXCEPTION
    BEGIN
		ROLLBACK;
			SELECT "Failed creating subject";
        RESIGNAL;
    END;
	
    START TRANSACTION;
    
	INSERT INTO subject_mt(`code`,title,description,isActive)
	VALUES(pIN_subjectCode, pIN_subjectTitle, pIN_subjectDescription, TRUE);
			
	SET pOUT_subjectId = LAST_INSERT_ID();
    
	INSERT INTO subject_gradelevel_lt (subject_id, gradelevel_id)
	VALUES (pOUT_subjectId,pIN_gradeLevelId);
			
	COMMIT;
        

END ;;
DELIMITER ;
/*!50003 SET sql_mode              = @saved_sql_mode */ ;
/*!50003 SET character_set_client  = @saved_cs_client */ ;
/*!50003 SET character_set_results = @saved_cs_results */ ;
/*!50003 SET collation_connection  = @saved_col_connection */ ;
/*!50003 DROP PROCEDURE IF EXISTS `createTuitionFee` */;
/*!50003 SET @saved_cs_client      = @@character_set_client */ ;
/*!50003 SET @saved_cs_results     = @@character_set_results */ ;
/*!50003 SET @saved_col_connection = @@collation_connection */ ;
/*!50003 SET character_set_client  = utf8 */ ;
/*!50003 SET character_set_results = utf8 */ ;
/*!50003 SET collation_connection  = utf8_general_ci */ ;
/*!50003 SET @saved_sql_mode       = @@sql_mode */ ;
/*!50003 SET sql_mode              = 'NO_ENGINE_SUBSTITUTION' */ ;
DELIMITER ;;
CREATE DEFINER=`root`@`localhost` PROCEDURE `createTuitionFee`(aFeeTitle VARCHAR(100),aFeeAmount DECIMAL, aFeeDescription TEXT, aFeeTypeId INT,aGradeLevelId INT, aSchoolYearId INT, aAddedByUserId INT, aLastEditedByUserId INT)
BEGIN
	
    DECLARE myFeeId INT;
    DECLARE myTuitionId INT;
    DECLARE EXIT HANDLER FOR sqlexception
    BEGIN
		ROLLBACK;
        SELECT 'error occured' AS msg;
        RESIGNAL;
    END;

	START TRANSACTION;
	
    IF NOT EXISTS(SELECT id FROM tuition WHERE gradelevel_id = aGradeLevelId AND schoolyear_id = aSchoolYearId)
    THEN
		INSERT INTO tuition(gradelevel_id,schoolyear_id)VALUES(aGradeLevelId,aSchoolYearId);
        
        SELECT LAST_INSERT_ID() INTO myTuitionId;
        INSERT INTO fees(title, amount, description, feetype_id)
    VALUES(aFeeTitle,aFeeAmount,aFeeDescription,aFeeTypeId);
    
    
	SELECT LAST_INSERT_ID() INTO myFeeId;
    
    INSERT INTO fees_hd(fees_id, addedByUserId, lastEditedByUserId, dateLastEdited)
    VALUES(myFeeId,aAddedByUserId,aLastEditedByUserId,CURRENT_TIMESTAMP);
    
    INSERT INTO tuition_fee(fees_id, tuition_id)
    VALUES(myFeeId,myTuitionId);
    
    
    ELSE
		
		SELECT t.id INTO myTuitionId FROM tuition t WHERE t.gradelevel_id = aGradeLevelId AND t.schoolyear_id = aSchoolYearId;
    
    
    INSERT INTO fees(title, amount, description, feetype_id)
    VALUES(aFeeTitle,aFeeAmount,aFeeDescription,aFeeTypeId);
    SELECT LAST_INSERT_ID() INTO myFeeId;
    INSERT INTO fees_hd(fees_id, addedByUserId, lastEditedByUserId, dateLastEdited)
    VALUES(myFeeId,aAddedByUserId,aLastEditedByUserId,CURRENT_TIMESTAMP);
    
    
    INSERT INTO tuition_fee(fees_id, tuition_id)
    VALUES(myFeeId,myTuitionId);
    
    END IF;
    
    COMMIT;
END ;;
DELIMITER ;
/*!50003 SET sql_mode              = @saved_sql_mode */ ;
/*!50003 SET character_set_client  = @saved_cs_client */ ;
/*!50003 SET character_set_results = @saved_cs_results */ ;
/*!50003 SET collation_connection  = @saved_col_connection */ ;
/*!50003 DROP PROCEDURE IF EXISTS `credentialAlreadyExists` */;
/*!50003 SET @saved_cs_client      = @@character_set_client */ ;
/*!50003 SET @saved_cs_results     = @@character_set_results */ ;
/*!50003 SET @saved_col_connection = @@collation_connection */ ;
/*!50003 SET character_set_client  = utf8 */ ;
/*!50003 SET character_set_results = utf8 */ ;
/*!50003 SET collation_connection  = utf8_general_ci */ ;
/*!50003 SET @saved_sql_mode       = @@sql_mode */ ;
/*!50003 SET sql_mode              = 'NO_AUTO_CREATE_USER,NO_ENGINE_SUBSTITUTION' */ ;
DELIMITER ;;
CREATE DEFINER=`root`@`localhost` PROCEDURE `credentialAlreadyExists`(aCredentialName VARCHAR(255))
BEGIN

SELECT * FROM credentials_mt WHERE credential_name = aCredentialName;


END ;;
DELIMITER ;
/*!50003 SET sql_mode              = @saved_sql_mode */ ;
/*!50003 SET character_set_client  = @saved_cs_client */ ;
/*!50003 SET character_set_results = @saved_cs_results */ ;
/*!50003 SET collation_connection  = @saved_col_connection */ ;
/*!50003 DROP PROCEDURE IF EXISTS `curriculumExists` */;
/*!50003 SET @saved_cs_client      = @@character_set_client */ ;
/*!50003 SET @saved_cs_results     = @@character_set_results */ ;
/*!50003 SET @saved_col_connection = @@collation_connection */ ;
/*!50003 SET character_set_client  = utf8 */ ;
/*!50003 SET character_set_results = utf8 */ ;
/*!50003 SET collation_connection  = utf8_general_ci */ ;
/*!50003 SET @saved_sql_mode       = @@sql_mode */ ;
/*!50003 SET sql_mode              = 'NO_ENGINE_SUBSTITUTION' */ ;
DELIMITER ;;
CREATE DEFINER=`root`@`localhost` PROCEDURE `curriculumExists`(IN aGradeLevelId INT, IN aSchoolYearId INT)
BEGIN
	select * from curriculum_mt where gradelevel_id = aGradeLevelId AND schoolyear_id = aSchoolYearId;
END ;;
DELIMITER ;
/*!50003 SET sql_mode              = @saved_sql_mode */ ;
/*!50003 SET character_set_client  = @saved_cs_client */ ;
/*!50003 SET character_set_results = @saved_cs_results */ ;
/*!50003 SET collation_connection  = @saved_col_connection */ ;
/*!50003 DROP PROCEDURE IF EXISTS `deactivateGradeLevel` */;
/*!50003 SET @saved_cs_client      = @@character_set_client */ ;
/*!50003 SET @saved_cs_results     = @@character_set_results */ ;
/*!50003 SET @saved_col_connection = @@collation_connection */ ;
/*!50003 SET character_set_client  = utf8 */ ;
/*!50003 SET character_set_results = utf8 */ ;
/*!50003 SET collation_connection  = utf8_general_ci */ ;
/*!50003 SET @saved_sql_mode       = @@sql_mode */ ;
/*!50003 SET sql_mode              = 'NO_ENGINE_SUBSTITUTION' */ ;
DELIMITER ;;
CREATE DEFINER=`root`@`localhost` PROCEDURE `deactivateGradeLevel`(IN aGradeLevelId INT)
BEGIN
	DECLARE EXIT HANDLER FOR sqlexception
    BEGIN
		ROLLBACK;
        RESIGNAL;
    END;
    
    
    START TRANSACTION;

	UPDATE gradelevel_mt SET isActive = 0
    WHERE gradelevel_id = aGradeLevelId;
    
    COMMIT;
END ;;
DELIMITER ;
/*!50003 SET sql_mode              = @saved_sql_mode */ ;
/*!50003 SET character_set_client  = @saved_cs_client */ ;
/*!50003 SET character_set_results = @saved_cs_results */ ;
/*!50003 SET collation_connection  = @saved_col_connection */ ;
/*!50003 DROP PROCEDURE IF EXISTS `deleteAllCurriculumSubjects` */;
/*!50003 SET @saved_cs_client      = @@character_set_client */ ;
/*!50003 SET @saved_cs_results     = @@character_set_results */ ;
/*!50003 SET @saved_col_connection = @@collation_connection */ ;
/*!50003 SET character_set_client  = utf8 */ ;
/*!50003 SET character_set_results = utf8 */ ;
/*!50003 SET collation_connection  = utf8_general_ci */ ;
/*!50003 SET @saved_sql_mode       = @@sql_mode */ ;
/*!50003 SET sql_mode              = 'NO_ENGINE_SUBSTITUTION' */ ;
DELIMITER ;;
CREATE DEFINER=`root`@`localhost` PROCEDURE `deleteAllCurriculumSubjects`(IN p_curriculumId INT, IN p_subjectId INT)
BEGIN

	DELETE FROM curriculum_subjects WHERE curriculumId = p_curriculumId;
END ;;
DELIMITER ;
/*!50003 SET sql_mode              = @saved_sql_mode */ ;
/*!50003 SET character_set_client  = @saved_cs_client */ ;
/*!50003 SET character_set_results = @saved_cs_results */ ;
/*!50003 SET collation_connection  = @saved_col_connection */ ;
/*!50003 DROP PROCEDURE IF EXISTS `deleteAllCurriculumSubjectsOf` */;
/*!50003 SET @saved_cs_client      = @@character_set_client */ ;
/*!50003 SET @saved_cs_results     = @@character_set_results */ ;
/*!50003 SET @saved_col_connection = @@collation_connection */ ;
/*!50003 SET character_set_client  = utf8 */ ;
/*!50003 SET character_set_results = utf8 */ ;
/*!50003 SET collation_connection  = utf8_general_ci */ ;
/*!50003 SET @saved_sql_mode       = @@sql_mode */ ;
/*!50003 SET sql_mode              = 'NO_ENGINE_SUBSTITUTION' */ ;
DELIMITER ;;
CREATE DEFINER=`root`@`localhost` PROCEDURE `deleteAllCurriculumSubjectsOf`(p_curriculumId INT)
BEGIN
	DELETE FROM curriculum_subjects WHERE curriculumId = p_curriculumId;
END ;;
DELIMITER ;
/*!50003 SET sql_mode              = @saved_sql_mode */ ;
/*!50003 SET character_set_client  = @saved_cs_client */ ;
/*!50003 SET character_set_results = @saved_cs_results */ ;
/*!50003 SET collation_connection  = @saved_col_connection */ ;
/*!50003 DROP PROCEDURE IF EXISTS `deleteCreatedCurriculumById` */;
/*!50003 SET @saved_cs_client      = @@character_set_client */ ;
/*!50003 SET @saved_cs_results     = @@character_set_results */ ;
/*!50003 SET @saved_col_connection = @@collation_connection */ ;
/*!50003 SET character_set_client  = utf8 */ ;
/*!50003 SET character_set_results = utf8 */ ;
/*!50003 SET collation_connection  = utf8_general_ci */ ;
/*!50003 SET @saved_sql_mode       = @@sql_mode */ ;
/*!50003 SET sql_mode              = 'NO_ENGINE_SUBSTITUTION' */ ;
DELIMITER ;;
CREATE DEFINER=`root`@`localhost` PROCEDURE `deleteCreatedCurriculumById`(IN pIN_curriculumId INT)
BEGIN
	
    DELETE FROM curriculum_subject_lt WHERE curriculum_id = pIN_curriculumId;
    
END ;;
DELIMITER ;
/*!50003 SET sql_mode              = @saved_sql_mode */ ;
/*!50003 SET character_set_client  = @saved_cs_client */ ;
/*!50003 SET character_set_results = @saved_cs_results */ ;
/*!50003 SET collation_connection  = @saved_col_connection */ ;
/*!50003 DROP PROCEDURE IF EXISTS `deleteDiscount` */;
/*!50003 SET @saved_cs_client      = @@character_set_client */ ;
/*!50003 SET @saved_cs_results     = @@character_set_results */ ;
/*!50003 SET @saved_col_connection = @@collation_connection */ ;
/*!50003 SET character_set_client  = utf8 */ ;
/*!50003 SET character_set_results = utf8 */ ;
/*!50003 SET collation_connection  = utf8_general_ci */ ;
/*!50003 SET @saved_sql_mode       = @@sql_mode */ ;
/*!50003 SET sql_mode              = 'NO_ENGINE_SUBSTITUTION' */ ;
DELIMITER ;;
CREATE DEFINER=`root`@`localhost` PROCEDURE `deleteDiscount`(aDiscountId INT)
BEGIN
	DELETE FROM discount WHERE discount_id = aDiscountId;
END ;;
DELIMITER ;
/*!50003 SET sql_mode              = @saved_sql_mode */ ;
/*!50003 SET character_set_client  = @saved_cs_client */ ;
/*!50003 SET character_set_results = @saved_cs_results */ ;
/*!50003 SET collation_connection  = @saved_col_connection */ ;
/*!50003 DROP PROCEDURE IF EXISTS `deleteFee` */;
/*!50003 SET @saved_cs_client      = @@character_set_client */ ;
/*!50003 SET @saved_cs_results     = @@character_set_results */ ;
/*!50003 SET @saved_col_connection = @@collation_connection */ ;
/*!50003 SET character_set_client  = utf8 */ ;
/*!50003 SET character_set_results = utf8 */ ;
/*!50003 SET collation_connection  = utf8_general_ci */ ;
/*!50003 SET @saved_sql_mode       = @@sql_mode */ ;
/*!50003 SET sql_mode              = 'NO_ENGINE_SUBSTITUTION' */ ;
DELIMITER ;;
CREATE DEFINER=`root`@`localhost` PROCEDURE `deleteFee`(aFeeId INT)
BEGIN

DECLARE EXIT handler for sqlexception
BEGIN
	rollback;
    resignal;
END;

start transaction;

DELETE FROM fee_schoolyear_lt 
WHERE
    fee_id = aFeeId;
DELETE FROM fee_mt 
WHERE
    fee_id = aFeeId;
    
commit;
END ;;
DELIMITER ;
/*!50003 SET sql_mode              = @saved_sql_mode */ ;
/*!50003 SET character_set_client  = @saved_cs_client */ ;
/*!50003 SET character_set_results = @saved_cs_results */ ;
/*!50003 SET collation_connection  = @saved_col_connection */ ;
/*!50003 DROP PROCEDURE IF EXISTS `deleteGradeByStudentId` */;
/*!50003 SET @saved_cs_client      = @@character_set_client */ ;
/*!50003 SET @saved_cs_results     = @@character_set_results */ ;
/*!50003 SET @saved_col_connection = @@collation_connection */ ;
/*!50003 SET character_set_client  = utf8 */ ;
/*!50003 SET character_set_results = utf8 */ ;
/*!50003 SET collation_connection  = utf8_general_ci */ ;
/*!50003 SET @saved_sql_mode       = @@sql_mode */ ;
/*!50003 SET sql_mode              = 'NO_ENGINE_SUBSTITUTION' */ ;
DELIMITER ;;
CREATE DEFINER=`root`@`localhost` PROCEDURE `deleteGradeByStudentId`(IN pIN_studentId INT)
BEGIN
	
    DELETE student_grade, grade FROM student_grade
	INNER JOIN grade
	WHERE student_id = pIN_studentId
	AND isActive = 1;

END ;;
DELIMITER ;
/*!50003 SET sql_mode              = @saved_sql_mode */ ;
/*!50003 SET character_set_client  = @saved_cs_client */ ;
/*!50003 SET character_set_results = @saved_cs_results */ ;
/*!50003 SET collation_connection  = @saved_col_connection */ ;
/*!50003 DROP PROCEDURE IF EXISTS `deleteStudentSectionById` */;
/*!50003 SET @saved_cs_client      = @@character_set_client */ ;
/*!50003 SET @saved_cs_results     = @@character_set_results */ ;
/*!50003 SET @saved_col_connection = @@collation_connection */ ;
/*!50003 SET character_set_client  = utf8 */ ;
/*!50003 SET character_set_results = utf8 */ ;
/*!50003 SET collation_connection  = utf8_general_ci */ ;
/*!50003 SET @saved_sql_mode       = @@sql_mode */ ;
/*!50003 SET sql_mode              = 'NO_ENGINE_SUBSTITUTION' */ ;
DELIMITER ;;
CREATE DEFINER=`root`@`localhost` PROCEDURE `deleteStudentSectionById`(IN pIN_sectionId INT)
BEGIN
	
    
    DELETE FROM section_student 
    WHERE section_id = pIN_sectionId;
    
    
END ;;
DELIMITER ;
/*!50003 SET sql_mode              = @saved_sql_mode */ ;
/*!50003 SET character_set_client  = @saved_cs_client */ ;
/*!50003 SET character_set_results = @saved_cs_results */ ;
/*!50003 SET collation_connection  = @saved_col_connection */ ;
/*!50003 DROP PROCEDURE IF EXISTS `enrollStudent` */;
/*!50003 SET @saved_cs_client      = @@character_set_client */ ;
/*!50003 SET @saved_cs_results     = @@character_set_results */ ;
/*!50003 SET @saved_col_connection = @@collation_connection */ ;
/*!50003 SET character_set_client  = utf8 */ ;
/*!50003 SET character_set_results = utf8 */ ;
/*!50003 SET collation_connection  = utf8_general_ci */ ;
/*!50003 SET @saved_sql_mode       = @@sql_mode */ ;
/*!50003 SET sql_mode              = 'NO_ENGINE_SUBSTITUTION' */ ;
DELIMITER ;;
CREATE DEFINER=`root`@`localhost` PROCEDURE `enrollStudent`(
aSchoolYearId INT, 
aStudentId INT, 
aGradeLevelId INT
)
BEGIN

	DECLARE aEnrollmentId INT;

	DECLARE EXIT HANDLER FOR SQLEXCEPTION
    BEGIN
		ROLLBACK;
        RESIGNAL;
    END;
    
    START TRANSACTION;
    
    SELECT enrollment_id INTO aEnrollmentId FROM enrollment_mt
    WHERE schoolyear_id = aSchoolYearId;
    
    UPDATE student_mt SET isActive = 1 WHERE student_id = aStudentId;
	INSERT INTO schoolyear_student_lt (schoolyear_id,student_id,gradelevel_id)
    VALUES(aSchoolYearId, aStudentId, aGradeLevelId);
    
    
    INSERT INTO enrollment_student_lt
    (enrollment_id, student_id, date_of_enrollment)
    VALUES(aEnrollmentId,aStudentId,CURDATE());
    
    IF CURDATE() < 
		(SELECT DATE(opening_date) 
			FROM enrollment_mt 
				WHERE schoolyear_id = aSchoolYearId)
		THEN 
		UPDATE enrollment_student_lt 
			SET isEarlyEnrollment = 1
				WHERE student_id = aStudentId;
    
	ELSEIF CURDATE() >
		(SELECT DATE(closing_date) 
			FROM enrollment_mt 
				WHERE schoolyear_id = aSchoolYearId)
		THEN
        UPDATE enrollment_student_lt 
			SET isLateEnrollment = 1
				WHERE student_id = aStudentId;
    END IF;
    
    COMMIT;
END ;;
DELIMITER ;
/*!50003 SET sql_mode              = @saved_sql_mode */ ;
/*!50003 SET character_set_client  = @saved_cs_client */ ;
/*!50003 SET character_set_results = @saved_cs_results */ ;
/*!50003 SET collation_connection  = @saved_col_connection */ ;
/*!50003 DROP PROCEDURE IF EXISTS `feeExists` */;
/*!50003 SET @saved_cs_client      = @@character_set_client */ ;
/*!50003 SET @saved_cs_results     = @@character_set_results */ ;
/*!50003 SET @saved_col_connection = @@collation_connection */ ;
/*!50003 SET character_set_client  = utf8 */ ;
/*!50003 SET character_set_results = utf8 */ ;
/*!50003 SET collation_connection  = utf8_general_ci */ ;
/*!50003 SET @saved_sql_mode       = @@sql_mode */ ;
/*!50003 SET sql_mode              = 'NO_ENGINE_SUBSTITUTION' */ ;
DELIMITER ;;
CREATE DEFINER=`root`@`localhost` PROCEDURE `feeExists`(aFeeName VARCHAR(255))
BEGIN
	SELECT * FROM fee_mt f WHERE f.fee_name = aFeeName;
END ;;
DELIMITER ;
/*!50003 SET sql_mode              = @saved_sql_mode */ ;
/*!50003 SET character_set_client  = @saved_cs_client */ ;
/*!50003 SET character_set_results = @saved_cs_results */ ;
/*!50003 SET collation_connection  = @saved_col_connection */ ;
/*!50003 DROP PROCEDURE IF EXISTS `getAdmissionGradeLevelByRegistrationId` */;
/*!50003 SET @saved_cs_client      = @@character_set_client */ ;
/*!50003 SET @saved_cs_results     = @@character_set_results */ ;
/*!50003 SET @saved_col_connection = @@collation_connection */ ;
/*!50003 SET character_set_client  = utf8 */ ;
/*!50003 SET character_set_results = utf8 */ ;
/*!50003 SET collation_connection  = utf8_general_ci */ ;
/*!50003 SET @saved_sql_mode       = @@sql_mode */ ;
/*!50003 SET sql_mode              = 'NO_ENGINE_SUBSTITUTION' */ ;
DELIMITER ;;
CREATE DEFINER=`root`@`localhost` PROCEDURE `getAdmissionGradeLevelByRegistrationId`(
aRegistrationId INT)
BEGIN

SELECT gl.grade_level AS admissionGradeLevel
FROM registration_mt r
INNER JOIN admission_mt a ON r.registration_id = a.registration_id
INNER JOIN gradelevel_mt gl ON r.gradelevel_id = gl.gradelevel_id
WHERE r.registration_id = aRegistrationId;

END ;;
DELIMITER ;
/*!50003 SET sql_mode              = @saved_sql_mode */ ;
/*!50003 SET character_set_client  = @saved_cs_client */ ;
/*!50003 SET character_set_results = @saved_cs_results */ ;
/*!50003 SET collation_connection  = @saved_col_connection */ ;
/*!50003 DROP PROCEDURE IF EXISTS `getAdmissionInfoByRegistrationId` */;
/*!50003 SET @saved_cs_client      = @@character_set_client */ ;
/*!50003 SET @saved_cs_results     = @@character_set_results */ ;
/*!50003 SET @saved_col_connection = @@collation_connection */ ;
/*!50003 SET character_set_client  = utf8 */ ;
/*!50003 SET character_set_results = utf8 */ ;
/*!50003 SET collation_connection  = utf8_general_ci */ ;
/*!50003 SET @saved_sql_mode       = @@sql_mode */ ;
/*!50003 SET sql_mode              = 'NO_ENGINE_SUBSTITUTION' */ ;
DELIMITER ;;
CREATE DEFINER=`root`@`localhost` PROCEDURE `getAdmissionInfoByRegistrationId`(IN aRegistrationId INT)
BEGIN

SELECT * FROM admission_mt WHERE registration_id = aRegistrationId;

END ;;
DELIMITER ;
/*!50003 SET sql_mode              = @saved_sql_mode */ ;
/*!50003 SET character_set_client  = @saved_cs_client */ ;
/*!50003 SET character_set_results = @saved_cs_results */ ;
/*!50003 SET collation_connection  = @saved_col_connection */ ;
/*!50003 DROP PROCEDURE IF EXISTS `getAdmissionStatus` */;
/*!50003 SET @saved_cs_client      = @@character_set_client */ ;
/*!50003 SET @saved_cs_results     = @@character_set_results */ ;
/*!50003 SET @saved_col_connection = @@collation_connection */ ;
/*!50003 SET character_set_client  = utf8 */ ;
/*!50003 SET character_set_results = utf8 */ ;
/*!50003 SET collation_connection  = utf8_general_ci */ ;
/*!50003 SET @saved_sql_mode       = @@sql_mode */ ;
/*!50003 SET sql_mode              = 'NO_ENGINE_SUBSTITUTION' */ ;
DELIMITER ;;
CREATE DEFINER=`root`@`localhost` PROCEDURE `getAdmissionStatus`(aRegistrationId INT)
BEGIN
	SELECT r.isAdmissionComplete FROM registration r WHERE r.registration_id = aRegistrationId;
END ;;
DELIMITER ;
/*!50003 SET sql_mode              = @saved_sql_mode */ ;
/*!50003 SET character_set_client  = @saved_cs_client */ ;
/*!50003 SET character_set_results = @saved_cs_results */ ;
/*!50003 SET collation_connection  = @saved_col_connection */ ;
/*!50003 DROP PROCEDURE IF EXISTS `getAllActiveDiscounts` */;
/*!50003 SET @saved_cs_client      = @@character_set_client */ ;
/*!50003 SET @saved_cs_results     = @@character_set_results */ ;
/*!50003 SET @saved_col_connection = @@collation_connection */ ;
/*!50003 SET character_set_client  = utf8 */ ;
/*!50003 SET character_set_results = utf8 */ ;
/*!50003 SET collation_connection  = utf8_general_ci */ ;
/*!50003 SET @saved_sql_mode       = @@sql_mode */ ;
/*!50003 SET sql_mode              = 'NO_ENGINE_SUBSTITUTION' */ ;
DELIMITER ;;
CREATE DEFINER=`root`@`localhost` PROCEDURE `getAllActiveDiscounts`()
BEGIN
	
SELECT * from discount_mt WHERE isActive = 1;

END ;;
DELIMITER ;
/*!50003 SET sql_mode              = @saved_sql_mode */ ;
/*!50003 SET character_set_client  = @saved_cs_client */ ;
/*!50003 SET character_set_results = @saved_cs_results */ ;
/*!50003 SET collation_connection  = @saved_col_connection */ ;
/*!50003 DROP PROCEDURE IF EXISTS `getAllActiveGradeLevels` */;
/*!50003 SET @saved_cs_client      = @@character_set_client */ ;
/*!50003 SET @saved_cs_results     = @@character_set_results */ ;
/*!50003 SET @saved_col_connection = @@collation_connection */ ;
/*!50003 SET character_set_client  = utf8 */ ;
/*!50003 SET character_set_results = utf8 */ ;
/*!50003 SET collation_connection  = utf8_general_ci */ ;
/*!50003 SET @saved_sql_mode       = @@sql_mode */ ;
/*!50003 SET sql_mode              = 'NO_ENGINE_SUBSTITUTION' */ ;
DELIMITER ;;
CREATE DEFINER=`root`@`localhost` PROCEDURE `getAllActiveGradeLevels`()
BEGIN
	SELECT * FROM gradelevel_mt WHERE isActive = 1;
END ;;
DELIMITER ;
/*!50003 SET sql_mode              = @saved_sql_mode */ ;
/*!50003 SET character_set_client  = @saved_cs_client */ ;
/*!50003 SET character_set_results = @saved_cs_results */ ;
/*!50003 SET collation_connection  = @saved_col_connection */ ;
/*!50003 DROP PROCEDURE IF EXISTS `getAllActivePaymentTerms` */;
/*!50003 SET @saved_cs_client      = @@character_set_client */ ;
/*!50003 SET @saved_cs_results     = @@character_set_results */ ;
/*!50003 SET @saved_col_connection = @@collation_connection */ ;
/*!50003 SET character_set_client  = utf8 */ ;
/*!50003 SET character_set_results = utf8 */ ;
/*!50003 SET collation_connection  = utf8_general_ci */ ;
/*!50003 SET @saved_sql_mode       = @@sql_mode */ ;
/*!50003 SET sql_mode              = 'NO_ENGINE_SUBSTITUTION' */ ;
DELIMITER ;;
CREATE DEFINER=`root`@`localhost` PROCEDURE `getAllActivePaymentTerms`()
BEGIN
	SELECT * FROM paymentterm_mt WHERE isActive = 1;
END ;;
DELIMITER ;
/*!50003 SET sql_mode              = @saved_sql_mode */ ;
/*!50003 SET character_set_client  = @saved_cs_client */ ;
/*!50003 SET character_set_results = @saved_cs_results */ ;
/*!50003 SET collation_connection  = @saved_col_connection */ ;
/*!50003 DROP PROCEDURE IF EXISTS `getAllActiveStudentsOfCurrentSchoolYear` */;
/*!50003 SET @saved_cs_client      = @@character_set_client */ ;
/*!50003 SET @saved_cs_results     = @@character_set_results */ ;
/*!50003 SET @saved_col_connection = @@collation_connection */ ;
/*!50003 SET character_set_client  = utf8 */ ;
/*!50003 SET character_set_results = utf8 */ ;
/*!50003 SET collation_connection  = utf8_general_ci */ ;
/*!50003 SET @saved_sql_mode       = @@sql_mode */ ;
/*!50003 SET sql_mode              = 'NO_ENGINE_SUBSTITUTION' */ ;
DELIMITER ;;
CREATE DEFINER=`root`@`localhost` PROCEDURE `getAllActiveStudentsOfCurrentSchoolYear`()
BEGIN

SELECT sy.*,r.*,s.*,a.*,
s.student_type AS aStudentType,
s.isActive AS aStudentStatus 
FROM registration_mt r
INNER JOIN admission_mt a ON r.registration_id = a.registration_Id
INNER JOIN student_mt s ON r.registration_id = s.registration_id
LEFT JOIN schoolyear_student_lt sslt ON s.student_id = sslt.student_id
LEFT JOIN schoolyear_mt sy ON sslt.schoolyear_id =  sy.schoolyear_id
WHERE sy.isCurrentSchoolYear = 1 AND 
s.isActive = 1
ORDER BY r.lastname;


END ;;
DELIMITER ;
/*!50003 SET sql_mode              = @saved_sql_mode */ ;
/*!50003 SET character_set_client  = @saved_cs_client */ ;
/*!50003 SET character_set_results = @saved_cs_results */ ;
/*!50003 SET collation_connection  = @saved_col_connection */ ;
/*!50003 DROP PROCEDURE IF EXISTS `getAllAddedStudentBySectionId` */;
/*!50003 SET @saved_cs_client      = @@character_set_client */ ;
/*!50003 SET @saved_cs_results     = @@character_set_results */ ;
/*!50003 SET @saved_col_connection = @@collation_connection */ ;
/*!50003 SET character_set_client  = utf8 */ ;
/*!50003 SET character_set_results = utf8 */ ;
/*!50003 SET collation_connection  = utf8_general_ci */ ;
/*!50003 SET @saved_sql_mode       = @@sql_mode */ ;
/*!50003 SET sql_mode              = 'NO_ENGINE_SUBSTITUTION' */ ;
DELIMITER ;;
CREATE DEFINER=`root`@`localhost` PROCEDURE `getAllAddedStudentBySectionId`(IN pIN_gradeLevelId INT, IN pIN_sectionId INT)
BEGIN
	
   SELECT 
		student_mt.student_id, 
		registration_mt.firstname, registration_mt.middlename, registration_mt.lastname,
		grade.gwa

	FROM schoolyear_student_lt
		
	INNER JOIN student_mt ON student_mt.student_id = schoolyear_student_lt.student_id
	INNER JOIN registration_mt ON registration_mt.registration_id = student_mt.registration_id
	LEFT JOIN student_grade ON student_grade.student_id = student_mt.student_id
	LEFT JOIN grade ON grade.grade_id = student_grade.grade_id
    
	WHERE schoolyear_student_lt.isActive = 1
    AND schoolyear_student_lt.gradelevel_id = pIN_gradeLevelId
    AND schoolyear_student_lt.section_id = pIN_sectionId
    
    GROUP BY
    student_mt.student_id, 
	registration_mt.firstname, registration_mt.middlename, registration_mt.lastname,
	grade.gwa;
    
END ;;
DELIMITER ;
/*!50003 SET sql_mode              = @saved_sql_mode */ ;
/*!50003 SET character_set_client  = @saved_cs_client */ ;
/*!50003 SET character_set_results = @saved_cs_results */ ;
/*!50003 SET collation_connection  = @saved_col_connection */ ;
/*!50003 DROP PROCEDURE IF EXISTS `getAllCreatedCurriculumInfo` */;
/*!50003 SET @saved_cs_client      = @@character_set_client */ ;
/*!50003 SET @saved_cs_results     = @@character_set_results */ ;
/*!50003 SET @saved_col_connection = @@collation_connection */ ;
/*!50003 SET character_set_client  = utf8 */ ;
/*!50003 SET character_set_results = utf8 */ ;
/*!50003 SET collation_connection  = utf8_general_ci */ ;
/*!50003 SET @saved_sql_mode       = @@sql_mode */ ;
/*!50003 SET sql_mode              = 'NO_ENGINE_SUBSTITUTION' */ ;
DELIMITER ;;
CREATE DEFINER=`root`@`localhost` PROCEDURE `getAllCreatedCurriculumInfo`()
BEGIN

	SELECT 
		curriculum_mt.curriculum_id,
		subject_mt.code, subject_mt.title, 
        schoolyear_mt.yearFrom, schoolyear_mt.yearTo
			FROM curriculum_subject_lt
		INNER JOIN subject_mt ON subject_mt.subject_id = curriculum_subject_lt.subject_id
        INNER JOIN curriculum_mt ON curriculum_mt.curriculum_id = curriculum_subject_lt.curriculum_id
        INNER JOIN schoolyear_mt ON schoolyear_mt.schoolyear_id = curriculum_mt.schoolyear_id;

END ;;
DELIMITER ;
/*!50003 SET sql_mode              = @saved_sql_mode */ ;
/*!50003 SET character_set_client  = @saved_cs_client */ ;
/*!50003 SET character_set_results = @saved_cs_results */ ;
/*!50003 SET collation_connection  = @saved_col_connection */ ;
/*!50003 DROP PROCEDURE IF EXISTS `getAllCredentials` */;
/*!50003 SET @saved_cs_client      = @@character_set_client */ ;
/*!50003 SET @saved_cs_results     = @@character_set_results */ ;
/*!50003 SET @saved_col_connection = @@collation_connection */ ;
/*!50003 SET character_set_client  = utf8 */ ;
/*!50003 SET character_set_results = utf8 */ ;
/*!50003 SET collation_connection  = utf8_general_ci */ ;
/*!50003 SET @saved_sql_mode       = @@sql_mode */ ;
/*!50003 SET sql_mode              = 'NO_AUTO_CREATE_USER,NO_ENGINE_SUBSTITUTION' */ ;
DELIMITER ;;
CREATE DEFINER=`root`@`localhost` PROCEDURE `getAllCredentials`()
BEGIN

SELECT c.*,cr.*,gl.grade_level,sy.yearFrom, sy.yearTo FROM credentials_mt c
INNER JOIN credential_requirements_lt cr ON c.credential_id
INNER JOIN gradelevel_mt gl ON cr.gradelevel_id = gl.gradelevel_id
INNER JOIN schoolyear_mt sy ON cr.schoolyear_id = sy.schoolyear_id
GROUP BY c.credential_name;

END ;;
DELIMITER ;
/*!50003 SET sql_mode              = @saved_sql_mode */ ;
/*!50003 SET character_set_client  = @saved_cs_client */ ;
/*!50003 SET character_set_results = @saved_cs_results */ ;
/*!50003 SET collation_connection  = @saved_col_connection */ ;
/*!50003 DROP PROCEDURE IF EXISTS `getAllCurriculum` */;
/*!50003 SET @saved_cs_client      = @@character_set_client */ ;
/*!50003 SET @saved_cs_results     = @@character_set_results */ ;
/*!50003 SET @saved_col_connection = @@collation_connection */ ;
/*!50003 SET character_set_client  = utf8 */ ;
/*!50003 SET character_set_results = utf8 */ ;
/*!50003 SET collation_connection  = utf8_general_ci */ ;
/*!50003 SET @saved_sql_mode       = @@sql_mode */ ;
/*!50003 SET sql_mode              = 'NO_ENGINE_SUBSTITUTION' */ ;
DELIMITER ;;
CREATE DEFINER=`root`@`localhost` PROCEDURE `getAllCurriculum`()
BEGIN
	
	SELECT 
		curriculum_mt.curriculum_id,
		schoolyear_mt.yearFrom, schoolyear_mt.yearTo, 
        gradelevel_mt.grade_level, curriculum_mt.description, 
        DATE_FORMAT(curriculum_mt.date_created, "%M %e %Y %h:%i %p") AS date_created, 
        curriculum_mt.isActive
			FROM curriculum_subject_lt
				INNER JOIN curriculum_mt ON curriculum_mt.curriculum_id = curriculum_subject_lt.curriculum_id
				INNER JOIN schoolyear_mt ON schoolyear_mt.schoolyear_id = curriculum_mt.schoolyear_id
				INNER JOIN gradelevel_mt ON gradelevel_mt.gradelevel_id = curriculum_mt.gradelevel_id
                GROUP BY curriculum_mt.curriculum_id;
END ;;
DELIMITER ;
/*!50003 SET sql_mode              = @saved_sql_mode */ ;
/*!50003 SET character_set_client  = @saved_cs_client */ ;
/*!50003 SET character_set_results = @saved_cs_results */ ;
/*!50003 SET collation_connection  = @saved_col_connection */ ;
/*!50003 DROP PROCEDURE IF EXISTS `getAllCurriculumByStartYear` */;
/*!50003 SET @saved_cs_client      = @@character_set_client */ ;
/*!50003 SET @saved_cs_results     = @@character_set_results */ ;
/*!50003 SET @saved_col_connection = @@collation_connection */ ;
/*!50003 SET character_set_client  = utf8 */ ;
/*!50003 SET character_set_results = utf8 */ ;
/*!50003 SET collation_connection  = utf8_general_ci */ ;
/*!50003 SET @saved_sql_mode       = @@sql_mode */ ;
/*!50003 SET sql_mode              = 'NO_ENGINE_SUBSTITUTION' */ ;
DELIMITER ;;
CREATE DEFINER=`root`@`localhost` PROCEDURE `getAllCurriculumByStartYear`(
	IN pIN_schoolYearStart VARCHAR(50)
)
BEGIN
	
    SELECT curriculum_mt.curriculum_title FROM curriculum_subject_lt
		INNER JOIN curriculum_mt ON curriculum_mt.curriculum_id = curriculum_subject_lt.curriculum_id
		INNER JOIN schoolyear_mt ON schoolyear_mt.schoolyear_id = curriculum_mt.schoolyear_id
			WHERE schoolyear_mt.yearFrom = pIN_schoolYearStart;

END ;;
DELIMITER ;
/*!50003 SET sql_mode              = @saved_sql_mode */ ;
/*!50003 SET character_set_client  = @saved_cs_client */ ;
/*!50003 SET character_set_results = @saved_cs_results */ ;
/*!50003 SET collation_connection  = @saved_col_connection */ ;
/*!50003 DROP PROCEDURE IF EXISTS `getAllCurriculumInfo` */;
/*!50003 SET @saved_cs_client      = @@character_set_client */ ;
/*!50003 SET @saved_cs_results     = @@character_set_results */ ;
/*!50003 SET @saved_col_connection = @@collation_connection */ ;
/*!50003 SET character_set_client  = utf8 */ ;
/*!50003 SET character_set_results = utf8 */ ;
/*!50003 SET collation_connection  = utf8_general_ci */ ;
/*!50003 SET @saved_sql_mode       = @@sql_mode */ ;
/*!50003 SET sql_mode              = 'NO_ENGINE_SUBSTITUTION' */ ;
DELIMITER ;;
CREATE DEFINER=`root`@`localhost` PROCEDURE `getAllCurriculumInfo`()
BEGIN
	SELECT 
    c.*,
    es.educationstage,
    chd.dateAdded,
    CONCAT(uA.lastname,', ',uA.firstname,' ',uA.middlename) AS addedBy,
    chd.dateLastEdited,
    CONCAT(uB.lastname,', ',uB.firstname,' ',uB.middlename) AS lastEditedBy,
    gl.`level`,
    sy.yearFrom,
    sy.yearTo
    
    FROM 		curriculum 				c
    
    INNER JOIN 	gradelevel 				gl 	ON c.gradelevel_id = gl.gradelevel_id
    
    INNER JOIN 	curriculum_schoolyears 	csy ON c.curriculum_id = csy.curriculum_id
    
    INNER JOIN 	schoolyear	 			sy 	ON csy.schoolyear_id = sy.schoolyear_id
    
    INNER JOIN 	curriculum_hd 			chd ON c.curriculum_id = chd.curriculum_id
    
    INNER JOIN 	user					uA	ON chd.addedBy_UserId = uA.user_id
    
    INNER JOIN 	user					uB	ON chd.editedBy_UserId = uB.user_id
    
    INNER JOIN 	educationalstage		es	ON c.educationalstage_id = es.educationalstage_id
    
    ORDER BY `yearFrom`;
    
     
END ;;
DELIMITER ;
/*!50003 SET sql_mode              = @saved_sql_mode */ ;
/*!50003 SET character_set_client  = @saved_cs_client */ ;
/*!50003 SET character_set_results = @saved_cs_results */ ;
/*!50003 SET collation_connection  = @saved_col_connection */ ;
/*!50003 DROP PROCEDURE IF EXISTS `getAllCurriculumNameByGradeLevel` */;
/*!50003 SET @saved_cs_client      = @@character_set_client */ ;
/*!50003 SET @saved_cs_results     = @@character_set_results */ ;
/*!50003 SET @saved_col_connection = @@collation_connection */ ;
/*!50003 SET character_set_client  = utf8 */ ;
/*!50003 SET character_set_results = utf8 */ ;
/*!50003 SET collation_connection  = utf8_general_ci */ ;
/*!50003 SET @saved_sql_mode       = @@sql_mode */ ;
/*!50003 SET sql_mode              = 'NO_ENGINE_SUBSTITUTION' */ ;
DELIMITER ;;
CREATE DEFINER=`root`@`localhost` PROCEDURE `getAllCurriculumNameByGradeLevel`(IN pIN_gradeLevel INT)
BEGIN
	SELECT curriculum_title FROM curriculum_mt 
    INNER JOIN gradelevel_mt ON gradelevel_mt.gradelevel_id = curriculum_mt.gradelevel_id
    WHERE gradelevel_mt.grade_level = pIN_gradeLevel;
END ;;
DELIMITER ;
/*!50003 SET sql_mode              = @saved_sql_mode */ ;
/*!50003 SET character_set_client  = @saved_cs_client */ ;
/*!50003 SET character_set_results = @saved_cs_results */ ;
/*!50003 SET collation_connection  = @saved_col_connection */ ;
/*!50003 DROP PROCEDURE IF EXISTS `getAllDiscounts` */;
/*!50003 SET @saved_cs_client      = @@character_set_client */ ;
/*!50003 SET @saved_cs_results     = @@character_set_results */ ;
/*!50003 SET @saved_col_connection = @@collation_connection */ ;
/*!50003 SET character_set_client  = utf8 */ ;
/*!50003 SET character_set_results = utf8 */ ;
/*!50003 SET collation_connection  = utf8_general_ci */ ;
/*!50003 SET @saved_sql_mode       = @@sql_mode */ ;
/*!50003 SET sql_mode              = 'NO_ENGINE_SUBSTITUTION' */ ;
DELIMITER ;;
CREATE DEFINER=`root`@`localhost` PROCEDURE `getAllDiscounts`()
BEGIN
	SELECT * FROM discount;
END ;;
DELIMITER ;
/*!50003 SET sql_mode              = @saved_sql_mode */ ;
/*!50003 SET character_set_client  = @saved_cs_client */ ;
/*!50003 SET character_set_results = @saved_cs_results */ ;
/*!50003 SET collation_connection  = @saved_col_connection */ ;
/*!50003 DROP PROCEDURE IF EXISTS `getAllEnrollmentSchedulesOfAllSchoolYears` */;
/*!50003 SET @saved_cs_client      = @@character_set_client */ ;
/*!50003 SET @saved_cs_results     = @@character_set_results */ ;
/*!50003 SET @saved_col_connection = @@collation_connection */ ;
/*!50003 SET character_set_client  = utf8 */ ;
/*!50003 SET character_set_results = utf8 */ ;
/*!50003 SET collation_connection  = utf8_general_ci */ ;
/*!50003 SET @saved_sql_mode       = @@sql_mode */ ;
/*!50003 SET sql_mode              = 'NO_ENGINE_SUBSTITUTION' */ ;
DELIMITER ;;
CREATE DEFINER=`root`@`localhost` PROCEDURE `getAllEnrollmentSchedulesOfAllSchoolYears`()
BEGIN

SELECT 
    e.enrollment_id,
    e.schoolyear_id,sy.yearFrom, sy.yearTo,
    e.opening_date, e.closing_date, 
    IF(e.closing_date < CURDATE(),1,0) AS isClosed,
    e.date_created
    FROM enrollment_mt e
    INNER JOIN schoolyear_mt sy ON e.schoolyear_id = sy.schoolyear_id;

END ;;
DELIMITER ;
/*!50003 SET sql_mode              = @saved_sql_mode */ ;
/*!50003 SET character_set_client  = @saved_cs_client */ ;
/*!50003 SET character_set_results = @saved_cs_results */ ;
/*!50003 SET collation_connection  = @saved_col_connection */ ;
/*!50003 DROP PROCEDURE IF EXISTS `getAllFaculty` */;
/*!50003 SET @saved_cs_client      = @@character_set_client */ ;
/*!50003 SET @saved_cs_results     = @@character_set_results */ ;
/*!50003 SET @saved_col_connection = @@collation_connection */ ;
/*!50003 SET character_set_client  = utf8 */ ;
/*!50003 SET character_set_results = utf8 */ ;
/*!50003 SET collation_connection  = utf8_general_ci */ ;
/*!50003 SET @saved_sql_mode       = @@sql_mode */ ;
/*!50003 SET sql_mode              = 'NO_ENGINE_SUBSTITUTION' */ ;
DELIMITER ;;
CREATE DEFINER=`root`@`localhost` PROCEDURE `getAllFaculty`()
BEGIN
	
    SELECT
     faculty_mt.firstName, faculty_mt.middleName, faculty_mt.lastName
	FROM faculty_mt
	LEFT JOIN section_settings_lt ON section_settings_lt.adviser_id = faculty_mt.faculty_id
	WHERE
    section_settings_lt.adviser_id IS NULL;
    
END ;;
DELIMITER ;
/*!50003 SET sql_mode              = @saved_sql_mode */ ;
/*!50003 SET character_set_client  = @saved_cs_client */ ;
/*!50003 SET character_set_results = @saved_cs_results */ ;
/*!50003 SET collation_connection  = @saved_col_connection */ ;
/*!50003 DROP PROCEDURE IF EXISTS `getAllFacultyByAdviserId` */;
/*!50003 SET @saved_cs_client      = @@character_set_client */ ;
/*!50003 SET @saved_cs_results     = @@character_set_results */ ;
/*!50003 SET @saved_col_connection = @@collation_connection */ ;
/*!50003 SET character_set_client  = utf8 */ ;
/*!50003 SET character_set_results = utf8 */ ;
/*!50003 SET collation_connection  = utf8_general_ci */ ;
/*!50003 SET @saved_sql_mode       = @@sql_mode */ ;
/*!50003 SET sql_mode              = 'NO_ENGINE_SUBSTITUTION' */ ;
DELIMITER ;;
CREATE DEFINER=`root`@`localhost` PROCEDURE `getAllFacultyByAdviserId`(IN pIN_adviserId INT)
BEGIN
	
    SELECT 
	faculty_mt.faculty_id, faculty_mt.firstName, faculty_mt.middleName, faculty_mt.lastName
    
    FROM faculty_schedule
    
    INNER JOIN faculty_mt ON faculty_mt.faculty_id = faculty_schedule.faculty_id
    INNER JOIN schedule_mt ON schedule_mt.schedule_id = faculty_schedule.schedule_id
    INNER JOIN section_mt ON section_mt.section_id = schedule_mt.section_id
    INNER JOIN section_settings_lt ON section_settings_lt.section_id = section_mt.section_id
    
    WHERE section_settings_lt.adviser_id = pIN_adviserId
    AND schedule_mt.isActive = 1
    
    GROUP BY faculty_id;

END ;;
DELIMITER ;
/*!50003 SET sql_mode              = @saved_sql_mode */ ;
/*!50003 SET character_set_client  = @saved_cs_client */ ;
/*!50003 SET character_set_results = @saved_cs_results */ ;
/*!50003 SET collation_connection  = @saved_col_connection */ ;
/*!50003 DROP PROCEDURE IF EXISTS `getAllFacultySectionByFacultyId` */;
/*!50003 SET @saved_cs_client      = @@character_set_client */ ;
/*!50003 SET @saved_cs_results     = @@character_set_results */ ;
/*!50003 SET @saved_col_connection = @@collation_connection */ ;
/*!50003 SET character_set_client  = utf8 */ ;
/*!50003 SET character_set_results = utf8 */ ;
/*!50003 SET collation_connection  = utf8_general_ci */ ;
/*!50003 SET @saved_sql_mode       = @@sql_mode */ ;
/*!50003 SET sql_mode              = 'NO_ENGINE_SUBSTITUTION' */ ;
DELIMITER ;;
CREATE DEFINER=`root`@`localhost` PROCEDURE `getAllFacultySectionByFacultyId`(IN pIN_facultyId INT)
BEGIN
	SELECT section_mt.sectionName FROM faculty_schedule
		INNER JOIN schedule_mt ON schedule_mt.schedule_id = faculty_schedule.schedule_id
		INNER JOIN section_mt ON section_mt.section_id = schedule_mt.section_id
        
        WHERE faculty_schedule.faculty_id = pIN_facultyId
        
        GROUP BY section_mt.section_id;
    
    
END ;;
DELIMITER ;
/*!50003 SET sql_mode              = @saved_sql_mode */ ;
/*!50003 SET character_set_client  = @saved_cs_client */ ;
/*!50003 SET character_set_results = @saved_cs_results */ ;
/*!50003 SET collation_connection  = @saved_col_connection */ ;
/*!50003 DROP PROCEDURE IF EXISTS `getAllFeeCategory` */;
/*!50003 SET @saved_cs_client      = @@character_set_client */ ;
/*!50003 SET @saved_cs_results     = @@character_set_results */ ;
/*!50003 SET @saved_col_connection = @@collation_connection */ ;
/*!50003 SET character_set_client  = utf8 */ ;
/*!50003 SET character_set_results = utf8 */ ;
/*!50003 SET collation_connection  = utf8_general_ci */ ;
/*!50003 SET @saved_sql_mode       = @@sql_mode */ ;
/*!50003 SET sql_mode              = 'NO_ENGINE_SUBSTITUTION' */ ;
DELIMITER ;;
CREATE DEFINER=`root`@`localhost` PROCEDURE `getAllFeeCategory`()
BEGIN
	SELECT * FROM fee_category_mt;
END ;;
DELIMITER ;
/*!50003 SET sql_mode              = @saved_sql_mode */ ;
/*!50003 SET character_set_client  = @saved_cs_client */ ;
/*!50003 SET character_set_results = @saved_cs_results */ ;
/*!50003 SET collation_connection  = @saved_col_connection */ ;
/*!50003 DROP PROCEDURE IF EXISTS `getAllFeeNames` */;
/*!50003 SET @saved_cs_client      = @@character_set_client */ ;
/*!50003 SET @saved_cs_results     = @@character_set_results */ ;
/*!50003 SET @saved_col_connection = @@collation_connection */ ;
/*!50003 SET character_set_client  = utf8 */ ;
/*!50003 SET character_set_results = utf8 */ ;
/*!50003 SET collation_connection  = utf8_general_ci */ ;
/*!50003 SET @saved_sql_mode       = @@sql_mode */ ;
/*!50003 SET sql_mode              = 'NO_ENGINE_SUBSTITUTION' */ ;
DELIMITER ;;
CREATE DEFINER=`root`@`localhost` PROCEDURE `getAllFeeNames`()
BEGIN
	SELECT fee_name FROM fee_mt;
END ;;
DELIMITER ;
/*!50003 SET sql_mode              = @saved_sql_mode */ ;
/*!50003 SET character_set_client  = @saved_cs_client */ ;
/*!50003 SET character_set_results = @saved_cs_results */ ;
/*!50003 SET collation_connection  = @saved_col_connection */ ;
/*!50003 DROP PROCEDURE IF EXISTS `getAllFeesInfo` */;
/*!50003 SET @saved_cs_client      = @@character_set_client */ ;
/*!50003 SET @saved_cs_results     = @@character_set_results */ ;
/*!50003 SET @saved_col_connection = @@collation_connection */ ;
/*!50003 SET character_set_client  = utf8 */ ;
/*!50003 SET character_set_results = utf8 */ ;
/*!50003 SET collation_connection  = utf8_general_ci */ ;
/*!50003 SET @saved_sql_mode       = @@sql_mode */ ;
/*!50003 SET sql_mode              = 'NO_ENGINE_SUBSTITUTION' */ ;
DELIMITER ;;
CREATE DEFINER=`root`@`localhost` PROCEDURE `getAllFeesInfo`()
BEGIN

SELECT 
f1.*, f2.*,
gl.*,
f3.*

FROM fee_mt f1 
INNER JOIN fee_schoolyear_lt f2 ON f1.fee_id = f2.fee_id
INNER JOIN fee_category_mt f3 ON f1.fee_category_id = f3.fee_category_id
INNER JOIN gradelevel_mt gl ON f2.gradelevel_id = gl.gradelevel_id;


END ;;
DELIMITER ;
/*!50003 SET sql_mode              = @saved_sql_mode */ ;
/*!50003 SET character_set_client  = @saved_cs_client */ ;
/*!50003 SET character_set_results = @saved_cs_results */ ;
/*!50003 SET collation_connection  = @saved_col_connection */ ;
/*!50003 DROP PROCEDURE IF EXISTS `getAllGradeLevelsInfo` */;
/*!50003 SET @saved_cs_client      = @@character_set_client */ ;
/*!50003 SET @saved_cs_results     = @@character_set_results */ ;
/*!50003 SET @saved_col_connection = @@collation_connection */ ;
/*!50003 SET character_set_client  = utf8 */ ;
/*!50003 SET character_set_results = utf8 */ ;
/*!50003 SET collation_connection  = utf8_general_ci */ ;
/*!50003 SET @saved_sql_mode       = @@sql_mode */ ;
/*!50003 SET sql_mode              = 'NO_ENGINE_SUBSTITUTION' */ ;
DELIMITER ;;
CREATE DEFINER=`root`@`localhost` PROCEDURE `getAllGradeLevelsInfo`()
BEGIN
	SELECT * FROM gradelevel_mt ;
END ;;
DELIMITER ;
/*!50003 SET sql_mode              = @saved_sql_mode */ ;
/*!50003 SET character_set_client  = @saved_cs_client */ ;
/*!50003 SET character_set_results = @saved_cs_results */ ;
/*!50003 SET collation_connection  = @saved_col_connection */ ;
/*!50003 DROP PROCEDURE IF EXISTS `getAllGradeLevelsStudentPassed` */;
/*!50003 SET @saved_cs_client      = @@character_set_client */ ;
/*!50003 SET @saved_cs_results     = @@character_set_results */ ;
/*!50003 SET @saved_col_connection = @@collation_connection */ ;
/*!50003 SET character_set_client  = utf8 */ ;
/*!50003 SET character_set_results = utf8 */ ;
/*!50003 SET collation_connection  = utf8_general_ci */ ;
/*!50003 SET @saved_sql_mode       = @@sql_mode */ ;
/*!50003 SET sql_mode              = 'NO_ENGINE_SUBSTITUTION' */ ;
DELIMITER ;;
CREATE DEFINER=`root`@`localhost` PROCEDURE `getAllGradeLevelsStudentPassed`(aStudentId INT)
BEGIN

SELECT grade_level FROM schoolyear_student_lt sslt
INNER JOIN gradelevel_mt gl ON sslt.gradelevel_id = gl.gradelevel_id
WHERE 
student_id = aStudentId AND passed = 1;

END ;;
DELIMITER ;
/*!50003 SET sql_mode              = @saved_sql_mode */ ;
/*!50003 SET character_set_client  = @saved_cs_client */ ;
/*!50003 SET character_set_results = @saved_cs_results */ ;
/*!50003 SET collation_connection  = @saved_col_connection */ ;
/*!50003 DROP PROCEDURE IF EXISTS `getAllInactiveGradeLevels` */;
/*!50003 SET @saved_cs_client      = @@character_set_client */ ;
/*!50003 SET @saved_cs_results     = @@character_set_results */ ;
/*!50003 SET @saved_col_connection = @@collation_connection */ ;
/*!50003 SET character_set_client  = utf8 */ ;
/*!50003 SET character_set_results = utf8 */ ;
/*!50003 SET collation_connection  = utf8_general_ci */ ;
/*!50003 SET @saved_sql_mode       = @@sql_mode */ ;
/*!50003 SET sql_mode              = 'NO_ENGINE_SUBSTITUTION' */ ;
DELIMITER ;;
CREATE DEFINER=`root`@`localhost` PROCEDURE `getAllInactiveGradeLevels`()
BEGIN
SELECT * FROM gradelevel_mt WHERE isActive = 0;
END ;;
DELIMITER ;
/*!50003 SET sql_mode              = @saved_sql_mode */ ;
/*!50003 SET character_set_client  = @saved_cs_client */ ;
/*!50003 SET character_set_results = @saved_cs_results */ ;
/*!50003 SET collation_connection  = @saved_col_connection */ ;
/*!50003 DROP PROCEDURE IF EXISTS `getAllInActivePaymentTerms` */;
/*!50003 SET @saved_cs_client      = @@character_set_client */ ;
/*!50003 SET @saved_cs_results     = @@character_set_results */ ;
/*!50003 SET @saved_col_connection = @@collation_connection */ ;
/*!50003 SET character_set_client  = utf8 */ ;
/*!50003 SET character_set_results = utf8 */ ;
/*!50003 SET collation_connection  = utf8_general_ci */ ;
/*!50003 SET @saved_sql_mode       = @@sql_mode */ ;
/*!50003 SET sql_mode              = 'NO_ENGINE_SUBSTITUTION' */ ;
DELIMITER ;;
CREATE DEFINER=`root`@`localhost` PROCEDURE `getAllInActivePaymentTerms`()
BEGIN
	SELECT * FROM paymentterm_mt WHERE isActive = 0;
END ;;
DELIMITER ;
/*!50003 SET sql_mode              = @saved_sql_mode */ ;
/*!50003 SET character_set_client  = @saved_cs_client */ ;
/*!50003 SET character_set_results = @saved_cs_results */ ;
/*!50003 SET collation_connection  = @saved_col_connection */ ;
/*!50003 DROP PROCEDURE IF EXISTS `getAllInactiveStudents` */;
/*!50003 SET @saved_cs_client      = @@character_set_client */ ;
/*!50003 SET @saved_cs_results     = @@character_set_results */ ;
/*!50003 SET @saved_col_connection = @@collation_connection */ ;
/*!50003 SET character_set_client  = utf8 */ ;
/*!50003 SET character_set_results = utf8 */ ;
/*!50003 SET collation_connection  = utf8_general_ci */ ;
/*!50003 SET @saved_sql_mode       = @@sql_mode */ ;
/*!50003 SET sql_mode              = 'NO_ENGINE_SUBSTITUTION' */ ;
DELIMITER ;;
CREATE DEFINER=`root`@`localhost` PROCEDURE `getAllInactiveStudents`()
BEGIN

SELECT 
r.*,s.*,a.*,
s.student_type AS aStudentType, 
s.isActive AS aStudentStatus 
FROM registration_mt r
INNER JOIN admission_mt a ON r.registration_id = a.registration_Id
INNER JOIN student_mt s ON r.registration_id = s.registration_id
LEFT JOIN schoolyear_student_lt sslt ON s.student_id = sslt.student_id
WHERE s.isActive = 0
GROUP BY r.registration_id ORDER BY r.lastname;


END ;;
DELIMITER ;
/*!50003 SET sql_mode              = @saved_sql_mode */ ;
/*!50003 SET character_set_client  = @saved_cs_client */ ;
/*!50003 SET character_set_results = @saved_cs_results */ ;
/*!50003 SET collation_connection  = @saved_col_connection */ ;
/*!50003 DROP PROCEDURE IF EXISTS `getAllInactiveStudentsBySchoolYear` */;
/*!50003 SET @saved_cs_client      = @@character_set_client */ ;
/*!50003 SET @saved_cs_results     = @@character_set_results */ ;
/*!50003 SET @saved_col_connection = @@collation_connection */ ;
/*!50003 SET character_set_client  = utf8 */ ;
/*!50003 SET character_set_results = utf8 */ ;
/*!50003 SET collation_connection  = utf8_general_ci */ ;
/*!50003 SET @saved_sql_mode       = @@sql_mode */ ;
/*!50003 SET sql_mode              = 'NO_ENGINE_SUBSTITUTION' */ ;
DELIMITER ;;
CREATE DEFINER=`root`@`localhost` PROCEDURE `getAllInactiveStudentsBySchoolYear`(IN aSchoolYearId INT)
BEGIN

SELECT 
s.*, r.*,a.*,
sy.schoolyear_id,
sy.yearFrom , sy.yearTo,

gl.grade_level,
gla.grade_level AS 		last_gradelevel_enrolled,
sslt.passed AS 			has_passed_last_gradelevel,
sslt.schoolyear_id AS 	last_gradelevel_enrolled_schoolyear_id,
sya.yearFrom AS 		last_gradelevel_enrolled_schoolyear_yearFrom,
sya.yearTo AS 			last_gradelevel_enrolled_schoolyear_yearTo,

CASE 
WHEN r.student_type = 'New' THEN gl.grade_level
WHEN r.student_type = 'Transferee' THEN gl.grade_level
WHEN r.student_type = 'Old' AND sslt.passed = 0 THEN gla.grade_level
WHEN r.student_type = 'Old' AND sslt.passed = 1 THEN gla.grade_level+1
END AS recommended_gradelevel_to_enroll

FROM registration_mt r 
INNER JOIN schoolyear_mt sy ON r.schoolyear_id = sy.schoolyear_id
INNER JOIN gradelevel_mt gl ON r.gradelevel_id = gl.gradelevel_id

INNER JOIN admission_mt a ON r.registration_id = a.registration_id
INNER JOIN student_mt s ON  a.registration_id = s.registration_id

LEFT OUTER JOIN schoolyear_student_lt sslt ON s.student_id = sslt.student_id
LEFT OUTER JOIN schoolyear_mt sya ON sslt.schoolyear_id = sya.schoolyear_id
LEFT OUTER JOIN gradelevel_mt gla ON sslt.gradelevel_id = gla.gradelevel_id

INNER JOIN 
(SELECT gl.grade_level 
	FROM registration_mt r 
	INNER JOIN gradelevel_mt gl 
	ON r.gradelevel_id = gl.gradelevel_id
	ORDER BY r.gradelevel_id ASC LIMIT 1) 
		AS registration_gradelevel_selected

WHERE s.isActive = 0 AND
sy.schoolyear_id = aSchoolYearId
GROUP BY recommended_gradelevel_to_enroll
ORDER BY sya.yearFrom DESC, sya.yearTo DESC, gla.grade_level DESC
;

END ;;
DELIMITER ;
/*!50003 SET sql_mode              = @saved_sql_mode */ ;
/*!50003 SET character_set_client  = @saved_cs_client */ ;
/*!50003 SET character_set_results = @saved_cs_results */ ;
/*!50003 SET collation_connection  = @saved_col_connection */ ;
/*!50003 DROP PROCEDURE IF EXISTS `getAllNewStudentsByGradeLevelId` */;
/*!50003 SET @saved_cs_client      = @@character_set_client */ ;
/*!50003 SET @saved_cs_results     = @@character_set_results */ ;
/*!50003 SET @saved_col_connection = @@collation_connection */ ;
/*!50003 SET character_set_client  = utf8 */ ;
/*!50003 SET character_set_results = utf8 */ ;
/*!50003 SET collation_connection  = utf8_general_ci */ ;
/*!50003 SET @saved_sql_mode       = @@sql_mode */ ;
/*!50003 SET sql_mode              = 'NO_ENGINE_SUBSTITUTION' */ ;
DELIMITER ;;
CREATE DEFINER=`root`@`localhost` PROCEDURE `getAllNewStudentsByGradeLevelId`(IN pIN_gradeLevelId INT)
BEGIN
	
    SELECT 
    student_mt.student_id, 
	registration_mt.firstname, registration_mt.middlename, registration_mt.lastname,
    transferee_grade.gwa
    
    FROM transferee_grade
    
    INNER JOIN student_mt ON student_mt.student_id = transferee_grade.student_id
    INNER JOIN registration_mt ON registration_mt.registration_id = student_mt.registration_id
    
    WHERE registration_mt.gradelevel_id = pIN_gradeLevelId;

END ;;
DELIMITER ;
/*!50003 SET sql_mode              = @saved_sql_mode */ ;
/*!50003 SET character_set_client  = @saved_cs_client */ ;
/*!50003 SET character_set_results = @saved_cs_results */ ;
/*!50003 SET collation_connection  = @saved_col_connection */ ;
/*!50003 DROP PROCEDURE IF EXISTS `getAllOldStudentsByGradeLevelId` */;
/*!50003 SET @saved_cs_client      = @@character_set_client */ ;
/*!50003 SET @saved_cs_results     = @@character_set_results */ ;
/*!50003 SET @saved_col_connection = @@collation_connection */ ;
/*!50003 SET character_set_client  = utf8 */ ;
/*!50003 SET character_set_results = utf8 */ ;
/*!50003 SET collation_connection  = utf8_general_ci */ ;
/*!50003 SET @saved_sql_mode       = @@sql_mode */ ;
/*!50003 SET sql_mode              = 'NO_ENGINE_SUBSTITUTION' */ ;
DELIMITER ;;
CREATE DEFINER=`root`@`localhost` PROCEDURE `getAllOldStudentsByGradeLevelId`(IN pIN_gradeLevelId INT)
BEGIN
	SELECT 
		student_mt.student_id,
		registration_mt.firstname, registration_mt.middlename, registration_mt.lastname,
		grade.gwa

		FROM schoolyear_student_lt

		INNER JOIN student_mt ON student_mt.student_id = schoolyear_student_lt.student_id
		INNER JOIN registration_mt ON registration_mt.registration_id = student_mt.registration_id
		INNER JOIN student_grade ON student_grade.student_id = student_mt.student_id
		INNER JOIN grade ON grade.grade_id = student_grade.grade_id

		WHERE schoolyear_student_lt.isActive = 1 
		AND schoolyear_student_lt.gradelevel_id =  pIN_gradeLevelId
		AND student_grade.isActive = 1
        
        GROUP BY
        student_mt.student_id,
		registration_mt.firstname, registration_mt.middlename, registration_mt.lastname,
		grade.gwa;
END ;;
DELIMITER ;
/*!50003 SET sql_mode              = @saved_sql_mode */ ;
/*!50003 SET character_set_client  = @saved_cs_client */ ;
/*!50003 SET character_set_results = @saved_cs_results */ ;
/*!50003 SET collation_connection  = @saved_col_connection */ ;
/*!50003 DROP PROCEDURE IF EXISTS `getAllPaymentTermDownPayment` */;
/*!50003 SET @saved_cs_client      = @@character_set_client */ ;
/*!50003 SET @saved_cs_results     = @@character_set_results */ ;
/*!50003 SET @saved_col_connection = @@collation_connection */ ;
/*!50003 SET character_set_client  = utf8 */ ;
/*!50003 SET character_set_results = utf8 */ ;
/*!50003 SET collation_connection  = utf8_general_ci */ ;
/*!50003 SET @saved_sql_mode       = @@sql_mode */ ;
/*!50003 SET sql_mode              = 'NO_ENGINE_SUBSTITUTION' */ ;
DELIMITER ;;
CREATE DEFINER=`root`@`localhost` PROCEDURE `getAllPaymentTermDownPayment`()
BEGIN
	SELECT pt.paymentterm,ptd.downpayment,
    CONCAT(sy.yearFrom,'-',sy.yearTo) AS schoolyear
    FROM paymentterm pt
    INNER JOIN paymentterm_downpayment ptd ON pt.id = ptd.paymentterm_id
    INNER JOIN paymentterm_downpayment_schoolyear ptdsy ON ptd.id = ptdsy.paymentterm_downpayment_id
    INNER JOIN schoolyear sy ON ptdsy.schoolyear_id = sy.id;
    
END ;;
DELIMITER ;
/*!50003 SET sql_mode              = @saved_sql_mode */ ;
/*!50003 SET character_set_client  = @saved_cs_client */ ;
/*!50003 SET character_set_results = @saved_cs_results */ ;
/*!50003 SET collation_connection  = @saved_col_connection */ ;
/*!50003 DROP PROCEDURE IF EXISTS `getAllPaymentTermsInfo` */;
/*!50003 SET @saved_cs_client      = @@character_set_client */ ;
/*!50003 SET @saved_cs_results     = @@character_set_results */ ;
/*!50003 SET @saved_col_connection = @@collation_connection */ ;
/*!50003 SET character_set_client  = utf8 */ ;
/*!50003 SET character_set_results = utf8 */ ;
/*!50003 SET collation_connection  = utf8_general_ci */ ;
/*!50003 SET @saved_sql_mode       = @@sql_mode */ ;
/*!50003 SET sql_mode              = 'NO_ENGINE_SUBSTITUTION' */ ;
DELIMITER ;;
CREATE DEFINER=`root`@`localhost` PROCEDURE `getAllPaymentTermsInfo`()
BEGIN
	SELECT pt.* FROM paymentterm_mt pt;

END ;;
DELIMITER ;
/*!50003 SET sql_mode              = @saved_sql_mode */ ;
/*!50003 SET character_set_client  = @saved_cs_client */ ;
/*!50003 SET character_set_results = @saved_cs_results */ ;
/*!50003 SET collation_connection  = @saved_col_connection */ ;
/*!50003 DROP PROCEDURE IF EXISTS `getAllPromotedStudent` */;
/*!50003 SET @saved_cs_client      = @@character_set_client */ ;
/*!50003 SET @saved_cs_results     = @@character_set_results */ ;
/*!50003 SET @saved_col_connection = @@collation_connection */ ;
/*!50003 SET character_set_client  = utf8 */ ;
/*!50003 SET character_set_results = utf8 */ ;
/*!50003 SET collation_connection  = utf8_general_ci */ ;
/*!50003 SET @saved_sql_mode       = @@sql_mode */ ;
/*!50003 SET sql_mode              = 'NO_ENGINE_SUBSTITUTION' */ ;
DELIMITER ;;
CREATE DEFINER=`root`@`localhost` PROCEDURE `getAllPromotedStudent`(IN pIN_schoolyearId INT)
BEGIN
SELECT 
	
	student_mt.student_id, 
    registration_mt.firstname, registration_mt.middlename, registration_mt.lastname,
    gradelevel_mt.grade_level
    
    FROM schoolyear_student_lt
    
    INNER JOIN student_mt ON student_mt.student_id = schoolyear_student_lt.student_id
    INNER JOIN registration_mt ON registration_mt.registration_id = student_mt.registration_id
    INNER JOIN gradelevel_mt ON gradelevel_mt.gradelevel_id = schoolyear_student_lt.gradelevel_id
    
    WHERE schoolyear_student_lt.passed = 1
    AND schoolyear_student_lt.isActive = 0
    AND schoolyear_student_lt.schoolyear_id = pIN_schoolyearId;
    
END ;;
DELIMITER ;
/*!50003 SET sql_mode              = @saved_sql_mode */ ;
/*!50003 SET character_set_client  = @saved_cs_client */ ;
/*!50003 SET character_set_results = @saved_cs_results */ ;
/*!50003 SET collation_connection  = @saved_col_connection */ ;
/*!50003 DROP PROCEDURE IF EXISTS `getAllQuarters` */;
/*!50003 SET @saved_cs_client      = @@character_set_client */ ;
/*!50003 SET @saved_cs_results     = @@character_set_results */ ;
/*!50003 SET @saved_col_connection = @@collation_connection */ ;
/*!50003 SET character_set_client  = utf8 */ ;
/*!50003 SET character_set_results = utf8 */ ;
/*!50003 SET collation_connection  = utf8_general_ci */ ;
/*!50003 SET @saved_sql_mode       = @@sql_mode */ ;
/*!50003 SET sql_mode              = 'NO_ENGINE_SUBSTITUTION' */ ;
DELIMITER ;;
CREATE DEFINER=`root`@`localhost` PROCEDURE `getAllQuarters`()
BEGIN
	SELECT 
    s.quarter_id,
    s.quarter_no,
    s.isActive,
    s.description,
    s.date_added,
    sslt.isCurrentQuarter,
    sslt.start_date,
    sslt.end_date,
    sslt.schoolyear_id,
    sy.yearFrom,
    sy.yearTo
FROM
    quarter_mt s
        INNER JOIN
    schoolyear_quarter_lt sslt ON s.quarter_id = sslt.quarter_id
        INNER JOIN
    schoolyear_mt sy ON sslt.schoolyear_id = sy.schoolyear_id;
END ;;
DELIMITER ;
/*!50003 SET sql_mode              = @saved_sql_mode */ ;
/*!50003 SET character_set_client  = @saved_cs_client */ ;
/*!50003 SET character_set_results = @saved_cs_results */ ;
/*!50003 SET collation_connection  = @saved_col_connection */ ;
/*!50003 DROP PROCEDURE IF EXISTS `getAllRegisteredStudentsByGradeId` */;
/*!50003 SET @saved_cs_client      = @@character_set_client */ ;
/*!50003 SET @saved_cs_results     = @@character_set_results */ ;
/*!50003 SET @saved_col_connection = @@collation_connection */ ;
/*!50003 SET character_set_client  = utf8 */ ;
/*!50003 SET character_set_results = utf8 */ ;
/*!50003 SET collation_connection  = utf8_general_ci */ ;
/*!50003 SET @saved_sql_mode       = @@sql_mode */ ;
/*!50003 SET sql_mode              = 'NO_ENGINE_SUBSTITUTION' */ ;
DELIMITER ;;
CREATE DEFINER=`root`@`localhost` PROCEDURE `getAllRegisteredStudentsByGradeId`(IN pIN_gradeLevelId INT)
BEGIN 
	SELECT schoolyear_student_lt.student_id, 
		registration_mt.firstname, registration_mt.middlename, registration_mt.lastname, 
		gradelevel_mt.grade_level
        
        FROM schoolyear_student_lt
        
			INNER JOIN student_mt ON student_mt.student_id = schoolyear_student_lt.student_id
			INNER JOIN registration_mt ON registration_mt.registration_id = student_mt.registration_id
			INNER JOIN gradelevel_mt ON gradelevel_mt.gradelevel_id = registration_mt.gradelevel_id
			WHERE schoolyear_student_lt.gradelevel_id = pIN_gradeLevelId;     
END ;;
DELIMITER ;
/*!50003 SET sql_mode              = @saved_sql_mode */ ;
/*!50003 SET character_set_client  = @saved_cs_client */ ;
/*!50003 SET character_set_results = @saved_cs_results */ ;
/*!50003 SET collation_connection  = @saved_col_connection */ ;
/*!50003 DROP PROCEDURE IF EXISTS `getAllRegisteredSubjectGradeLevel` */;
/*!50003 SET @saved_cs_client      = @@character_set_client */ ;
/*!50003 SET @saved_cs_results     = @@character_set_results */ ;
/*!50003 SET @saved_col_connection = @@collation_connection */ ;
/*!50003 SET character_set_client  = utf8 */ ;
/*!50003 SET character_set_results = utf8 */ ;
/*!50003 SET collation_connection  = utf8_general_ci */ ;
/*!50003 SET @saved_sql_mode       = @@sql_mode */ ;
/*!50003 SET sql_mode              = 'NO_ENGINE_SUBSTITUTION' */ ;
DELIMITER ;;
CREATE DEFINER=`root`@`localhost` PROCEDURE `getAllRegisteredSubjectGradeLevel`()
BEGIN 
	SELECT gradelevel_mt.grade_level FROM gradelevel_mt
    INNER JOIN subject_gradelevel_lt
    ON gradelevel_mt.gradelevel_id = subject_gradelevel_lt.gradelevel_id 
    GROUP BY grade_level ASC;
END ;;
DELIMITER ;
/*!50003 SET sql_mode              = @saved_sql_mode */ ;
/*!50003 SET character_set_client  = @saved_cs_client */ ;
/*!50003 SET character_set_results = @saved_cs_results */ ;
/*!50003 SET collation_connection  = @saved_col_connection */ ;
/*!50003 DROP PROCEDURE IF EXISTS `getAllRegistrationInfo` */;
/*!50003 SET @saved_cs_client      = @@character_set_client */ ;
/*!50003 SET @saved_cs_results     = @@character_set_results */ ;
/*!50003 SET @saved_col_connection = @@collation_connection */ ;
/*!50003 SET character_set_client  = utf8 */ ;
/*!50003 SET character_set_results = utf8 */ ;
/*!50003 SET collation_connection  = utf8_general_ci */ ;
/*!50003 SET @saved_sql_mode       = @@sql_mode */ ;
/*!50003 SET sql_mode              = 'NO_ENGINE_SUBSTITUTION' */ ;
DELIMITER ;;
CREATE DEFINER=`root`@`localhost` PROCEDURE `getAllRegistrationInfo`()
BEGIN
	SELECT r.*,g.*,s.*,a.*
    FROM registration_mt r
    INNER JOIN gradelevel_mt g ON r.gradelevel_id = g.gradelevel_id
    INNER JOIN schoolyear_mt s ON r.schoolyear_id = s.schoolyear_id
    LEFT JOIN admission_mt a ON r.registration_id = a.registration_id
    ORDER BY r.lastname;
END ;;
DELIMITER ;
/*!50003 SET sql_mode              = @saved_sql_mode */ ;
/*!50003 SET character_set_client  = @saved_cs_client */ ;
/*!50003 SET character_set_results = @saved_cs_results */ ;
/*!50003 SET collation_connection  = @saved_col_connection */ ;
/*!50003 DROP PROCEDURE IF EXISTS `getAllRegistrationInfoBySchoolYearId` */;
/*!50003 SET @saved_cs_client      = @@character_set_client */ ;
/*!50003 SET @saved_cs_results     = @@character_set_results */ ;
/*!50003 SET @saved_col_connection = @@collation_connection */ ;
/*!50003 SET character_set_client  = utf8 */ ;
/*!50003 SET character_set_results = utf8 */ ;
/*!50003 SET collation_connection  = utf8_general_ci */ ;
/*!50003 SET @saved_sql_mode       = @@sql_mode */ ;
/*!50003 SET sql_mode              = 'NO_AUTO_CREATE_USER,NO_ENGINE_SUBSTITUTION' */ ;
DELIMITER ;;
CREATE DEFINER=`root`@`localhost` PROCEDURE `getAllRegistrationInfoBySchoolYearId`(aSchoolYearId INT)
BEGIN

SELECT r.*,g.*,s.*,a.* FROM registration_mt r
    INNER JOIN gradelevel_mt g ON r.gradelevel_id = g.gradelevel_id
    INNER JOIN schoolyear_mt s ON r.schoolyear_id = s.schoolyear_id
    INNER JOIN admission_mt a ON r.registration_id = a.registration_id
	WHERE r.schoolyear_id = aSchoolYearId;
END ;;
DELIMITER ;
/*!50003 SET sql_mode              = @saved_sql_mode */ ;
/*!50003 SET character_set_client  = @saved_cs_client */ ;
/*!50003 SET character_set_results = @saved_cs_results */ ;
/*!50003 SET collation_connection  = @saved_col_connection */ ;
/*!50003 DROP PROCEDURE IF EXISTS `getAllRegistrationInfoByWildCard` */;
/*!50003 SET @saved_cs_client      = @@character_set_client */ ;
/*!50003 SET @saved_cs_results     = @@character_set_results */ ;
/*!50003 SET @saved_col_connection = @@collation_connection */ ;
/*!50003 SET character_set_client  = utf8 */ ;
/*!50003 SET character_set_results = utf8 */ ;
/*!50003 SET collation_connection  = utf8_general_ci */ ;
/*!50003 SET @saved_sql_mode       = @@sql_mode */ ;
/*!50003 SET sql_mode              = 'NO_ENGINE_SUBSTITUTION' */ ;
DELIMITER ;;
CREATE DEFINER=`root`@`localhost` PROCEDURE `getAllRegistrationInfoByWildCard`(aKeyword VARCHAR(255))
BEGIN
	SELECT r.*,g.*,s.*,a.* 
    FROM registration_mt r
    INNER JOIN gradelevel_mt g ON r.gradelevel_id = g.gradelevel_id
    INNER JOIN schoolyear_mt s ON r.schoolyear_id = s.schoolyear_id
    LEFT JOIN admission_mt a ON r.registration_id = a.registration_id
    WHERE 
    
    r.registration_id LIKE CONCAT('%',aKeyword,'%') OR
    r.lastname LIKE CONCAT('%',aKeyword,'%') OR 
    r.firstname LIKE CONCAT('%',aKeyword,'%')
    
    ORDER BY r.lastname;
END ;;
DELIMITER ;
/*!50003 SET sql_mode              = @saved_sql_mode */ ;
/*!50003 SET character_set_client  = @saved_cs_client */ ;
/*!50003 SET character_set_results = @saved_cs_results */ ;
/*!50003 SET collation_connection  = @saved_col_connection */ ;
/*!50003 DROP PROCEDURE IF EXISTS `getAllRoles` */;
/*!50003 SET @saved_cs_client      = @@character_set_client */ ;
/*!50003 SET @saved_cs_results     = @@character_set_results */ ;
/*!50003 SET @saved_col_connection = @@collation_connection */ ;
/*!50003 SET character_set_client  = utf8 */ ;
/*!50003 SET character_set_results = utf8 */ ;
/*!50003 SET collation_connection  = utf8_general_ci */ ;
/*!50003 SET @saved_sql_mode       = @@sql_mode */ ;
/*!50003 SET sql_mode              = 'NO_ENGINE_SUBSTITUTION' */ ;
DELIMITER ;;
CREATE DEFINER=`root`@`localhost` PROCEDURE `getAllRoles`()
BEGIN

SELECT * FROM role;

END ;;
DELIMITER ;
/*!50003 SET sql_mode              = @saved_sql_mode */ ;
/*!50003 SET character_set_client  = @saved_cs_client */ ;
/*!50003 SET character_set_results = @saved_cs_results */ ;
/*!50003 SET collation_connection  = @saved_col_connection */ ;
/*!50003 DROP PROCEDURE IF EXISTS `getAllRoomInformation` */;
/*!50003 SET @saved_cs_client      = @@character_set_client */ ;
/*!50003 SET @saved_cs_results     = @@character_set_results */ ;
/*!50003 SET @saved_col_connection = @@collation_connection */ ;
/*!50003 SET character_set_client  = utf8 */ ;
/*!50003 SET character_set_results = utf8 */ ;
/*!50003 SET collation_connection  = utf8_general_ci */ ;
/*!50003 SET @saved_sql_mode       = @@sql_mode */ ;
/*!50003 SET sql_mode              = 'NO_ENGINE_SUBSTITUTION' */ ;
DELIMITER ;;
CREATE DEFINER=`root`@`localhost` PROCEDURE `getAllRoomInformation`()
BEGIN
	SELECT 
    r.room_name_or_num,
    r.bldg_name_or_num,
    r.capacity,
    CONCAT(u.lastname,', ',u.firstname,' ',u.middlename) AS addedBy,
    rhd.dateAdded,
    CONCAT(usr.lastname,', ',usr.firstname,' ',usr.middlename) AS lastEditedBy,
    rhd.dateLastEdited
    FROM room r
    INNER JOIN room_schoolyear 	rs 	ON r.room_id = rs.room_id
    INNER JOIN room_hd 			rhd ON r.room_id = rhd.room_id
    INNER JOIN schoolyear 		sy 	ON rs.schoolyear_id = sy.schoolyear_id
    INNER JOIN user 			u 	ON rhd.addedBy_UserId = u.user_id
    INNER JOIN user 			usr ON rhd.editedBy_UserId = u.user_id
    
    ORDER BY rhd.dateAdded ASC;
END ;;
DELIMITER ;
/*!50003 SET sql_mode              = @saved_sql_mode */ ;
/*!50003 SET character_set_client  = @saved_cs_client */ ;
/*!50003 SET character_set_results = @saved_cs_results */ ;
/*!50003 SET collation_connection  = @saved_col_connection */ ;
/*!50003 DROP PROCEDURE IF EXISTS `getAllSchedule` */;
/*!50003 SET @saved_cs_client      = @@character_set_client */ ;
/*!50003 SET @saved_cs_results     = @@character_set_results */ ;
/*!50003 SET @saved_col_connection = @@collation_connection */ ;
/*!50003 SET character_set_client  = utf8 */ ;
/*!50003 SET character_set_results = utf8 */ ;
/*!50003 SET collation_connection  = utf8_general_ci */ ;
/*!50003 SET @saved_sql_mode       = @@sql_mode */ ;
/*!50003 SET sql_mode              = 'NO_ENGINE_SUBSTITUTION' */ ;
DELIMITER ;;
CREATE DEFINER=`root`@`localhost` PROCEDURE `getAllSchedule`()
BEGIN

SELECT 
sched.schedule_id,sched.schedule_day,sched.startTime,sched.endTime,sched.isActive,
fs.date_assigned,
f.faculty_id, f.firstName, f.lastName, f.middleName,
sec.section_id,sec.sectionName,
sbj.subject_id, sbj.title,
r.room_id, r.room_name_or_num,
sy.schoolyear_id, sy.yearFrom,sy.yearTo
FROM schedule_mt sched
LEFT JOIN faculty_schedule fs ON sched.schedule_id = fs.schedule_id
LEFT JOIN faculty_mt f ON fs.faculty_id = f.faculty_id
INNER JOIN section_mt sec ON sched.section_id = sec.section_id
INNER JOIN subject_mt sbj ON sched.subject_id = sbj.subject_id
INNER JOIN room_mt r ON sched.room_id = r.room_id
INNER JOIN schoolyear_mt sy ON sched.schoolyear_id = sy.schoolyear_id;

END ;;
DELIMITER ;
/*!50003 SET sql_mode              = @saved_sql_mode */ ;
/*!50003 SET character_set_client  = @saved_cs_client */ ;
/*!50003 SET character_set_results = @saved_cs_results */ ;
/*!50003 SET collation_connection  = @saved_col_connection */ ;
/*!50003 DROP PROCEDURE IF EXISTS `getAllScheduleBySchoolYearId` */;
/*!50003 SET @saved_cs_client      = @@character_set_client */ ;
/*!50003 SET @saved_cs_results     = @@character_set_results */ ;
/*!50003 SET @saved_col_connection = @@collation_connection */ ;
/*!50003 SET character_set_client  = utf8 */ ;
/*!50003 SET character_set_results = utf8 */ ;
/*!50003 SET collation_connection  = utf8_general_ci */ ;
/*!50003 SET @saved_sql_mode       = @@sql_mode */ ;
/*!50003 SET sql_mode              = 'NO_ENGINE_SUBSTITUTION' */ ;
DELIMITER ;;
CREATE DEFINER=`root`@`localhost` PROCEDURE `getAllScheduleBySchoolYearId`(aSchoolYearId INT)
BEGIN

SELECT 
sched.schedule_id,sched.schedule_day,sched.startTime,sched.endTime,sched.isActive,
fs.date_assigned,
f.faculty_id, f.firstName, f.lastName, f.middleName,
sec.section_id,sec.sectionName,
sbj.subject_id, sbj.title,
r.room_id, r.room_name_or_num,
sy.schoolyear_id, sy.yearFrom,sy.yearTo
FROM schedule_mt sched
LEFT JOIN faculty_schedule fs ON sched.schedule_id = fs.schedule_id
LEFT JOIN faculty_mt f ON fs.faculty_id = f.faculty_id
INNER JOIN section_mt sec ON sched.section_id = sec.section_id
INNER JOIN subject_mt sbj ON sched.subject_id = sbj.subject_id
INNER JOIN room_mt r ON sched.room_id = r.room_id
INNER JOIN schoolyear_mt sy ON sched.schoolyear_id = sy.schoolyear_id
WHERE sched.schoolyear_id = aSchoolYearId;
END ;;
DELIMITER ;
/*!50003 SET sql_mode              = @saved_sql_mode */ ;
/*!50003 SET character_set_client  = @saved_cs_client */ ;
/*!50003 SET character_set_results = @saved_cs_results */ ;
/*!50003 SET collation_connection  = @saved_col_connection */ ;
/*!50003 DROP PROCEDURE IF EXISTS `getAllScheduleBySubjectIdAndSchoolYearId` */;
/*!50003 SET @saved_cs_client      = @@character_set_client */ ;
/*!50003 SET @saved_cs_results     = @@character_set_results */ ;
/*!50003 SET @saved_col_connection = @@collation_connection */ ;
/*!50003 SET character_set_client  = utf8 */ ;
/*!50003 SET character_set_results = utf8 */ ;
/*!50003 SET collation_connection  = utf8_general_ci */ ;
/*!50003 SET @saved_sql_mode       = @@sql_mode */ ;
/*!50003 SET sql_mode              = 'NO_ENGINE_SUBSTITUTION' */ ;
DELIMITER ;;
CREATE DEFINER=`root`@`localhost` PROCEDURE `getAllScheduleBySubjectIdAndSchoolYearId`(aSubjectId INT, aSchoolYearId INT)
BEGIN

SELECT 
sched.schedule_id,sched.schedule_day,sched.startTime,sched.endTime,sched.isActive,
fs.date_assigned,
f.faculty_id, f.firstName, f.lastName, f.middleName,
sec.section_id,sec.sectionName,
sbj.subject_id, sbj.title,
r.room_id, r.room_name_or_num,
sy.schoolyear_id, sy.yearFrom,sy.yearTo
FROM schedule_mt sched
LEFT JOIN faculty_schedule fs ON sched.schedule_id = fs.schedule_id
LEFT JOIN faculty_mt f ON fs.faculty_id = f.faculty_id
INNER JOIN section_mt sec ON sched.section_id = sec.section_id
INNER JOIN subject_mt sbj ON sched.subject_id = sbj.subject_id
INNER JOIN room_mt r ON sched.room_id = r.room_id
INNER JOIN schoolyear_mt sy ON sched.schoolyear_id = sy.schoolyear_id
WHERE sched.subject_id = aSubjectId AND sched.schoolyear_id = aSchoolYearId;

END ;;
DELIMITER ;
/*!50003 SET sql_mode              = @saved_sql_mode */ ;
/*!50003 SET character_set_client  = @saved_cs_client */ ;
/*!50003 SET character_set_results = @saved_cs_results */ ;
/*!50003 SET collation_connection  = @saved_col_connection */ ;
/*!50003 DROP PROCEDURE IF EXISTS `getAllSchoolYearInfo` */;
/*!50003 SET @saved_cs_client      = @@character_set_client */ ;
/*!50003 SET @saved_cs_results     = @@character_set_results */ ;
/*!50003 SET @saved_col_connection = @@collation_connection */ ;
/*!50003 SET character_set_client  = utf8 */ ;
/*!50003 SET character_set_results = utf8 */ ;
/*!50003 SET collation_connection  = utf8_general_ci */ ;
/*!50003 SET @saved_sql_mode       = @@sql_mode */ ;
/*!50003 SET sql_mode              = 'NO_ENGINE_SUBSTITUTION' */ ;
DELIMITER ;;
CREATE DEFINER=`root`@`localhost` PROCEDURE `getAllSchoolYearInfo`()
BEGIN
 SELECT * FROM schoolyear_mt ORDER BY yearFrom;
END ;;
DELIMITER ;
/*!50003 SET sql_mode              = @saved_sql_mode */ ;
/*!50003 SET character_set_client  = @saved_cs_client */ ;
/*!50003 SET character_set_results = @saved_cs_results */ ;
/*!50003 SET collation_connection  = @saved_col_connection */ ;
/*!50003 DROP PROCEDURE IF EXISTS `getAllSectionNameByGradeLevelId` */;
/*!50003 SET @saved_cs_client      = @@character_set_client */ ;
/*!50003 SET @saved_cs_results     = @@character_set_results */ ;
/*!50003 SET @saved_col_connection = @@collation_connection */ ;
/*!50003 SET character_set_client  = utf8 */ ;
/*!50003 SET character_set_results = utf8 */ ;
/*!50003 SET collation_connection  = utf8_general_ci */ ;
/*!50003 SET @saved_sql_mode       = @@sql_mode */ ;
/*!50003 SET sql_mode              = 'NO_ENGINE_SUBSTITUTION' */ ;
DELIMITER ;;
CREATE DEFINER=`root`@`localhost` PROCEDURE `getAllSectionNameByGradeLevelId`(IN pIN_gradeLevelId INT)
BEGIN
	
    SELECT section_mt.sectionName FROM section_settings_lt
	INNER JOIN section_mt ON section_mt.section_id = section_settings_lt.section_id
	WHERE section_settings_lt.gradelevel_id = pIN_gradeLevelId

	GROUP BY section_mt.sectionName;
    
END ;;
DELIMITER ;
/*!50003 SET sql_mode              = @saved_sql_mode */ ;
/*!50003 SET character_set_client  = @saved_cs_client */ ;
/*!50003 SET character_set_results = @saved_cs_results */ ;
/*!50003 SET collation_connection  = @saved_col_connection */ ;
/*!50003 DROP PROCEDURE IF EXISTS `getAllSections` */;
/*!50003 SET @saved_cs_client      = @@character_set_client */ ;
/*!50003 SET @saved_cs_results     = @@character_set_results */ ;
/*!50003 SET @saved_col_connection = @@collation_connection */ ;
/*!50003 SET character_set_client  = utf8 */ ;
/*!50003 SET character_set_results = utf8 */ ;
/*!50003 SET collation_connection  = utf8_general_ci */ ;
/*!50003 SET @saved_sql_mode       = @@sql_mode */ ;
/*!50003 SET sql_mode              = 'NO_ENGINE_SUBSTITUTION' */ ;
DELIMITER ;;
CREATE DEFINER=`root`@`localhost` PROCEDURE `getAllSections`()
BEGIN
	
    
	SELECT 
		section_mt.section_id, section_mt.sectionName,
        gradelevel_mt.grade_level,
        faculty_mt.firstName, faculty_mt.middleName, faculty_mt.lastName,
		section_settings_lt.requiredAverage,
        session_mt.title,
        schoolyear_mt.yearFrom, schoolyear_mt.yearTo,
        section_mt.isActive
		FROM section_settings_lt
        
    INNER JOIN section_mt ON section_mt.section_id = section_settings_lt.section_id
    INNER JOIN session_mt ON session_mt.session_id = section_settings_lt.session_id
    INNER JOIN schoolyear_mt ON schoolyear_mt.schoolyear_id = section_settings_lt.schoolyear_id
    INNER JOIN gradelevel_mt ON gradelevel_mt.gradelevel_id = section_settings_lt.gradelevel_id
    LEFT JOIN faculty_mt ON faculty_mt.faculty_id = section_settings_lt.adviser_id;
	
END ;;
DELIMITER ;
/*!50003 SET sql_mode              = @saved_sql_mode */ ;
/*!50003 SET character_set_client  = @saved_cs_client */ ;
/*!50003 SET character_set_results = @saved_cs_results */ ;
/*!50003 SET collation_connection  = @saved_col_connection */ ;
/*!50003 DROP PROCEDURE IF EXISTS `getAllSectionsByGradeLevelId` */;
/*!50003 SET @saved_cs_client      = @@character_set_client */ ;
/*!50003 SET @saved_cs_results     = @@character_set_results */ ;
/*!50003 SET @saved_col_connection = @@collation_connection */ ;
/*!50003 SET character_set_client  = utf8 */ ;
/*!50003 SET character_set_results = utf8 */ ;
/*!50003 SET collation_connection  = utf8_general_ci */ ;
/*!50003 SET @saved_sql_mode       = @@sql_mode */ ;
/*!50003 SET sql_mode              = 'NO_ENGINE_SUBSTITUTION' */ ;
DELIMITER ;;
CREATE DEFINER=`root`@`localhost` PROCEDURE `getAllSectionsByGradeLevelId`(IN pIN_gradeLevelId INT)
BEGIN
	SELECT 
		section_mt.section_id, section_mt.sectionName,
        gradelevel_mt.grade_level,
        faculty_mt.firstName, faculty_mt.middleName, faculty_mt.lastName,
		section_settings_lt.requiredAverage,
        session_mt.title,
        schoolyear_mt.yearFrom, schoolyear_mt.yearTo,
        section_mt.isActive
		FROM section_settings_lt
        
    INNER JOIN section_mt ON section_mt.section_id = section_settings_lt.section_id
    INNER JOIN session_mt ON session_mt.session_id = section_settings_lt.session_id
    INNER JOIN schoolyear_mt ON schoolyear_mt.schoolyear_id = section_settings_lt.schoolyear_id
    INNER JOIN gradelevel_mt ON gradelevel_mt.gradelevel_id = section_settings_lt.gradelevel_id
    LEFT JOIN faculty_mt ON faculty_mt.faculty_id = section_settings_lt.adviser_id
    
    WHERE section_settings_lt.gradelevel_id = pIN_gradeLevelId;



END ;;
DELIMITER ;
/*!50003 SET sql_mode              = @saved_sql_mode */ ;
/*!50003 SET character_set_client  = @saved_cs_client */ ;
/*!50003 SET character_set_results = @saved_cs_results */ ;
/*!50003 SET collation_connection  = @saved_col_connection */ ;
/*!50003 DROP PROCEDURE IF EXISTS `getAllSectionsInfo` */;
/*!50003 SET @saved_cs_client      = @@character_set_client */ ;
/*!50003 SET @saved_cs_results     = @@character_set_results */ ;
/*!50003 SET @saved_col_connection = @@collation_connection */ ;
/*!50003 SET character_set_client  = utf8 */ ;
/*!50003 SET character_set_results = utf8 */ ;
/*!50003 SET collation_connection  = utf8_general_ci */ ;
/*!50003 SET @saved_sql_mode       = @@sql_mode */ ;
/*!50003 SET sql_mode              = 'NO_ENGINE_SUBSTITUTION' */ ;
DELIMITER ;;
CREATE DEFINER=`root`@`localhost` PROCEDURE `getAllSectionsInfo`()
BEGIN
	SELECT 
    s.sectionName,s.isActive,
    g.`level`,
    CONCAT(sy.yearFrom,'-',sy.yearTo) AS schoolYear,
    se.title AS `session`,
    CONCAT(u.lastname,', ',u.firstname,' ',u.middlename) AS addedBy,
    shd.dateAdded,
    CONCAT(f.lastName,', ',f.firstName,' ',(SELECT LEFT(f.middleName,1)) ) AS adviser
    
    FROM section s
    INNER JOIN section_gradelevel 	sg 	ON s.section_id 		= sg.section_id
    INNER JOIN section_hd 			shd ON s.section_id 		= shd.section_id
    INNER JOIN gradelevel 			g 	ON sg.gradelevel_id 	= g.gradelevel_id
    INNER JOIN schoolyear 			sy 	ON sg.schoolyear_id 	= sy.schoolyear_id
    INNER JOIN `session` 			se 	ON sg.session_id 		= se.session_id
    INNER JOIN user 				u 	ON shd.addedBy_UserId 	= u.user_id
    INNER JOIN user 				usr ON shd.editedBy_UserId 	= u.user_id
    INNER JOIN section_adviser 		sa 	ON s.section_id 		= sa.section_id
    INNER JOIN faculty 				f 	ON sa.faculty_id 		= f.faculty_id;
    
END ;;
DELIMITER ;
/*!50003 SET sql_mode              = @saved_sql_mode */ ;
/*!50003 SET character_set_client  = @saved_cs_client */ ;
/*!50003 SET character_set_results = @saved_cs_results */ ;
/*!50003 SET collation_connection  = @saved_col_connection */ ;
/*!50003 DROP PROCEDURE IF EXISTS `getAllSpecializations` */;
/*!50003 SET @saved_cs_client      = @@character_set_client */ ;
/*!50003 SET @saved_cs_results     = @@character_set_results */ ;
/*!50003 SET @saved_col_connection = @@collation_connection */ ;
/*!50003 SET character_set_client  = utf8 */ ;
/*!50003 SET character_set_results = utf8 */ ;
/*!50003 SET collation_connection  = utf8_general_ci */ ;
/*!50003 SET @saved_sql_mode       = @@sql_mode */ ;
/*!50003 SET sql_mode              = 'NO_ENGINE_SUBSTITUTION' */ ;
DELIMITER ;;
CREATE DEFINER=`root`@`localhost` PROCEDURE `getAllSpecializations`()
BEGIN
	SELECT * FROM specialization;
END ;;
DELIMITER ;
/*!50003 SET sql_mode              = @saved_sql_mode */ ;
/*!50003 SET character_set_client  = @saved_cs_client */ ;
/*!50003 SET character_set_results = @saved_cs_results */ ;
/*!50003 SET collation_connection  = @saved_col_connection */ ;
/*!50003 DROP PROCEDURE IF EXISTS `getAllStudent` */;
/*!50003 SET @saved_cs_client      = @@character_set_client */ ;
/*!50003 SET @saved_cs_results     = @@character_set_results */ ;
/*!50003 SET @saved_col_connection = @@collation_connection */ ;
/*!50003 SET character_set_client  = utf8 */ ;
/*!50003 SET character_set_results = utf8 */ ;
/*!50003 SET collation_connection  = utf8_general_ci */ ;
/*!50003 SET @saved_sql_mode       = @@sql_mode */ ;
/*!50003 SET sql_mode              = 'NO_ENGINE_SUBSTITUTION' */ ;
DELIMITER ;;
CREATE DEFINER=`root`@`localhost` PROCEDURE `getAllStudent`()
BEGIN
	
    SELECT 
	student_mt.student_id, 
    registration_mt.firstname, registration_mt.middlename, registration_mt.lastname
    
    FROM student_mt
    
    INNER JOIN registration_mt ON registration_mt.registration_id = student_mt.registration_id;
    
END ;;
DELIMITER ;
/*!50003 SET sql_mode              = @saved_sql_mode */ ;
/*!50003 SET character_set_client  = @saved_cs_client */ ;
/*!50003 SET character_set_results = @saved_cs_results */ ;
/*!50003 SET collation_connection  = @saved_col_connection */ ;
/*!50003 DROP PROCEDURE IF EXISTS `getAllStudentByAdviserSectionId` */;
/*!50003 SET @saved_cs_client      = @@character_set_client */ ;
/*!50003 SET @saved_cs_results     = @@character_set_results */ ;
/*!50003 SET @saved_col_connection = @@collation_connection */ ;
/*!50003 SET character_set_client  = utf8 */ ;
/*!50003 SET character_set_results = utf8 */ ;
/*!50003 SET collation_connection  = utf8_general_ci */ ;
/*!50003 SET @saved_sql_mode       = @@sql_mode */ ;
/*!50003 SET sql_mode              = 'NO_ENGINE_SUBSTITUTION' */ ;
DELIMITER ;;
CREATE DEFINER=`root`@`localhost` PROCEDURE `getAllStudentByAdviserSectionId`(IN pIN_adviserId INT, IN pIN_currentSchoolYearId INT)
BEGIN
	
    DECLARE temp_sectionId INT;
    
    SELECT section_id INTO temp_sectionId FROM section_settings_lt
	WHERE adviser_id = pIN_adviserId;
	
    SELECT student_mt.student_id,
	registration_mt.firstname, registration_mt.middlename, registration_mt.lastname
	FROM section_student
        
	INNER JOIN section_mt ON section_mt.section_id = section_student.section_id
	INNER JOIN student_mt ON student_mt.student_id = section_student.student_id
	INNER JOIN registration_mt ON registration_mt.registration_id = student_mt.registration_id
	INNER JOIN section_settings_lt ON section_settings_lt.section_id = section_mt.section_id
    
	WHERE section_student.section_id = temp_sectionId
	AND section_student.schoolyear_id = pIN_currentSchoolYearId
	AND section_student.isActive = 1;
    
END ;;
DELIMITER ;
/*!50003 SET sql_mode              = @saved_sql_mode */ ;
/*!50003 SET character_set_client  = @saved_cs_client */ ;
/*!50003 SET character_set_results = @saved_cs_results */ ;
/*!50003 SET collation_connection  = @saved_col_connection */ ;
/*!50003 DROP PROCEDURE IF EXISTS `getAllStudentBySectionId` */;
/*!50003 SET @saved_cs_client      = @@character_set_client */ ;
/*!50003 SET @saved_cs_results     = @@character_set_results */ ;
/*!50003 SET @saved_col_connection = @@collation_connection */ ;
/*!50003 SET character_set_client  = utf8 */ ;
/*!50003 SET character_set_results = utf8 */ ;
/*!50003 SET collation_connection  = utf8_general_ci */ ;
/*!50003 SET @saved_sql_mode       = @@sql_mode */ ;
/*!50003 SET sql_mode              = 'NO_ENGINE_SUBSTITUTION' */ ;
DELIMITER ;;
CREATE DEFINER=`root`@`localhost` PROCEDURE `getAllStudentBySectionId`(IN pIN_sectionId INT, pIN_currentSchoolYearId INT)
BEGIN


		SELECT student_mt.student_id,
		registration_mt.firstname, registration_mt.middlename, registration_mt.lastname
		FROM section_student
        
        INNER JOIN section_mt ON section_mt.section_id = section_student.section_id
		INNER JOIN student_mt ON student_mt.student_id = section_student.student_id
		INNER JOIN registration_mt ON registration_mt.registration_id = student_mt.registration_id
        
        WHERE section_student.section_id = pIN_sectionId
        AND section_student.schoolyear_id = pIN_currentSchoolYearId
        AND section_student.isActive = 1;


END ;;
DELIMITER ;
/*!50003 SET sql_mode              = @saved_sql_mode */ ;
/*!50003 SET character_set_client  = @saved_cs_client */ ;
/*!50003 SET character_set_results = @saved_cs_results */ ;
/*!50003 SET collation_connection  = @saved_col_connection */ ;
/*!50003 DROP PROCEDURE IF EXISTS `getAllStudentGradeByGradeLevelId` */;
/*!50003 SET @saved_cs_client      = @@character_set_client */ ;
/*!50003 SET @saved_cs_results     = @@character_set_results */ ;
/*!50003 SET @saved_col_connection = @@collation_connection */ ;
/*!50003 SET character_set_client  = utf8 */ ;
/*!50003 SET character_set_results = utf8 */ ;
/*!50003 SET collation_connection  = utf8_general_ci */ ;
/*!50003 SET @saved_sql_mode       = @@sql_mode */ ;
/*!50003 SET sql_mode              = 'NO_ENGINE_SUBSTITUTION' */ ;
DELIMITER ;;
CREATE DEFINER=`root`@`localhost` PROCEDURE `getAllStudentGradeByGradeLevelId`(IN pIN_gradeLevelId INT, IN pIN_schoolYearId INT)
BEGIN
	 SELECT 
	student_mt.student_id, 
    registration_mt.firstname, registration_mt.middlename, registration_mt.lastname,
    MAX(gradelevel_mt.grade_level),
    grade.gwa
    
    FROM schoolyear_student_lt
    
    INNER JOIN student_mt ON student_mt.student_id = schoolyear_student_lt.student_id
    INNER JOIN registration_mt ON registration_mt.registration_id = student_mt.registration_id
    INNER JOIN student_grade ON student_grade.student_id = schoolyear_student_lt.student_id
    INNER JOIN grade ON grade.grade_id = student_grade.grade_id
    INNER JOIN gradelevel_mt ON gradelevel_mt.gradelevel_id = schoolyear_student_lt.gradelevel_id
    
    
    WHERE gradelevel_mt.gradelevel_id = pIN_gradeLevelId
    AND grade.schoolyear_id = pIN_schoolYearId
    AND student_grade.isActive = 1
    AND schoolyear_student_lt.isActive = 1
    
    GROUP BY student_mt.student_id, 
    registration_mt.firstname, registration_mt.middlename, registration_mt.lastname,
    gradelevel_mt.grade_level,
    grade.gwa;
	
END ;;
DELIMITER ;
/*!50003 SET sql_mode              = @saved_sql_mode */ ;
/*!50003 SET character_set_client  = @saved_cs_client */ ;
/*!50003 SET character_set_results = @saved_cs_results */ ;
/*!50003 SET collation_connection  = @saved_col_connection */ ;
/*!50003 DROP PROCEDURE IF EXISTS `getAllStudentGradeByStudentId` */;
/*!50003 SET @saved_cs_client      = @@character_set_client */ ;
/*!50003 SET @saved_cs_results     = @@character_set_results */ ;
/*!50003 SET @saved_col_connection = @@collation_connection */ ;
/*!50003 SET character_set_client  = utf8 */ ;
/*!50003 SET character_set_results = utf8 */ ;
/*!50003 SET collation_connection  = utf8_general_ci */ ;
/*!50003 SET @saved_sql_mode       = @@sql_mode */ ;
/*!50003 SET sql_mode              = 'NO_ENGINE_SUBSTITUTION' */ ;
DELIMITER ;;
CREATE DEFINER=`root`@`localhost` PROCEDURE `getAllStudentGradeByStudentId`(IN pIN_studentId INT)
BEGIN

	SELECT
	   smt.subject_id, smt.title,
	   MAX(IF(g.gradingperiod_id = 7000, g.grade, 0)) AS first,
       MAX(IF(g.gradingperiod_id = 7001, g.grade, 0)) AS second,
       MAX(IF(g.gradingperiod_id = 7002, g.grade, 0)) AS third,
       MAX(IF(g.gradingperiod_id = 7003, g.grade, 0)) AS fourth,
       g.final

	FROM grade AS g
	INNER JOIN student_grade AS sg ON sg.grade_id = g.grade_id
	INNER JOIN subject_mt smt ON smt.subject_id = g.subject_id
    WHERE sg.student_id = pIN_studentId
    AND sg.isActive = 1
    
    GROUP BY smt.subject_id, smt.title, g.final;
END ;;
DELIMITER ;
/*!50003 SET sql_mode              = @saved_sql_mode */ ;
/*!50003 SET character_set_client  = @saved_cs_client */ ;
/*!50003 SET character_set_results = @saved_cs_results */ ;
/*!50003 SET collation_connection  = @saved_col_connection */ ;
/*!50003 DROP PROCEDURE IF EXISTS `getAllStudentGradeGWAByStudentId` */;
/*!50003 SET @saved_cs_client      = @@character_set_client */ ;
/*!50003 SET @saved_cs_results     = @@character_set_results */ ;
/*!50003 SET @saved_col_connection = @@collation_connection */ ;
/*!50003 SET character_set_client  = utf8 */ ;
/*!50003 SET character_set_results = utf8 */ ;
/*!50003 SET collation_connection  = utf8_general_ci */ ;
/*!50003 SET @saved_sql_mode       = @@sql_mode */ ;
/*!50003 SET sql_mode              = 'NO_ENGINE_SUBSTITUTION' */ ;
DELIMITER ;;
CREATE DEFINER=`root`@`localhost` PROCEDURE `getAllStudentGradeGWAByStudentId`(IN pIN_studentId INT)
BEGIN
	
    SELECT grade.gwa FROM student_grade
    INNER JOIN grade ON student_grade.grade_id = grade.grade_id
    
    WHERE student_grade.student_id = pIN_studentId
    
    GROUP BY grade.gwa;

END ;;
DELIMITER ;
/*!50003 SET sql_mode              = @saved_sql_mode */ ;
/*!50003 SET character_set_client  = @saved_cs_client */ ;
/*!50003 SET character_set_results = @saved_cs_results */ ;
/*!50003 SET collation_connection  = @saved_col_connection */ ;
/*!50003 DROP PROCEDURE IF EXISTS `getAllStudentRemarksByGradeLevelId` */;
/*!50003 SET @saved_cs_client      = @@character_set_client */ ;
/*!50003 SET @saved_cs_results     = @@character_set_results */ ;
/*!50003 SET @saved_col_connection = @@collation_connection */ ;
/*!50003 SET character_set_client  = utf8 */ ;
/*!50003 SET character_set_results = utf8 */ ;
/*!50003 SET collation_connection  = utf8_general_ci */ ;
/*!50003 SET @saved_sql_mode       = @@sql_mode */ ;
/*!50003 SET sql_mode              = 'NO_ENGINE_SUBSTITUTION' */ ;
DELIMITER ;;
CREATE DEFINER=`root`@`localhost` PROCEDURE `getAllStudentRemarksByGradeLevelId`(IN pIN_gradeLevelId INT, IN pIN_schoolYearId INT)
BEGIN
	

    SELECT 
	student_mt.student_id, 
    registration_mt.firstname, registration_mt.middlename, registration_mt.lastname,
    gradelevel_mt.grade_level,
    grade.gwa
    
    FROM schoolyear_student_lt
    
    INNER JOIN student_mt ON student_mt.student_id = schoolyear_student_lt.student_id
    INNER JOIN registration_mt ON registration_mt.registration_id = student_mt.registration_id
    INNER JOIN student_grade ON student_grade.student_id = student_mt.student_id
    INNER JOIN grade ON grade.grade_id = student_grade.grade_id
    INNER JOIN gradelevel_mt ON gradelevel_mt.gradelevel_id = schoolyear_student_lt.gradelevel_id
    
    WHERE gradelevel_mt.gradelevel_id = pIN_gradeLevelId
    AND grade.schoolyear_id = pIN_schoolYearId
    AND student_grade.isActive = 1
    
    GROUP BY student_mt.student_id, 
    registration_mt.firstname, registration_mt.middlename, registration_mt.lastname,
    gradelevel_mt.grade_level,
    grade.gwa;
	
END ;;
DELIMITER ;
/*!50003 SET sql_mode              = @saved_sql_mode */ ;
/*!50003 SET character_set_client  = @saved_cs_client */ ;
/*!50003 SET character_set_results = @saved_cs_results */ ;
/*!50003 SET collation_connection  = @saved_col_connection */ ;
/*!50003 DROP PROCEDURE IF EXISTS `getAllStudents` */;
/*!50003 SET @saved_cs_client      = @@character_set_client */ ;
/*!50003 SET @saved_cs_results     = @@character_set_results */ ;
/*!50003 SET @saved_col_connection = @@collation_connection */ ;
/*!50003 SET character_set_client  = utf8 */ ;
/*!50003 SET character_set_results = utf8 */ ;
/*!50003 SET collation_connection  = utf8_general_ci */ ;
/*!50003 SET @saved_sql_mode       = @@sql_mode */ ;
/*!50003 SET sql_mode              = 'NO_AUTO_CREATE_USER,NO_ENGINE_SUBSTITUTION' */ ;
DELIMITER ;;
CREATE DEFINER=`root`@`localhost` PROCEDURE `getAllStudents`()
BEGIN

SELECT r.*,s.*,a.*,s.student_type AS aStudentType FROM registration_mt r
INNER JOIN admission_mt a ON r.registration_id = a.registration_Id
INNER JOIN student_mt s ON r.registration_id = s.registration_id
LEFT JOIN schoolyear_student_lt sslt ON s.student_id = sslt.student_id
GROUP BY r.registration_id ORDER BY r.lastname;

END ;;
DELIMITER ;
/*!50003 SET sql_mode              = @saved_sql_mode */ ;
/*!50003 SET character_set_client  = @saved_cs_client */ ;
/*!50003 SET character_set_results = @saved_cs_results */ ;
/*!50003 SET collation_connection  = @saved_col_connection */ ;
/*!50003 DROP PROCEDURE IF EXISTS `getAllStudentsByGradeLevelId` */;
/*!50003 SET @saved_cs_client      = @@character_set_client */ ;
/*!50003 SET @saved_cs_results     = @@character_set_results */ ;
/*!50003 SET @saved_col_connection = @@collation_connection */ ;
/*!50003 SET character_set_client  = utf8 */ ;
/*!50003 SET character_set_results = utf8 */ ;
/*!50003 SET collation_connection  = utf8_general_ci */ ;
/*!50003 SET @saved_sql_mode       = @@sql_mode */ ;
/*!50003 SET sql_mode              = 'NO_ENGINE_SUBSTITUTION' */ ;
DELIMITER ;;
CREATE DEFINER=`root`@`localhost` PROCEDURE `getAllStudentsByGradeLevelId`(IN pIN_gradeLevelId INT)
BEGIN
	
   
    SELECT 
		student_mt.student_id, 
		registration_mt.firstname, registration_mt.middlename, registration_mt.lastname,
		grade.gwa

	FROM schoolyear_student_lt
		
	INNER JOIN student_mt ON student_mt.student_id = schoolyear_student_lt.student_id
	INNER JOIN registration_mt ON registration_mt.registration_id = student_mt.registration_id
	LEFT JOIN student_grade ON student_grade.student_id = student_mt.student_id
	LEFT JOIN grade ON grade.grade_id = student_grade.grade_id
	

	WHERE schoolyear_student_lt.isActive = 1
    AND schoolyear_student_lt.gradelevel_id = pIN_gradeLevelId
    AND schoolyear_student_lt.section_id IS NULL
    
    GROUP BY
    student_mt.student_id, 
	registration_mt.firstname, registration_mt.middlename, registration_mt.lastname,
	grade.gwa;
   
   
END ;;
DELIMITER ;
/*!50003 SET sql_mode              = @saved_sql_mode */ ;
/*!50003 SET character_set_client  = @saved_cs_client */ ;
/*!50003 SET character_set_results = @saved_cs_results */ ;
/*!50003 SET collation_connection  = @saved_col_connection */ ;
/*!50003 DROP PROCEDURE IF EXISTS `getAllStudentsByWildCard` */;
/*!50003 SET @saved_cs_client      = @@character_set_client */ ;
/*!50003 SET @saved_cs_results     = @@character_set_results */ ;
/*!50003 SET @saved_col_connection = @@collation_connection */ ;
/*!50003 SET character_set_client  = utf8 */ ;
/*!50003 SET character_set_results = utf8 */ ;
/*!50003 SET collation_connection  = utf8_general_ci */ ;
/*!50003 SET @saved_sql_mode       = @@sql_mode */ ;
/*!50003 SET sql_mode              = 'NO_ENGINE_SUBSTITUTION' */ ;
DELIMITER ;;
CREATE DEFINER=`root`@`localhost` PROCEDURE `getAllStudentsByWildCard`(aKeyword VARCHAR(255))
BEGIN

SELECT r.*,s.*,a.*,s.student_type AS aStudentType,gl.grade_level FROM registration_mt r
INNER JOIN admission_mt a ON r.registration_id = a.registration_Id
INNER JOIN student_mt s ON r.registration_id = s.registration_id
INNER JOIN gradelevel_mt gl ON r.gradelevel_id = gl.gradelevel_id
LEFT JOIN schoolyear_student_lt sslt ON s.student_id = sslt.student_id
WHERE 
s.student_id LIKE CONCAT('%',aKeyword,'%') OR
r.lastname LIKE CONCAT('%',aKeyword,'%') OR
r.firstname LIKE CONCAT('%',aKeyword,'%');

END ;;
DELIMITER ;
/*!50003 SET sql_mode              = @saved_sql_mode */ ;
/*!50003 SET character_set_client  = @saved_cs_client */ ;
/*!50003 SET character_set_results = @saved_cs_results */ ;
/*!50003 SET collation_connection  = @saved_col_connection */ ;
/*!50003 DROP PROCEDURE IF EXISTS `getAllStudentSubjectByFacultyId` */;
/*!50003 SET @saved_cs_client      = @@character_set_client */ ;
/*!50003 SET @saved_cs_results     = @@character_set_results */ ;
/*!50003 SET @saved_col_connection = @@collation_connection */ ;
/*!50003 SET character_set_client  = utf8 */ ;
/*!50003 SET character_set_results = utf8 */ ;
/*!50003 SET collation_connection  = utf8_general_ci */ ;
/*!50003 SET @saved_sql_mode       = @@sql_mode */ ;
/*!50003 SET sql_mode              = 'NO_ENGINE_SUBSTITUTION' */ ;
DELIMITER ;;
CREATE DEFINER=`root`@`localhost` PROCEDURE `getAllStudentSubjectByFacultyId`(IN pIN_facultyId INT)
BEGIN
	
    SELECT subject_mt.subject_id, subject_mt.title
		FROM faculty_schedule
        
		INNER JOIN schedule_mt ON schedule_mt.schedule_id = faculty_schedule.schedule_id
		INNER JOIN user_mt ON user_mt.user_id = faculty_schedule.user_id
		INNER JOIN subject_mt ON subject_mt.subject_id = schedule_mt.subject_id

		WHERE faculty_schedule.user_id = pIN_facultyId;
    
END ;;
DELIMITER ;
/*!50003 SET sql_mode              = @saved_sql_mode */ ;
/*!50003 SET character_set_client  = @saved_cs_client */ ;
/*!50003 SET character_set_results = @saved_cs_results */ ;
/*!50003 SET collation_connection  = @saved_col_connection */ ;
/*!50003 DROP PROCEDURE IF EXISTS `getAllStudentSubjectBySectionId` */;
/*!50003 SET @saved_cs_client      = @@character_set_client */ ;
/*!50003 SET @saved_cs_results     = @@character_set_results */ ;
/*!50003 SET @saved_col_connection = @@collation_connection */ ;
/*!50003 SET character_set_client  = utf8 */ ;
/*!50003 SET character_set_results = utf8 */ ;
/*!50003 SET collation_connection  = utf8_general_ci */ ;
/*!50003 SET @saved_sql_mode       = @@sql_mode */ ;
/*!50003 SET sql_mode              = 'NO_ENGINE_SUBSTITUTION' */ ;
DELIMITER ;;
CREATE DEFINER=`root`@`localhost` PROCEDURE `getAllStudentSubjectBySectionId`(IN pIN_sectionId INT)
BEGIN

SELECT subject_mt.subject_id, subject_mt.title
	FROM faculty_schedule

	INNER JOIN schedule_mt ON schedule_mt.schedule_id = faculty_schedule.schedule_id
    INNER JOIN subject_mt ON subject_mt.subject_id = schedule_mt.subject_id
	INNER JOIN curriculum_subject_lt ON curriculum_subject_lt.subject_id = subject_mt.subject_id
    INNER JOIN curriculum_mt ON curriculum_mt.curriculum_id = curriculum_subject_lt.curriculum_id
    
    WHERE schedule_mt.section_id = pIN_sectionId
    AND curriculum_mt.isActive = 1
    
	GROUP BY subject_mt.subject_id;
    
END ;;
DELIMITER ;
/*!50003 SET sql_mode              = @saved_sql_mode */ ;
/*!50003 SET character_set_client  = @saved_cs_client */ ;
/*!50003 SET character_set_results = @saved_cs_results */ ;
/*!50003 SET collation_connection  = @saved_col_connection */ ;
/*!50003 DROP PROCEDURE IF EXISTS `getAllSubjectBySectionIdAndSchoolYearId` */;
/*!50003 SET @saved_cs_client      = @@character_set_client */ ;
/*!50003 SET @saved_cs_results     = @@character_set_results */ ;
/*!50003 SET @saved_col_connection = @@collation_connection */ ;
/*!50003 SET character_set_client  = utf8 */ ;
/*!50003 SET character_set_results = utf8 */ ;
/*!50003 SET collation_connection  = utf8_general_ci */ ;
/*!50003 SET @saved_sql_mode       = @@sql_mode */ ;
/*!50003 SET sql_mode              = 'NO_ENGINE_SUBSTITUTION' */ ;
DELIMITER ;;
CREATE DEFINER=`root`@`localhost` PROCEDURE `getAllSubjectBySectionIdAndSchoolYearId`(aSectionId INT, aSchoolYearId INT)
BEGIN
SELECT 
sched.schedule_id,sched.schedule_day,sched.startTime,sched.endTime,sched.isActive,
fs.date_assigned,
f.faculty_id, f.firstName, f.lastName, f.middleName,
sec.section_id,sec.sectionName,
sbj.subject_id, sbj.title,
r.room_id, r.room_name_or_num,
sy.schoolyear_id, sy.yearFrom,sy.yearTo
FROM schedule_mt sched
LEFT JOIN faculty_schedule fs ON sched.schedule_id = fs.schedule_id
LEFT JOIN faculty_mt f ON fs.faculty_id = f.faculty_id
INNER JOIN section_mt sec ON sched.section_id = sec.section_id
INNER JOIN subject_mt sbj ON sched.subject_id = sbj.subject_id
INNER JOIN room_mt r ON sched.room_id = r.room_id
INNER JOIN schoolyear_mt sy ON sched.schoolyear_id = sy.schoolyear_id
WHERE sched.schoolyear_id = aSchoolYearId AND sched.section_id = aSectionId;

END ;;
DELIMITER ;
/*!50003 SET sql_mode              = @saved_sql_mode */ ;
/*!50003 SET character_set_client  = @saved_cs_client */ ;
/*!50003 SET character_set_results = @saved_cs_results */ ;
/*!50003 SET collation_connection  = @saved_col_connection */ ;
/*!50003 DROP PROCEDURE IF EXISTS `getAllSubjectForCurriculum` */;
/*!50003 SET @saved_cs_client      = @@character_set_client */ ;
/*!50003 SET @saved_cs_results     = @@character_set_results */ ;
/*!50003 SET @saved_col_connection = @@collation_connection */ ;
/*!50003 SET character_set_client  = utf8 */ ;
/*!50003 SET character_set_results = utf8 */ ;
/*!50003 SET collation_connection  = utf8_general_ci */ ;
/*!50003 SET @saved_sql_mode       = @@sql_mode */ ;
/*!50003 SET sql_mode              = 'NO_ENGINE_SUBSTITUTION' */ ;
DELIMITER ;;
CREATE DEFINER=`root`@`localhost` PROCEDURE `getAllSubjectForCurriculum`()
BEGIN
	SELECT subject_mt.code, subject_mt.title, subject_mt.description, gradelevel_mt.grade_level
	FROM subject_gradelevel_lt
	INNER JOIN subject_mt
	ON subject_mt.subject_id = subject_gradelevel_lt.subject_id
	INNER JOIN gradelevel_mt
	ON gradelevel_mt.gradelevel_id = subject_gradelevel_lt.gradelevel_id
    ORDER BY gradelevel_mt.grade_level ASC;
END ;;
DELIMITER ;
/*!50003 SET sql_mode              = @saved_sql_mode */ ;
/*!50003 SET character_set_client  = @saved_cs_client */ ;
/*!50003 SET character_set_results = @saved_cs_results */ ;
/*!50003 SET collation_connection  = @saved_col_connection */ ;
/*!50003 DROP PROCEDURE IF EXISTS `getAllSubjectInfo` */;
/*!50003 SET @saved_cs_client      = @@character_set_client */ ;
/*!50003 SET @saved_cs_results     = @@character_set_results */ ;
/*!50003 SET @saved_col_connection = @@collation_connection */ ;
/*!50003 SET character_set_client  = utf8 */ ;
/*!50003 SET character_set_results = utf8 */ ;
/*!50003 SET collation_connection  = utf8_general_ci */ ;
/*!50003 SET @saved_sql_mode       = @@sql_mode */ ;
/*!50003 SET sql_mode              = 'NO_ENGINE_SUBSTITUTION' */ ;
DELIMITER ;;
CREATE DEFINER=`root`@`localhost` PROCEDURE `getAllSubjectInfo`()
BEGIN
	SELECT 
    s.*, 
    gl.`level`, 
    sy.yearFrom,
    sy.yearTo,
    CONCAT(uA.lastname,', ',uA.firstname) AS AddedBy, 
    shd.dateAdded,
    CONCAT(uB.lastname,', ',uB.firstname) AS EditedBy, 
    shd.dateEdited
    
    
    
				
    FROM 		`subject` 				s 								
    INNER JOIN 	subject_hd 			    shd ON s.subject_id = shd.subject_id 
    INNER JOIN 	subject_gradelevel 		sgl ON s.subject_id = sgl.subject_id 
    
    
    INNER JOIN  gradelevel				gl 	ON sgl.gradelevel_id = gl.gradelevel_id
    INNER JOIN 	schoolyear				sy	ON sgl.schoolyear_id = sy.schoolyear_id
    INNER JOIN	user					uA	ON shd.addedBy_UserId = uA.user_id 
    INNER JOIN 	user					uB	ON shd.editedBy_UserId = uB.user_id;
END ;;
DELIMITER ;
/*!50003 SET sql_mode              = @saved_sql_mode */ ;
/*!50003 SET character_set_client  = @saved_cs_client */ ;
/*!50003 SET character_set_results = @saved_cs_results */ ;
/*!50003 SET collation_connection  = @saved_col_connection */ ;
/*!50003 DROP PROCEDURE IF EXISTS `getAllSubjects` */;
/*!50003 SET @saved_cs_client      = @@character_set_client */ ;
/*!50003 SET @saved_cs_results     = @@character_set_results */ ;
/*!50003 SET @saved_col_connection = @@collation_connection */ ;
/*!50003 SET character_set_client  = utf8 */ ;
/*!50003 SET character_set_results = utf8 */ ;
/*!50003 SET collation_connection  = utf8_general_ci */ ;
/*!50003 SET @saved_sql_mode       = @@sql_mode */ ;
/*!50003 SET sql_mode              = 'NO_ENGINE_SUBSTITUTION' */ ;
DELIMITER ;;
CREATE DEFINER=`root`@`localhost` PROCEDURE `getAllSubjects`()
BEGIN

/*
	SELECT subject_gradelevel_lt.subject_id, title, `code`, description, isActive FROM subject_gradelevel_lt
	INNER JOIN subject_mt ON subject_mt.subject_id = subject_gradelevel_lt.subject_id;
    */
    SELECT * FROM subject_mt;
END ;;
DELIMITER ;
/*!50003 SET sql_mode              = @saved_sql_mode */ ;
/*!50003 SET character_set_client  = @saved_cs_client */ ;
/*!50003 SET character_set_results = @saved_cs_results */ ;
/*!50003 SET collation_connection  = @saved_col_connection */ ;
/*!50003 DROP PROCEDURE IF EXISTS `getAllSubjectsByGradeLevel` */;
/*!50003 SET @saved_cs_client      = @@character_set_client */ ;
/*!50003 SET @saved_cs_results     = @@character_set_results */ ;
/*!50003 SET @saved_col_connection = @@collation_connection */ ;
/*!50003 SET character_set_client  = utf8 */ ;
/*!50003 SET character_set_results = utf8 */ ;
/*!50003 SET collation_connection  = utf8_general_ci */ ;
/*!50003 SET @saved_sql_mode       = @@sql_mode */ ;
/*!50003 SET sql_mode              = 'NO_ENGINE_SUBSTITUTION' */ ;
DELIMITER ;;
CREATE DEFINER=`root`@`localhost` PROCEDURE `getAllSubjectsByGradeLevel`(IN p_gradeLevel INT)
BEGIN
	SELECT title FROM subject_gradelevel_lt
	INNER JOIN subject_mt
	ON subject_mt.subject_id = subject_gradelevel_lt.subject_id
	INNER JOIN gradelevel_mt
	ON gradelevel_mt.gradelevel_id = subject_gradelevel_lt.gradelevel_id
	WHERE gradelevel_mt.grade_level = p_gradeLevel;
END ;;
DELIMITER ;
/*!50003 SET sql_mode              = @saved_sql_mode */ ;
/*!50003 SET character_set_client  = @saved_cs_client */ ;
/*!50003 SET character_set_results = @saved_cs_results */ ;
/*!50003 SET collation_connection  = @saved_col_connection */ ;
/*!50003 DROP PROCEDURE IF EXISTS `getAllSubjectsByGradeLevelId` */;
/*!50003 SET @saved_cs_client      = @@character_set_client */ ;
/*!50003 SET @saved_cs_results     = @@character_set_results */ ;
/*!50003 SET @saved_col_connection = @@collation_connection */ ;
/*!50003 SET character_set_client  = utf8 */ ;
/*!50003 SET character_set_results = utf8 */ ;
/*!50003 SET collation_connection  = utf8_general_ci */ ;
/*!50003 SET @saved_sql_mode       = @@sql_mode */ ;
/*!50003 SET sql_mode              = 'NO_ENGINE_SUBSTITUTION' */ ;
DELIMITER ;;
CREATE DEFINER=`root`@`localhost` PROCEDURE `getAllSubjectsByGradeLevelId`(IN pIN_gradeLevelId INT)
BEGIN

	SELECT subject_gradelevel_lt.subject_id, code, title, description, isActive 
		FROM subject_gradelevel_lt
			INNER JOIN subject_mt ON subject_mt.subject_id = subject_gradelevel_lt.subject_id
				WHERE subject_gradelevel_lt.gradelevel_id = pIN_gradeLevelId;
		
END ;;
DELIMITER ;
/*!50003 SET sql_mode              = @saved_sql_mode */ ;
/*!50003 SET character_set_client  = @saved_cs_client */ ;
/*!50003 SET character_set_results = @saved_cs_results */ ;
/*!50003 SET collation_connection  = @saved_col_connection */ ;
/*!50003 DROP PROCEDURE IF EXISTS `getAllSubjectsOfCurriculumByName` */;
/*!50003 SET @saved_cs_client      = @@character_set_client */ ;
/*!50003 SET @saved_cs_results     = @@character_set_results */ ;
/*!50003 SET @saved_col_connection = @@collation_connection */ ;
/*!50003 SET character_set_client  = utf8 */ ;
/*!50003 SET character_set_results = utf8 */ ;
/*!50003 SET collation_connection  = utf8_general_ci */ ;
/*!50003 SET @saved_sql_mode       = @@sql_mode */ ;
/*!50003 SET sql_mode              = 'NO_ENGINE_SUBSTITUTION' */ ;
DELIMITER ;;
CREATE DEFINER=`root`@`localhost` PROCEDURE `getAllSubjectsOfCurriculumByName`(
	IN pIN_curriculumTitle VARCHAR(150)
)
BEGIN
	
    SELECT subject_mt.code, subject_mt.title, subject_mt.description, gradelevel_mt.grade_level FROM curriculum_subject_lt
		INNER JOIN subject_mt ON subject_mt.subject_id = curriculum_subject_lt.subject_id
		INNER JOIN curriculum_mt ON curriculum_mt.curriculum_id = curriculum_subject_lt.curriculum_id
		INNER JOIN gradelevel_mt ON gradelevel_mt.gradelevel_id = curriculum_mt.gradelevel_id
			WHERE curriculum_mt.curriculum_title = pIN_curriculumTitle;

END ;;
DELIMITER ;
/*!50003 SET sql_mode              = @saved_sql_mode */ ;
/*!50003 SET character_set_client  = @saved_cs_client */ ;
/*!50003 SET character_set_results = @saved_cs_results */ ;
/*!50003 SET collation_connection  = @saved_col_connection */ ;
/*!50003 DROP PROCEDURE IF EXISTS `getAllSummerStudent` */;
/*!50003 SET @saved_cs_client      = @@character_set_client */ ;
/*!50003 SET @saved_cs_results     = @@character_set_results */ ;
/*!50003 SET @saved_col_connection = @@collation_connection */ ;
/*!50003 SET character_set_client  = utf8 */ ;
/*!50003 SET character_set_results = utf8 */ ;
/*!50003 SET collation_connection  = utf8_general_ci */ ;
/*!50003 SET @saved_sql_mode       = @@sql_mode */ ;
/*!50003 SET sql_mode              = 'NO_ENGINE_SUBSTITUTION' */ ;
DELIMITER ;;
CREATE DEFINER=`root`@`localhost` PROCEDURE `getAllSummerStudent`()
BEGIN
	SELECT
    student_mt.student_id, 
    registration_mt.firstname, registration_mt.middlename, registration_mt.lastname,
    gradelevel_mt.grade_level
    
    FROM schoolyear_student_lt
    
    INNER JOIN student_mt ON student_mt.student_id = schoolyear_student_lt.student_id
    INNER JOIN registration_mt ON registration_mt.registration_id = student_mt.registration_id
    INNER JOIN gradelevel_mt ON gradelevel_mt.gradelevel_id = schoolyear_student_lt.gradelevel_id
    
    WHERE schoolyear_student_lt.passed = 0
    AND schoolyear_student_lt.isActive = 1;
	
END ;;
DELIMITER ;
/*!50003 SET sql_mode              = @saved_sql_mode */ ;
/*!50003 SET character_set_client  = @saved_cs_client */ ;
/*!50003 SET character_set_results = @saved_cs_results */ ;
/*!50003 SET collation_connection  = @saved_col_connection */ ;
/*!50003 DROP PROCEDURE IF EXISTS `getAllUserInfo` */;
/*!50003 SET @saved_cs_client      = @@character_set_client */ ;
/*!50003 SET @saved_cs_results     = @@character_set_results */ ;
/*!50003 SET @saved_col_connection = @@collation_connection */ ;
/*!50003 SET character_set_client  = utf8 */ ;
/*!50003 SET character_set_results = utf8 */ ;
/*!50003 SET collation_connection  = utf8_general_ci */ ;
/*!50003 SET @saved_sql_mode       = @@sql_mode */ ;
/*!50003 SET sql_mode              = 'NO_ENGINE_SUBSTITUTION' */ ;
DELIMITER ;;
CREATE DEFINER=`root`@`localhost` PROCEDURE `getAllUserInfo`()
BEGIN


SELECT u.*,r.* FROM user_mt u
LEFT JOIN user_role ur ON u.user_id = ur.user_id
LEFT JOIN role r ON ur.role_id = r.role_id;

END ;;
DELIMITER ;
/*!50003 SET sql_mode              = @saved_sql_mode */ ;
/*!50003 SET character_set_client  = @saved_cs_client */ ;
/*!50003 SET character_set_results = @saved_cs_results */ ;
/*!50003 SET collation_connection  = @saved_col_connection */ ;
/*!50003 DROP PROCEDURE IF EXISTS `getAllUsersInfo` */;
/*!50003 SET @saved_cs_client      = @@character_set_client */ ;
/*!50003 SET @saved_cs_results     = @@character_set_results */ ;
/*!50003 SET @saved_col_connection = @@collation_connection */ ;
/*!50003 SET character_set_client  = utf8 */ ;
/*!50003 SET character_set_results = utf8 */ ;
/*!50003 SET collation_connection  = utf8_general_ci */ ;
/*!50003 SET @saved_sql_mode       = @@sql_mode */ ;
/*!50003 SET sql_mode              = 'NO_ENGINE_SUBSTITUTION' */ ;
DELIMITER ;;
CREATE DEFINER=`root`@`localhost` PROCEDURE `getAllUsersInfo`()
BEGIN
	SELECT * FROM users;
END ;;
DELIMITER ;
/*!50003 SET sql_mode              = @saved_sql_mode */ ;
/*!50003 SET character_set_client  = @saved_cs_client */ ;
/*!50003 SET character_set_results = @saved_cs_results */ ;
/*!50003 SET collation_connection  = @saved_col_connection */ ;
/*!50003 DROP PROCEDURE IF EXISTS `getBasicFeeByGradeLevelId` */;
/*!50003 SET @saved_cs_client      = @@character_set_client */ ;
/*!50003 SET @saved_cs_results     = @@character_set_results */ ;
/*!50003 SET @saved_col_connection = @@collation_connection */ ;
/*!50003 SET character_set_client  = utf8 */ ;
/*!50003 SET character_set_results = utf8 */ ;
/*!50003 SET collation_connection  = utf8_general_ci */ ;
/*!50003 SET @saved_sql_mode       = @@sql_mode */ ;
/*!50003 SET sql_mode              = 'NO_ENGINE_SUBSTITUTION' */ ;
DELIMITER ;;
CREATE DEFINER=`root`@`localhost` PROCEDURE `getBasicFeeByGradeLevelId`(aGradeLevelId INT)
BEGIN

SELECT f.fee_id, f.fee_name, f.fee_description, fs.fee_amount, 
fc.fee_category, fc.fee_category_id,
gl.*,
sy.*,
fs.*
FROM fee_mt f
INNER JOIN fee_schoolyear_lt fs ON f.fee_id = fs.fee_id
INNER JOIN gradelevel_mt gl ON fs.gradelevel_id = gl.gradelevel_id
INNER JOIN schoolyear_mt sy ON fs.schoolyear_id = sy.schoolyear_id
INNER JOIN fee_category_mt fc ON f.fee_category_id = fc.fee_category_id

WHERE fc.fee_category = 'Basic'
AND fs.gradelevel_id = aGradeLevelId;

END ;;
DELIMITER ;
/*!50003 SET sql_mode              = @saved_sql_mode */ ;
/*!50003 SET character_set_client  = @saved_cs_client */ ;
/*!50003 SET character_set_results = @saved_cs_results */ ;
/*!50003 SET collation_connection  = @saved_col_connection */ ;
/*!50003 DROP PROCEDURE IF EXISTS `getCreatedCurriculumInfoById` */;
/*!50003 SET @saved_cs_client      = @@character_set_client */ ;
/*!50003 SET @saved_cs_results     = @@character_set_results */ ;
/*!50003 SET @saved_col_connection = @@collation_connection */ ;
/*!50003 SET character_set_client  = utf8 */ ;
/*!50003 SET character_set_results = utf8 */ ;
/*!50003 SET collation_connection  = utf8_general_ci */ ;
/*!50003 SET @saved_sql_mode       = @@sql_mode */ ;
/*!50003 SET sql_mode              = 'NO_ENGINE_SUBSTITUTION' */ ;
DELIMITER ;;
CREATE DEFINER=`root`@`localhost` PROCEDURE `getCreatedCurriculumInfoById`(IN pIN_curriculumId INT)
BEGIN
	
    SELECT 
		curriculum_mt.curriculum_id,
        curriculum_mt.curriculum_title, curriculum_mt.description,
		subject_mt.code, subject_mt.title,
        gradelevel_mt.grade_level,
        schoolyear_mt.yearFrom, schoolyear_mt.yearTo
			FROM curriculum_subject_lt
            INNER JOIN curriculum_mt ON curriculum_mt.curriculum_id = curriculum_subject_lt.curriculum_id
            INNER JOIN gradelevel_mt ON gradelevel_mt.gradelevel_id = curriculum_mt.gradelevel_id
            INNER JOIN subject_mt ON subject_mt.subject_id = curriculum_subject_lt.subject_id
            INNER JOIN schoolyear_mt ON schoolyear_mt.schoolyear_id = curriculum_mt.schoolyear_id
            WHERE curriculum_mt.curriculum_id = pIN_curriculumId;
    
END ;;
DELIMITER ;
/*!50003 SET sql_mode              = @saved_sql_mode */ ;
/*!50003 SET character_set_client  = @saved_cs_client */ ;
/*!50003 SET character_set_results = @saved_cs_results */ ;
/*!50003 SET collation_connection  = @saved_col_connection */ ;
/*!50003 DROP PROCEDURE IF EXISTS `getCreatedSectionById` */;
/*!50003 SET @saved_cs_client      = @@character_set_client */ ;
/*!50003 SET @saved_cs_results     = @@character_set_results */ ;
/*!50003 SET @saved_col_connection = @@collation_connection */ ;
/*!50003 SET character_set_client  = utf8 */ ;
/*!50003 SET character_set_results = utf8 */ ;
/*!50003 SET collation_connection  = utf8_general_ci */ ;
/*!50003 SET @saved_sql_mode       = @@sql_mode */ ;
/*!50003 SET sql_mode              = 'NO_ENGINE_SUBSTITUTION' */ ;
DELIMITER ;;
CREATE DEFINER=`root`@`localhost` PROCEDURE `getCreatedSectionById`(IN pIN_sectionId INT)
BEGIN
	SELECT section_mt.sectionName,
			gradelevel_mt.grade_level,
				schoolyear_mt.yearFrom, schoolyear_mt.yearTo,
					sectioncategory_mt.grade_range_from, sectioncategory_mt.grade_range_to, sectioncategory_mt.category,
						section_settings_lt.capacity,
							session_mt.title
								FROM section_settings_lt
		INNER JOIN section_mt ON section_mt.section_id = section_settings_lt.section_id
		INNER JOIN gradelevel_mt ON gradelevel_mt.gradelevel_id = section_settings_lt.gradelevel_id
		INNER JOIN schoolyear_mt ON schoolyear_mt.schoolyear_id = section_settings_lt.schoolyear_id
        INNER JOIN sectioncategory_mt ON sectioncategory_mt.sectioncategory_id = section_settings_lt.sectioncategory_id
        INNER JOIN session_mt ON session_mt.session_id = section_settings_lt.session_id

		WHERE section_settings_lt.section_id = pIN_sectionId;
END ;;
DELIMITER ;
/*!50003 SET sql_mode              = @saved_sql_mode */ ;
/*!50003 SET character_set_client  = @saved_cs_client */ ;
/*!50003 SET character_set_results = @saved_cs_results */ ;
/*!50003 SET collation_connection  = @saved_col_connection */ ;
/*!50003 DROP PROCEDURE IF EXISTS `getCreatedSubjectInfoById` */;
/*!50003 SET @saved_cs_client      = @@character_set_client */ ;
/*!50003 SET @saved_cs_results     = @@character_set_results */ ;
/*!50003 SET @saved_col_connection = @@collation_connection */ ;
/*!50003 SET character_set_client  = utf8 */ ;
/*!50003 SET character_set_results = utf8 */ ;
/*!50003 SET collation_connection  = utf8_general_ci */ ;
/*!50003 SET @saved_sql_mode       = @@sql_mode */ ;
/*!50003 SET sql_mode              = 'NO_ENGINE_SUBSTITUTION' */ ;
DELIMITER ;;
CREATE DEFINER=`root`@`localhost` PROCEDURE `getCreatedSubjectInfoById`(IN pIN_subjectId INT)
BEGIN
	
    SELECT 
		subject_mt.title, subject_mt.code, subject_mt.description,
        gradelevel_mt.grade_level
			FROM subject_gradelevel_lt
		INNER JOIN subject_mt ON subject_mt.subject_id = subject_gradelevel_lt.subject_id
        INNER JOIN gradelevel_mt ON gradelevel_mt.gradelevel_id = subject_gradelevel_lt.gradelevel_id
        WHERE subject_mt.subject_id = pIN_subjectId;
		
    
END ;;
DELIMITER ;
/*!50003 SET sql_mode              = @saved_sql_mode */ ;
/*!50003 SET character_set_client  = @saved_cs_client */ ;
/*!50003 SET character_set_results = @saved_cs_results */ ;
/*!50003 SET collation_connection  = @saved_col_connection */ ;
/*!50003 DROP PROCEDURE IF EXISTS `getCredentialByGradeLevelId` */;
/*!50003 SET @saved_cs_client      = @@character_set_client */ ;
/*!50003 SET @saved_cs_results     = @@character_set_results */ ;
/*!50003 SET @saved_col_connection = @@collation_connection */ ;
/*!50003 SET character_set_client  = utf8 */ ;
/*!50003 SET character_set_results = utf8 */ ;
/*!50003 SET collation_connection  = utf8_general_ci */ ;
/*!50003 SET @saved_sql_mode       = @@sql_mode */ ;
/*!50003 SET sql_mode              = 'NO_AUTO_CREATE_USER,NO_ENGINE_SUBSTITUTION' */ ;
DELIMITER ;;
CREATE DEFINER=`root`@`localhost` PROCEDURE `getCredentialByGradeLevelId`(aGradeLevelId INT)
BEGIN

SELECT c.*,cr.*,gl.grade_level,sy.yearFrom, sy.yearTo FROM credentials_mt c
INNER JOIN credential_requirements_lt cr ON c.credential_id
INNER JOIN gradelevel_mt gl ON cr.gradelevel_id = gl.gradelevel_id
INNER JOIN schoolyear_mt sy ON cr.schoolyear_id = sy.schoolyear_id

WHERE cr.gradelevel_id = aGradeLevelId 
GROUP BY c.credential_name;

END ;;
DELIMITER ;
/*!50003 SET sql_mode              = @saved_sql_mode */ ;
/*!50003 SET character_set_client  = @saved_cs_client */ ;
/*!50003 SET character_set_results = @saved_cs_results */ ;
/*!50003 SET collation_connection  = @saved_col_connection */ ;
/*!50003 DROP PROCEDURE IF EXISTS `getCredentialIdByName` */;
/*!50003 SET @saved_cs_client      = @@character_set_client */ ;
/*!50003 SET @saved_cs_results     = @@character_set_results */ ;
/*!50003 SET @saved_col_connection = @@collation_connection */ ;
/*!50003 SET character_set_client  = utf8 */ ;
/*!50003 SET character_set_results = utf8 */ ;
/*!50003 SET collation_connection  = utf8_general_ci */ ;
/*!50003 SET @saved_sql_mode       = @@sql_mode */ ;
/*!50003 SET sql_mode              = 'NO_AUTO_CREATE_USER,NO_ENGINE_SUBSTITUTION' */ ;
DELIMITER ;;
CREATE DEFINER=`root`@`localhost` PROCEDURE `getCredentialIdByName`(aCredentialName VARCHAR(255))
BEGIN
SELECT credential_id 
FROM credentials_mt
WHERE credential_name = aCredentialName;

END ;;
DELIMITER ;
/*!50003 SET sql_mode              = @saved_sql_mode */ ;
/*!50003 SET character_set_client  = @saved_cs_client */ ;
/*!50003 SET character_set_results = @saved_cs_results */ ;
/*!50003 SET collation_connection  = @saved_col_connection */ ;
/*!50003 DROP PROCEDURE IF EXISTS `getCurrentSchoolYear` */;
/*!50003 SET @saved_cs_client      = @@character_set_client */ ;
/*!50003 SET @saved_cs_results     = @@character_set_results */ ;
/*!50003 SET @saved_col_connection = @@collation_connection */ ;
/*!50003 SET character_set_client  = utf8 */ ;
/*!50003 SET character_set_results = utf8 */ ;
/*!50003 SET collation_connection  = utf8_general_ci */ ;
/*!50003 SET @saved_sql_mode       = @@sql_mode */ ;
/*!50003 SET sql_mode              = 'NO_ENGINE_SUBSTITUTION' */ ;
DELIMITER ;;
CREATE DEFINER=`root`@`localhost` PROCEDURE `getCurrentSchoolYear`()
BEGIN
	SELECT yearFrom, yearTo FROM schoolyear_mt WHERE isCurrentSchoolYear = 1;
END ;;
DELIMITER ;
/*!50003 SET sql_mode              = @saved_sql_mode */ ;
/*!50003 SET character_set_client  = @saved_cs_client */ ;
/*!50003 SET character_set_results = @saved_cs_results */ ;
/*!50003 SET collation_connection  = @saved_col_connection */ ;
/*!50003 DROP PROCEDURE IF EXISTS `getCurrentSchoolYearFrom` */;
/*!50003 SET @saved_cs_client      = @@character_set_client */ ;
/*!50003 SET @saved_cs_results     = @@character_set_results */ ;
/*!50003 SET @saved_col_connection = @@collation_connection */ ;
/*!50003 SET character_set_client  = utf8 */ ;
/*!50003 SET character_set_results = utf8 */ ;
/*!50003 SET collation_connection  = utf8_general_ci */ ;
/*!50003 SET @saved_sql_mode       = @@sql_mode */ ;
/*!50003 SET sql_mode              = 'NO_ENGINE_SUBSTITUTION' */ ;
DELIMITER ;;
CREATE DEFINER=`root`@`localhost` PROCEDURE `getCurrentSchoolYearFrom`()
BEGIN
SELECT yearFrom FROM schoolyear_mt WHERE isCurrentSchoolYear = 1;
END ;;
DELIMITER ;
/*!50003 SET sql_mode              = @saved_sql_mode */ ;
/*!50003 SET character_set_client  = @saved_cs_client */ ;
/*!50003 SET character_set_results = @saved_cs_results */ ;
/*!50003 SET collation_connection  = @saved_col_connection */ ;
/*!50003 DROP PROCEDURE IF EXISTS `getCurrentSchoolYearId` */;
/*!50003 SET @saved_cs_client      = @@character_set_client */ ;
/*!50003 SET @saved_cs_results     = @@character_set_results */ ;
/*!50003 SET @saved_col_connection = @@collation_connection */ ;
/*!50003 SET character_set_client  = utf8 */ ;
/*!50003 SET character_set_results = utf8 */ ;
/*!50003 SET collation_connection  = utf8_general_ci */ ;
/*!50003 SET @saved_sql_mode       = @@sql_mode */ ;
/*!50003 SET sql_mode              = 'NO_ENGINE_SUBSTITUTION' */ ;
DELIMITER ;;
CREATE DEFINER=`root`@`localhost` PROCEDURE `getCurrentSchoolYearId`()
BEGIN
SELECT schoolyear_id FROM schoolyear_mt WHERE isCurrentSchoolYear = 1;
END ;;
DELIMITER ;
/*!50003 SET sql_mode              = @saved_sql_mode */ ;
/*!50003 SET character_set_client  = @saved_cs_client */ ;
/*!50003 SET character_set_results = @saved_cs_results */ ;
/*!50003 SET collation_connection  = @saved_col_connection */ ;
/*!50003 DROP PROCEDURE IF EXISTS `getCurriculumId` */;
/*!50003 SET @saved_cs_client      = @@character_set_client */ ;
/*!50003 SET @saved_cs_results     = @@character_set_results */ ;
/*!50003 SET @saved_col_connection = @@collation_connection */ ;
/*!50003 SET character_set_client  = utf8 */ ;
/*!50003 SET character_set_results = utf8 */ ;
/*!50003 SET collation_connection  = utf8_general_ci */ ;
/*!50003 SET @saved_sql_mode       = @@sql_mode */ ;
/*!50003 SET sql_mode              = 'NO_ENGINE_SUBSTITUTION' */ ;
DELIMITER ;;
CREATE DEFINER=`root`@`localhost` PROCEDURE `getCurriculumId`(IN pIN_curriculumName VARCHAR(150))
BEGIN
	SELECT curriculum_id FROM curriculum_mt WHERE curriculum_mt.curriculum_title = pIN_curriculumName;
    
END ;;
DELIMITER ;
/*!50003 SET sql_mode              = @saved_sql_mode */ ;
/*!50003 SET character_set_client  = @saved_cs_client */ ;
/*!50003 SET character_set_results = @saved_cs_results */ ;
/*!50003 SET collation_connection  = @saved_col_connection */ ;
/*!50003 DROP PROCEDURE IF EXISTS `getCurriculumInfoOf` */;
/*!50003 SET @saved_cs_client      = @@character_set_client */ ;
/*!50003 SET @saved_cs_results     = @@character_set_results */ ;
/*!50003 SET @saved_col_connection = @@collation_connection */ ;
/*!50003 SET character_set_client  = utf8 */ ;
/*!50003 SET character_set_results = utf8 */ ;
/*!50003 SET collation_connection  = utf8_general_ci */ ;
/*!50003 SET @saved_sql_mode       = @@sql_mode */ ;
/*!50003 SET sql_mode              = 'NO_ENGINE_SUBSTITUTION' */ ;
DELIMITER ;;
CREATE DEFINER=`root`@`localhost` PROCEDURE `getCurriculumInfoOf`(IN p_curriculumId INT)
BEGIN

SELECT 
    c.*,
    es.educationstage,
    chd.dateAdded,
    gl.`level`,
    sy.yearFrom,
    sy.yearTo
    
    FROM curriculum 					c
    INNER JOIN gradelevel 				gl 	ON c.gradeLevelId = gl.id
    INNER JOIN curriculum_schoolyears 	csy ON c.id = csy.curriculumId
    INNER JOIN schoolyear 				sy 	ON csy.schoolYearId = sy.id
    INNER JOIN curriculum_hd 			chd ON c.id = chd.curriculumId
    INNER JOIN educationalstage			es	ON c.educationalstage_id = es.id
    
    WHERE c.id = p_curriculumId;
    
END ;;
DELIMITER ;
/*!50003 SET sql_mode              = @saved_sql_mode */ ;
/*!50003 SET character_set_client  = @saved_cs_client */ ;
/*!50003 SET character_set_results = @saved_cs_results */ ;
/*!50003 SET collation_connection  = @saved_col_connection */ ;
/*!50003 DROP PROCEDURE IF EXISTS `getCurriculumNameGradeLevel` */;
/*!50003 SET @saved_cs_client      = @@character_set_client */ ;
/*!50003 SET @saved_cs_results     = @@character_set_results */ ;
/*!50003 SET @saved_col_connection = @@collation_connection */ ;
/*!50003 SET character_set_client  = utf8 */ ;
/*!50003 SET character_set_results = utf8 */ ;
/*!50003 SET collation_connection  = utf8_general_ci */ ;
/*!50003 SET @saved_sql_mode       = @@sql_mode */ ;
/*!50003 SET sql_mode              = 'NO_ENGINE_SUBSTITUTION' */ ;
DELIMITER ;;
CREATE DEFINER=`root`@`localhost` PROCEDURE `getCurriculumNameGradeLevel`(aEducationalStageId int)
BEGIN
	SELECT g.`level` as gradelevel
    FROM educationalstage_gradelevel esg 
    INNER JOIN gradelevel g ON esg.gradelevel_id = g.id
    WHERE esg.curriculumname_id = aEducationStageId;
END ;;
DELIMITER ;
/*!50003 SET sql_mode              = @saved_sql_mode */ ;
/*!50003 SET character_set_client  = @saved_cs_client */ ;
/*!50003 SET character_set_results = @saved_cs_results */ ;
/*!50003 SET collation_connection  = @saved_col_connection */ ;
/*!50003 DROP PROCEDURE IF EXISTS `getCurriculumNameId` */;
/*!50003 SET @saved_cs_client      = @@character_set_client */ ;
/*!50003 SET @saved_cs_results     = @@character_set_results */ ;
/*!50003 SET @saved_col_connection = @@collation_connection */ ;
/*!50003 SET character_set_client  = utf8 */ ;
/*!50003 SET character_set_results = utf8 */ ;
/*!50003 SET collation_connection  = utf8_general_ci */ ;
/*!50003 SET @saved_sql_mode       = @@sql_mode */ ;
/*!50003 SET sql_mode              = 'NO_ENGINE_SUBSTITUTION' */ ;
DELIMITER ;;
CREATE DEFINER=`root`@`localhost` PROCEDURE `getCurriculumNameId`(aCurriculumName VARCHAR(50))
BEGIN
	SELECT cn.id FROM curriculumname cn WHERE cn.curriculum_name = aCurriculumName;
END ;;
DELIMITER ;
/*!50003 SET sql_mode              = @saved_sql_mode */ ;
/*!50003 SET character_set_client  = @saved_cs_client */ ;
/*!50003 SET character_set_results = @saved_cs_results */ ;
/*!50003 SET collation_connection  = @saved_col_connection */ ;
/*!50003 DROP PROCEDURE IF EXISTS `getCurriculumNames` */;
/*!50003 SET @saved_cs_client      = @@character_set_client */ ;
/*!50003 SET @saved_cs_results     = @@character_set_results */ ;
/*!50003 SET @saved_col_connection = @@collation_connection */ ;
/*!50003 SET character_set_client  = utf8 */ ;
/*!50003 SET character_set_results = utf8 */ ;
/*!50003 SET collation_connection  = utf8_general_ci */ ;
/*!50003 SET @saved_sql_mode       = @@sql_mode */ ;
/*!50003 SET sql_mode              = 'NO_ENGINE_SUBSTITUTION' */ ;
DELIMITER ;;
CREATE DEFINER=`root`@`localhost` PROCEDURE `getCurriculumNames`()
BEGIN
	SELECT educationstage FROM educationalstage;
END ;;
DELIMITER ;
/*!50003 SET sql_mode              = @saved_sql_mode */ ;
/*!50003 SET character_set_client  = @saved_cs_client */ ;
/*!50003 SET character_set_results = @saved_cs_results */ ;
/*!50003 SET collation_connection  = @saved_col_connection */ ;
/*!50003 DROP PROCEDURE IF EXISTS `getCurriculumSubjects` */;
/*!50003 SET @saved_cs_client      = @@character_set_client */ ;
/*!50003 SET @saved_cs_results     = @@character_set_results */ ;
/*!50003 SET @saved_col_connection = @@collation_connection */ ;
/*!50003 SET character_set_client  = utf8 */ ;
/*!50003 SET character_set_results = utf8 */ ;
/*!50003 SET collation_connection  = utf8_general_ci */ ;
/*!50003 SET @saved_sql_mode       = @@sql_mode */ ;
/*!50003 SET sql_mode              = 'NO_ENGINE_SUBSTITUTION' */ ;
DELIMITER ;;
CREATE DEFINER=`root`@`localhost` PROCEDURE `getCurriculumSubjects`(IN p_curriculumId INT)
BEGIN
	SELECT 
    s.`code`,
    s.`name`,
    s.units,
    s.description,
    gl.`level`
    
    FROM 		subjects	 			s
    INNER JOIN 	curriculum_subjects 	cs 		ON s.id = cs.subjectId
    INNER JOIN 	subjects_gradelevel		sgl 	ON cs.subjectId = sgl.subjectId
    INNER JOIN	gradelevel				gl		ON sgl.gradeLevelId = gl.id
    
    
    WHERE cs.curriculumId = p_curriculumId;
END ;;
DELIMITER ;
/*!50003 SET sql_mode              = @saved_sql_mode */ ;
/*!50003 SET character_set_client  = @saved_cs_client */ ;
/*!50003 SET character_set_results = @saved_cs_results */ ;
/*!50003 SET collation_connection  = @saved_col_connection */ ;
/*!50003 DROP PROCEDURE IF EXISTS `getCurriculumYearStartEndByGradeLevel` */;
/*!50003 SET @saved_cs_client      = @@character_set_client */ ;
/*!50003 SET @saved_cs_results     = @@character_set_results */ ;
/*!50003 SET @saved_col_connection = @@collation_connection */ ;
/*!50003 SET character_set_client  = utf8 */ ;
/*!50003 SET character_set_results = utf8 */ ;
/*!50003 SET collation_connection  = utf8_general_ci */ ;
/*!50003 SET @saved_sql_mode       = @@sql_mode */ ;
/*!50003 SET sql_mode              = 'NO_ENGINE_SUBSTITUTION' */ ;
DELIMITER ;;
CREATE DEFINER=`root`@`localhost` PROCEDURE `getCurriculumYearStartEndByGradeLevel`(IN pIN_gradeLevel INT)
BEGIN
	
    SELECT schoolyear_mt.yearFrom, schoolyear_mt.yearTo FROM curriculum_subject_lt
		INNER JOIN curriculum_mt ON curriculum_mt.curriculum_id = curriculum_subject_lt.curriculum_id
		INNER JOIN schoolyear_mt ON curriculum_mt.schoolyear_id = schoolyear_mt.schoolyear_id
		INNER JOIN gradelevel_mt ON gradelevel_mt.gradelevel_id = curriculum_mt.gradelevel_id
			WHERE gradelevel_mt.grade_level = pIN_gradeLevel;

END ;;
DELIMITER ;
/*!50003 SET sql_mode              = @saved_sql_mode */ ;
/*!50003 SET character_set_client  = @saved_cs_client */ ;
/*!50003 SET character_set_results = @saved_cs_results */ ;
/*!50003 SET collation_connection  = @saved_col_connection */ ;
/*!50003 DROP PROCEDURE IF EXISTS `getDashboardPermissionByRoleId` */;
/*!50003 SET @saved_cs_client      = @@character_set_client */ ;
/*!50003 SET @saved_cs_results     = @@character_set_results */ ;
/*!50003 SET @saved_col_connection = @@collation_connection */ ;
/*!50003 SET character_set_client  = utf8 */ ;
/*!50003 SET character_set_results = utf8 */ ;
/*!50003 SET collation_connection  = utf8_general_ci */ ;
/*!50003 SET @saved_sql_mode       = @@sql_mode */ ;
/*!50003 SET sql_mode              = 'NO_ENGINE_SUBSTITUTION' */ ;
DELIMITER ;;
CREATE DEFINER=`root`@`localhost` PROCEDURE `getDashboardPermissionByRoleId`(aRoleId INT)
BEGIN
SELECT r.role_id, r.role,dbp.*
FROM dashboardpermission dbp
INNER JOIN role_permission rp ON dbp.dashboardpermission_id = rp.dashboardpermission_id
INNER JOIN role r ON rp.role_id = r.role_id
WHERE rp.role_id = aRoleId;

END ;;
DELIMITER ;
/*!50003 SET sql_mode              = @saved_sql_mode */ ;
/*!50003 SET character_set_client  = @saved_cs_client */ ;
/*!50003 SET character_set_results = @saved_cs_results */ ;
/*!50003 SET collation_connection  = @saved_col_connection */ ;
/*!50003 DROP PROCEDURE IF EXISTS `getDiscountById` */;
/*!50003 SET @saved_cs_client      = @@character_set_client */ ;
/*!50003 SET @saved_cs_results     = @@character_set_results */ ;
/*!50003 SET @saved_col_connection = @@collation_connection */ ;
/*!50003 SET character_set_client  = utf8 */ ;
/*!50003 SET character_set_results = utf8 */ ;
/*!50003 SET collation_connection  = utf8_general_ci */ ;
/*!50003 SET @saved_sql_mode       = @@sql_mode */ ;
/*!50003 SET sql_mode              = 'NO_ENGINE_SUBSTITUTION' */ ;
DELIMITER ;;
CREATE DEFINER=`root`@`localhost` PROCEDURE `getDiscountById`(aDiscountId INT)
BEGIN

SELECT * FROM discount_mt WHERE discount_id = aDiscountId;
END ;;
DELIMITER ;
/*!50003 SET sql_mode              = @saved_sql_mode */ ;
/*!50003 SET character_set_client  = @saved_cs_client */ ;
/*!50003 SET character_set_results = @saved_cs_results */ ;
/*!50003 SET collation_connection  = @saved_col_connection */ ;
/*!50003 DROP PROCEDURE IF EXISTS `getDiscountDescription` */;
/*!50003 SET @saved_cs_client      = @@character_set_client */ ;
/*!50003 SET @saved_cs_results     = @@character_set_results */ ;
/*!50003 SET @saved_col_connection = @@collation_connection */ ;
/*!50003 SET character_set_client  = utf8 */ ;
/*!50003 SET character_set_results = utf8 */ ;
/*!50003 SET collation_connection  = utf8_general_ci */ ;
/*!50003 SET @saved_sql_mode       = @@sql_mode */ ;
/*!50003 SET sql_mode              = 'NO_ENGINE_SUBSTITUTION' */ ;
DELIMITER ;;
CREATE DEFINER=`root`@`localhost` PROCEDURE `getDiscountDescription`(aDiscountName VARCHAR(100))
BEGIN

	SELECT description FROM discount WHERE discountType = aDiscountName;


END ;;
DELIMITER ;
/*!50003 SET sql_mode              = @saved_sql_mode */ ;
/*!50003 SET character_set_client  = @saved_cs_client */ ;
/*!50003 SET character_set_results = @saved_cs_results */ ;
/*!50003 SET collation_connection  = @saved_col_connection */ ;
/*!50003 DROP PROCEDURE IF EXISTS `getDiscountId` */;
/*!50003 SET @saved_cs_client      = @@character_set_client */ ;
/*!50003 SET @saved_cs_results     = @@character_set_results */ ;
/*!50003 SET @saved_col_connection = @@collation_connection */ ;
/*!50003 SET character_set_client  = utf8 */ ;
/*!50003 SET character_set_results = utf8 */ ;
/*!50003 SET collation_connection  = utf8_general_ci */ ;
/*!50003 SET @saved_sql_mode       = @@sql_mode */ ;
/*!50003 SET sql_mode              = 'NO_ENGINE_SUBSTITUTION' */ ;
DELIMITER ;;
CREATE DEFINER=`root`@`localhost` PROCEDURE `getDiscountId`(aDiscountName VARCHAR(100))
BEGIN
	SELECT discount_id FROM discount WHERE discountType = aDiscountName;
END ;;
DELIMITER ;
/*!50003 SET sql_mode              = @saved_sql_mode */ ;
/*!50003 SET character_set_client  = @saved_cs_client */ ;
/*!50003 SET character_set_results = @saved_cs_results */ ;
/*!50003 SET collation_connection  = @saved_col_connection */ ;
/*!50003 DROP PROCEDURE IF EXISTS `getDiscountIdByName` */;
/*!50003 SET @saved_cs_client      = @@character_set_client */ ;
/*!50003 SET @saved_cs_results     = @@character_set_results */ ;
/*!50003 SET @saved_col_connection = @@collation_connection */ ;
/*!50003 SET character_set_client  = utf8 */ ;
/*!50003 SET character_set_results = utf8 */ ;
/*!50003 SET collation_connection  = utf8_general_ci */ ;
/*!50003 SET @saved_sql_mode       = @@sql_mode */ ;
/*!50003 SET sql_mode              = 'NO_ENGINE_SUBSTITUTION' */ ;
DELIMITER ;;
CREATE DEFINER=`root`@`localhost` PROCEDURE `getDiscountIdByName`(aDiscountName VARCHAR(255))
BEGIN
SELECT discount_id FROM discount_mt WHERE discount_name = aDiscountName;
END ;;
DELIMITER ;
/*!50003 SET sql_mode              = @saved_sql_mode */ ;
/*!50003 SET character_set_client  = @saved_cs_client */ ;
/*!50003 SET character_set_results = @saved_cs_results */ ;
/*!50003 SET collation_connection  = @saved_col_connection */ ;
/*!50003 DROP PROCEDURE IF EXISTS `getDiscountNames` */;
/*!50003 SET @saved_cs_client      = @@character_set_client */ ;
/*!50003 SET @saved_cs_results     = @@character_set_results */ ;
/*!50003 SET @saved_col_connection = @@collation_connection */ ;
/*!50003 SET character_set_client  = utf8 */ ;
/*!50003 SET character_set_results = utf8 */ ;
/*!50003 SET collation_connection  = utf8_general_ci */ ;
/*!50003 SET @saved_sql_mode       = @@sql_mode */ ;
/*!50003 SET sql_mode              = 'NO_ENGINE_SUBSTITUTION' */ ;
DELIMITER ;;
CREATE DEFINER=`root`@`localhost` PROCEDURE `getDiscountNames`()
BEGIN
SELECT discountType FROM discount;
END ;;
DELIMITER ;
/*!50003 SET sql_mode              = @saved_sql_mode */ ;
/*!50003 SET character_set_client  = @saved_cs_client */ ;
/*!50003 SET character_set_results = @saved_cs_results */ ;
/*!50003 SET collation_connection  = @saved_col_connection */ ;
/*!50003 DROP PROCEDURE IF EXISTS `getDiscountPercentage` */;
/*!50003 SET @saved_cs_client      = @@character_set_client */ ;
/*!50003 SET @saved_cs_results     = @@character_set_results */ ;
/*!50003 SET @saved_col_connection = @@collation_connection */ ;
/*!50003 SET character_set_client  = utf8 */ ;
/*!50003 SET character_set_results = utf8 */ ;
/*!50003 SET collation_connection  = utf8_general_ci */ ;
/*!50003 SET @saved_sql_mode       = @@sql_mode */ ;
/*!50003 SET sql_mode              = 'NO_ENGINE_SUBSTITUTION' */ ;
DELIMITER ;;
CREATE DEFINER=`root`@`localhost` PROCEDURE `getDiscountPercentage`(aDiscountName VARCHAR(50))
BEGIN
	SELECT percentage FROM discount WHERE discountType = aDiscountName;
END ;;
DELIMITER ;
/*!50003 SET sql_mode              = @saved_sql_mode */ ;
/*!50003 SET character_set_client  = @saved_cs_client */ ;
/*!50003 SET character_set_results = @saved_cs_results */ ;
/*!50003 SET collation_connection  = @saved_col_connection */ ;
/*!50003 DROP PROCEDURE IF EXISTS `getDisountDescription` */;
/*!50003 SET @saved_cs_client      = @@character_set_client */ ;
/*!50003 SET @saved_cs_results     = @@character_set_results */ ;
/*!50003 SET @saved_col_connection = @@collation_connection */ ;
/*!50003 SET character_set_client  = utf8 */ ;
/*!50003 SET character_set_results = utf8 */ ;
/*!50003 SET collation_connection  = utf8_general_ci */ ;
/*!50003 SET @saved_sql_mode       = @@sql_mode */ ;
/*!50003 SET sql_mode              = 'NO_ENGINE_SUBSTITUTION' */ ;
DELIMITER ;;
CREATE DEFINER=`root`@`localhost` PROCEDURE `getDisountDescription`(aDiscountName VARCHAR(100))
BEGIN

	SELECT description FROM discount WHERE discountType = aDiscountName;


END ;;
DELIMITER ;
/*!50003 SET sql_mode              = @saved_sql_mode */ ;
/*!50003 SET character_set_client  = @saved_cs_client */ ;
/*!50003 SET character_set_results = @saved_cs_results */ ;
/*!50003 SET collation_connection  = @saved_col_connection */ ;
/*!50003 DROP PROCEDURE IF EXISTS `getDownpaymentFeeByGradeLevelId` */;
/*!50003 SET @saved_cs_client      = @@character_set_client */ ;
/*!50003 SET @saved_cs_results     = @@character_set_results */ ;
/*!50003 SET @saved_col_connection = @@collation_connection */ ;
/*!50003 SET character_set_client  = utf8 */ ;
/*!50003 SET character_set_results = utf8 */ ;
/*!50003 SET collation_connection  = utf8_general_ci */ ;
/*!50003 SET @saved_sql_mode       = @@sql_mode */ ;
/*!50003 SET sql_mode              = 'NO_ENGINE_SUBSTITUTION' */ ;
DELIMITER ;;
CREATE DEFINER=`root`@`localhost` PROCEDURE `getDownpaymentFeeByGradeLevelId`(aGradeLevelId INT)
BEGIN

SELECT f.fee_id, f.fee_name, f.fee_description, fs.fee_amount, 
fc.fee_category, fc.fee_category_id,
gl.*,
sy.*,
fs.*
FROM fee_mt f
INNER JOIN fee_schoolyear_lt fs ON f.fee_id = fs.fee_id
INNER JOIN gradelevel_mt gl ON fs.gradelevel_id = gl.gradelevel_id
INNER JOIN schoolyear_mt sy ON fs.schoolyear_id = sy.schoolyear_id
INNER JOIN fee_category_mt fc ON f.fee_category_id = fc.fee_category_id

WHERE fc.fee_category = 'Downpayment'
AND fs.gradelevel_id = aGradeLevelId;

END ;;
DELIMITER ;
/*!50003 SET sql_mode              = @saved_sql_mode */ ;
/*!50003 SET character_set_client  = @saved_cs_client */ ;
/*!50003 SET character_set_results = @saved_cs_results */ ;
/*!50003 SET collation_connection  = @saved_col_connection */ ;
/*!50003 DROP PROCEDURE IF EXISTS `getEachCurriculum` */;
/*!50003 SET @saved_cs_client      = @@character_set_client */ ;
/*!50003 SET @saved_cs_results     = @@character_set_results */ ;
/*!50003 SET @saved_col_connection = @@collation_connection */ ;
/*!50003 SET character_set_client  = utf8 */ ;
/*!50003 SET character_set_results = utf8 */ ;
/*!50003 SET collation_connection  = utf8_general_ci */ ;
/*!50003 SET @saved_sql_mode       = @@sql_mode */ ;
/*!50003 SET sql_mode              = 'NO_ENGINE_SUBSTITUTION' */ ;
DELIMITER ;;
CREATE DEFINER=`root`@`localhost` PROCEDURE `getEachCurriculum`(IN pIN_yearFrom INT, IN pIN_search VARCHAR(250))
BEGIN
	SELECT schoolyear_mt.yearFrom, schoolyear_mt.yearTo, gradelevel_mt.grade_level, curriculum_mt.description, curriculum_mt.date_created FROM curriculum_mt
	INNER JOIN schoolyear_mt ON schoolyear_mt.schoolyear_id = curriculum_mt.schoolyear_id
	INNER JOIN gradelevel_mt ON gradelevel_mt.gradelevel_id = curriculum_mt.gradelevel_id
    WHERE yearFrom = pIN_yearFrom AND description LIKE CONCAT ('%',  pIN_search, '%');
END ;;
DELIMITER ;
/*!50003 SET sql_mode              = @saved_sql_mode */ ;
/*!50003 SET character_set_client  = @saved_cs_client */ ;
/*!50003 SET character_set_results = @saved_cs_results */ ;
/*!50003 SET collation_connection  = @saved_col_connection */ ;
/*!50003 DROP PROCEDURE IF EXISTS `getEachSubjectByGradeLevel` */;
/*!50003 SET @saved_cs_client      = @@character_set_client */ ;
/*!50003 SET @saved_cs_results     = @@character_set_results */ ;
/*!50003 SET @saved_col_connection = @@collation_connection */ ;
/*!50003 SET character_set_client  = utf8 */ ;
/*!50003 SET character_set_results = utf8 */ ;
/*!50003 SET collation_connection  = utf8_general_ci */ ;
/*!50003 SET @saved_sql_mode       = @@sql_mode */ ;
/*!50003 SET sql_mode              = 'NO_ENGINE_SUBSTITUTION' */ ;
DELIMITER ;;
CREATE DEFINER=`root`@`localhost` PROCEDURE `getEachSubjectByGradeLevel`(IN p_subjTitle VARCHAR(250))
BEGIN   
    SELECT subject_mt.title, subject_mt.code, subject_mt.description, gradelevel_mt.grade_level,
    subject_mt.subject_id, gradelevel_mt.gradelevel_id
	FROM subject_gradelevel_lt
	INNER JOIN subject_mt 
	ON subject_mt.subject_id = subject_gradelevel_lt.subject_id
	INNER JOIN gradelevel_mt 
	ON gradelevel_mt.gradelevel_id = subject_gradelevel_lt.gradelevel_id
	WHERE subject_mt.title = p_subjTitle;
    
	END ;;
DELIMITER ;
/*!50003 SET sql_mode              = @saved_sql_mode */ ;
/*!50003 SET character_set_client  = @saved_cs_client */ ;
/*!50003 SET character_set_results = @saved_cs_results */ ;
/*!50003 SET collation_connection  = @saved_col_connection */ ;
/*!50003 DROP PROCEDURE IF EXISTS `getEachSubjectByGradeLevelForCurriculum` */;
/*!50003 SET @saved_cs_client      = @@character_set_client */ ;
/*!50003 SET @saved_cs_results     = @@character_set_results */ ;
/*!50003 SET @saved_col_connection = @@collation_connection */ ;
/*!50003 SET character_set_client  = utf8 */ ;
/*!50003 SET character_set_results = utf8 */ ;
/*!50003 SET collation_connection  = utf8_general_ci */ ;
/*!50003 SET @saved_sql_mode       = @@sql_mode */ ;
/*!50003 SET sql_mode              = 'NO_ENGINE_SUBSTITUTION' */ ;
DELIMITER ;;
CREATE DEFINER=`root`@`localhost` PROCEDURE `getEachSubjectByGradeLevelForCurriculum`(IN pIN_gradeLevel INT)
BEGIN
	SELECT subject_mt.code, subject_mt.title, subject_mt.description, gradelevel_mt.grade_level
	FROM subject_gradelevel_lt
	INNER JOIN subject_mt
	ON subject_mt.subject_id = subject_gradelevel_lt.subject_id
	INNER JOIN gradelevel_mt
	ON gradelevel_mt.gradelevel_id = subject_gradelevel_lt.gradelevel_id
    WHERE gradelevel_mt.grade_level = pIN_gradeLevel;
END ;;
DELIMITER ;
/*!50003 SET sql_mode              = @saved_sql_mode */ ;
/*!50003 SET character_set_client  = @saved_cs_client */ ;
/*!50003 SET character_set_results = @saved_cs_results */ ;
/*!50003 SET collation_connection  = @saved_col_connection */ ;
/*!50003 DROP PROCEDURE IF EXISTS `getEnrollmentScheduleBySchoolYear` */;
/*!50003 SET @saved_cs_client      = @@character_set_client */ ;
/*!50003 SET @saved_cs_results     = @@character_set_results */ ;
/*!50003 SET @saved_col_connection = @@collation_connection */ ;
/*!50003 SET character_set_client  = utf8 */ ;
/*!50003 SET character_set_results = utf8 */ ;
/*!50003 SET collation_connection  = utf8_general_ci */ ;
/*!50003 SET @saved_sql_mode       = @@sql_mode */ ;
/*!50003 SET sql_mode              = 'NO_ENGINE_SUBSTITUTION' */ ;
DELIMITER ;;
CREATE DEFINER=`root`@`localhost` PROCEDURE `getEnrollmentScheduleBySchoolYear`(IN aSchoolYearId INT)
BEGIN
	SELECT 
    e.enrollment_id, 
    e.opening_date, 
    e.closing_date, 
    e.date_created,
    e.schoolyear_id, 
    sy.yearFrom, 
    sy.yearTo,
    sy.start_date,
    sy.end_date,
    sy.isActive,
    sy.isCurrentSchoolYear
    FROM enrollment_mt e
    INNER JOIN schoolyear_mt sy ON e.schoolyear_id = sy.schoolyear_id
    WHERE sy.schoolyear_id = aSchoolYearId;
END ;;
DELIMITER ;
/*!50003 SET sql_mode              = @saved_sql_mode */ ;
/*!50003 SET character_set_client  = @saved_cs_client */ ;
/*!50003 SET character_set_results = @saved_cs_results */ ;
/*!50003 SET collation_connection  = @saved_col_connection */ ;
/*!50003 DROP PROCEDURE IF EXISTS `getFaculty` */;
/*!50003 SET @saved_cs_client      = @@character_set_client */ ;
/*!50003 SET @saved_cs_results     = @@character_set_results */ ;
/*!50003 SET @saved_col_connection = @@collation_connection */ ;
/*!50003 SET character_set_client  = utf8 */ ;
/*!50003 SET character_set_results = utf8 */ ;
/*!50003 SET collation_connection  = utf8_general_ci */ ;
/*!50003 SET @saved_sql_mode       = @@sql_mode */ ;
/*!50003 SET sql_mode              = 'NO_ENGINE_SUBSTITUTION' */ ;
DELIMITER ;;
CREATE DEFINER=`root`@`localhost` PROCEDURE `getFaculty`()
BEGIN

SELECT f.*,fs.*,s.* FROM faculty_mt f
INNER JOIN faculty_specialization fs ON f.faculty_id = fs.faculty_id
INNER JOIN specialization s ON fs.specialization_id = s.specialization_id;

END ;;
DELIMITER ;
/*!50003 SET sql_mode              = @saved_sql_mode */ ;
/*!50003 SET character_set_client  = @saved_cs_client */ ;
/*!50003 SET character_set_results = @saved_cs_results */ ;
/*!50003 SET collation_connection  = @saved_col_connection */ ;
/*!50003 DROP PROCEDURE IF EXISTS `getFacultyAndSpecialization` */;
/*!50003 SET @saved_cs_client      = @@character_set_client */ ;
/*!50003 SET @saved_cs_results     = @@character_set_results */ ;
/*!50003 SET @saved_col_connection = @@collation_connection */ ;
/*!50003 SET character_set_client  = utf8 */ ;
/*!50003 SET character_set_results = utf8 */ ;
/*!50003 SET collation_connection  = utf8_general_ci */ ;
/*!50003 SET @saved_sql_mode       = @@sql_mode */ ;
/*!50003 SET sql_mode              = 'NO_ENGINE_SUBSTITUTION' */ ;
DELIMITER ;;
CREATE DEFINER=`root`@`localhost` PROCEDURE `getFacultyAndSpecialization`()
BEGIN

SELECT f.*,fs.*,s.* FROM faculty_mt f
INNER JOIN faculty_specialization fs ON f.faculty_id = fs.faculty_id
INNER JOIN specialization s ON fs.specialization_id = s.specialization_id
GROUP BY fs.faculty_id
ORDER BY f.lastName;

END ;;
DELIMITER ;
/*!50003 SET sql_mode              = @saved_sql_mode */ ;
/*!50003 SET character_set_client  = @saved_cs_client */ ;
/*!50003 SET character_set_results = @saved_cs_results */ ;
/*!50003 SET collation_connection  = @saved_col_connection */ ;
/*!50003 DROP PROCEDURE IF EXISTS `getFacultyByID` */;
/*!50003 SET @saved_cs_client      = @@character_set_client */ ;
/*!50003 SET @saved_cs_results     = @@character_set_results */ ;
/*!50003 SET @saved_col_connection = @@collation_connection */ ;
/*!50003 SET character_set_client  = utf8 */ ;
/*!50003 SET character_set_results = utf8 */ ;
/*!50003 SET collation_connection  = utf8_general_ci */ ;
/*!50003 SET @saved_sql_mode       = @@sql_mode */ ;
/*!50003 SET sql_mode              = 'NO_ENGINE_SUBSTITUTION' */ ;
DELIMITER ;;
CREATE DEFINER=`root`@`localhost` PROCEDURE `getFacultyByID`(
	IN p_facultyID int(11)
)
BEGIN
	SELECT * FROM faculty_mt WHERE faculty_id = p_facultyID;
END ;;
DELIMITER ;
/*!50003 SET sql_mode              = @saved_sql_mode */ ;
/*!50003 SET character_set_client  = @saved_cs_client */ ;
/*!50003 SET character_set_results = @saved_cs_results */ ;
/*!50003 SET collation_connection  = @saved_col_connection */ ;
/*!50003 DROP PROCEDURE IF EXISTS `getFacultyBySpecializationID` */;
/*!50003 SET @saved_cs_client      = @@character_set_client */ ;
/*!50003 SET @saved_cs_results     = @@character_set_results */ ;
/*!50003 SET @saved_col_connection = @@collation_connection */ ;
/*!50003 SET character_set_client  = utf8 */ ;
/*!50003 SET character_set_results = utf8 */ ;
/*!50003 SET collation_connection  = utf8_general_ci */ ;
/*!50003 SET @saved_sql_mode       = @@sql_mode */ ;
/*!50003 SET sql_mode              = 'NO_ENGINE_SUBSTITUTION' */ ;
DELIMITER ;;
CREATE DEFINER=`root`@`localhost` PROCEDURE `getFacultyBySpecializationID`(
f_id INT(11)


)
BEGIN


SELECT f.*,fs.*,s.* FROM faculty_mt f
INNER JOIN faculty_specialization fs ON f.faculty_id = fs.faculty_id
INNER JOIN specialization s ON  fs.specialization_id = s.specialization_id 
WHERE f.faculty_id = f_id;
END ;;
DELIMITER ;
/*!50003 SET sql_mode              = @saved_sql_mode */ ;
/*!50003 SET character_set_client  = @saved_cs_client */ ;
/*!50003 SET character_set_results = @saved_cs_results */ ;
/*!50003 SET collation_connection  = @saved_col_connection */ ;
/*!50003 DROP PROCEDURE IF EXISTS `getFacultyId` */;
/*!50003 SET @saved_cs_client      = @@character_set_client */ ;
/*!50003 SET @saved_cs_results     = @@character_set_results */ ;
/*!50003 SET @saved_col_connection = @@collation_connection */ ;
/*!50003 SET character_set_client  = utf8 */ ;
/*!50003 SET character_set_results = utf8 */ ;
/*!50003 SET collation_connection  = utf8_general_ci */ ;
/*!50003 SET @saved_sql_mode       = @@sql_mode */ ;
/*!50003 SET sql_mode              = 'NO_ENGINE_SUBSTITUTION' */ ;
DELIMITER ;;
CREATE DEFINER=`root`@`localhost` PROCEDURE `getFacultyId`(
IN pIN_facultyName VARCHAR(150)
)
BEGIN

SELECT faculty_id FROM faculty_mt 
	WHERE CONCAT(firstName, ' ', middleName, '. ', lastName) = 
	pIN_facultyName;



END ;;
DELIMITER ;
/*!50003 SET sql_mode              = @saved_sql_mode */ ;
/*!50003 SET character_set_client  = @saved_cs_client */ ;
/*!50003 SET character_set_results = @saved_cs_results */ ;
/*!50003 SET collation_connection  = @saved_col_connection */ ;
/*!50003 DROP PROCEDURE IF EXISTS `getfacultyIdByEmployeeNo` */;
/*!50003 SET @saved_cs_client      = @@character_set_client */ ;
/*!50003 SET @saved_cs_results     = @@character_set_results */ ;
/*!50003 SET @saved_col_connection = @@collation_connection */ ;
/*!50003 SET character_set_client  = utf8 */ ;
/*!50003 SET character_set_results = utf8 */ ;
/*!50003 SET collation_connection  = utf8_general_ci */ ;
/*!50003 SET @saved_sql_mode       = @@sql_mode */ ;
/*!50003 SET sql_mode              = 'NO_ENGINE_SUBSTITUTION' */ ;
DELIMITER ;;
CREATE DEFINER=`root`@`localhost` PROCEDURE `getfacultyIdByEmployeeNo`(p_facultyEmployeeNo INT)
BEGIN
	SELECT id FROM faculty  
    WHERE employee_id = p_facultyEmployeeNo;
END ;;
DELIMITER ;
/*!50003 SET sql_mode              = @saved_sql_mode */ ;
/*!50003 SET character_set_client  = @saved_cs_client */ ;
/*!50003 SET character_set_results = @saved_cs_results */ ;
/*!50003 SET collation_connection  = @saved_col_connection */ ;
/*!50003 DROP PROCEDURE IF EXISTS `getFacultyIdByName` */;
/*!50003 SET @saved_cs_client      = @@character_set_client */ ;
/*!50003 SET @saved_cs_results     = @@character_set_results */ ;
/*!50003 SET @saved_col_connection = @@collation_connection */ ;
/*!50003 SET character_set_client  = utf8 */ ;
/*!50003 SET character_set_results = utf8 */ ;
/*!50003 SET collation_connection  = utf8_general_ci */ ;
/*!50003 SET @saved_sql_mode       = @@sql_mode */ ;
/*!50003 SET sql_mode              = 'NO_ENGINE_SUBSTITUTION' */ ;
DELIMITER ;;
CREATE DEFINER=`root`@`localhost` PROCEDURE `getFacultyIdByName`(aLastName VARCHAR(255), aFirstName VARCHAR(255), aMiddleName VARCHAR(255))
BEGIN

SELECT faculty_id FROM faculty_mt
WHERE 
lastName = aLastName AND
firstName = aFirstName AND
middleName = aMiddleName;

END ;;
DELIMITER ;
/*!50003 SET sql_mode              = @saved_sql_mode */ ;
/*!50003 SET character_set_client  = @saved_cs_client */ ;
/*!50003 SET character_set_results = @saved_cs_results */ ;
/*!50003 SET collation_connection  = @saved_col_connection */ ;
/*!50003 DROP PROCEDURE IF EXISTS `getFeeCategoryById` */;
/*!50003 SET @saved_cs_client      = @@character_set_client */ ;
/*!50003 SET @saved_cs_results     = @@character_set_results */ ;
/*!50003 SET @saved_col_connection = @@collation_connection */ ;
/*!50003 SET character_set_client  = utf8 */ ;
/*!50003 SET character_set_results = utf8 */ ;
/*!50003 SET collation_connection  = utf8_general_ci */ ;
/*!50003 SET @saved_sql_mode       = @@sql_mode */ ;
/*!50003 SET sql_mode              = 'NO_ENGINE_SUBSTITUTION' */ ;
DELIMITER ;;
CREATE DEFINER=`root`@`localhost` PROCEDURE `getFeeCategoryById`(IN aFeeCategoryId INT)
BEGIN
	SELECT * FROM fee_category_mt WHERE fee_category_id = aFeeCategoryId;
END ;;
DELIMITER ;
/*!50003 SET sql_mode              = @saved_sql_mode */ ;
/*!50003 SET character_set_client  = @saved_cs_client */ ;
/*!50003 SET character_set_results = @saved_cs_results */ ;
/*!50003 SET collation_connection  = @saved_col_connection */ ;
/*!50003 DROP PROCEDURE IF EXISTS `getFeeCategoryId` */;
/*!50003 SET @saved_cs_client      = @@character_set_client */ ;
/*!50003 SET @saved_cs_results     = @@character_set_results */ ;
/*!50003 SET @saved_col_connection = @@collation_connection */ ;
/*!50003 SET character_set_client  = utf8 */ ;
/*!50003 SET character_set_results = utf8 */ ;
/*!50003 SET collation_connection  = utf8_general_ci */ ;
/*!50003 SET @saved_sql_mode       = @@sql_mode */ ;
/*!50003 SET sql_mode              = 'NO_ENGINE_SUBSTITUTION' */ ;
DELIMITER ;;
CREATE DEFINER=`root`@`localhost` PROCEDURE `getFeeCategoryId`(IN aFeeCategory VARCHAR(255))
BEGIN
	SELECT fee_category_id FROM fee_category_mt WHERE fee_category = aFeeCategory;
END ;;
DELIMITER ;
/*!50003 SET sql_mode              = @saved_sql_mode */ ;
/*!50003 SET character_set_client  = @saved_cs_client */ ;
/*!50003 SET character_set_results = @saved_cs_results */ ;
/*!50003 SET collation_connection  = @saved_col_connection */ ;
/*!50003 DROP PROCEDURE IF EXISTS `getFeeGradeLevelAssignment` */;
/*!50003 SET @saved_cs_client      = @@character_set_client */ ;
/*!50003 SET @saved_cs_results     = @@character_set_results */ ;
/*!50003 SET @saved_col_connection = @@collation_connection */ ;
/*!50003 SET character_set_client  = utf8 */ ;
/*!50003 SET character_set_results = utf8 */ ;
/*!50003 SET collation_connection  = utf8_general_ci */ ;
/*!50003 SET @saved_sql_mode       = @@sql_mode */ ;
/*!50003 SET sql_mode              = 'NO_ENGINE_SUBSTITUTION' */ ;
DELIMITER ;;
CREATE DEFINER=`root`@`localhost` PROCEDURE `getFeeGradeLevelAssignment`(aFeeId INT)
BEGIN

SELECT g.* FROM 
fee_schoolyear_lt fslt
INNER JOIN gradelevel_mt g ON fslt.gradelevel_id = g.gradelevel_id
INNER JOIN fee_mt f ON fslt.fee_id = f.fee_id
WHERE f.fee_id = aFeeId
GROUP BY g.grade_level;


END ;;
DELIMITER ;
/*!50003 SET sql_mode              = @saved_sql_mode */ ;
/*!50003 SET character_set_client  = @saved_cs_client */ ;
/*!50003 SET character_set_results = @saved_cs_results */ ;
/*!50003 SET collation_connection  = @saved_col_connection */ ;
/*!50003 DROP PROCEDURE IF EXISTS `getFeeId` */;
/*!50003 SET @saved_cs_client      = @@character_set_client */ ;
/*!50003 SET @saved_cs_results     = @@character_set_results */ ;
/*!50003 SET @saved_col_connection = @@collation_connection */ ;
/*!50003 SET character_set_client  = utf8 */ ;
/*!50003 SET character_set_results = utf8 */ ;
/*!50003 SET collation_connection  = utf8_general_ci */ ;
/*!50003 SET @saved_sql_mode       = @@sql_mode */ ;
/*!50003 SET sql_mode              = 'NO_ENGINE_SUBSTITUTION' */ ;
DELIMITER ;;
CREATE DEFINER=`root`@`localhost` PROCEDURE `getFeeId`(IN aFeeName VARCHAR(255))
BEGIN
	SELECT fee_id FROM fee_mt WHERE fee_name = aFeeName;
END ;;
DELIMITER ;
/*!50003 SET sql_mode              = @saved_sql_mode */ ;
/*!50003 SET character_set_client  = @saved_cs_client */ ;
/*!50003 SET character_set_results = @saved_cs_results */ ;
/*!50003 SET collation_connection  = @saved_col_connection */ ;
/*!50003 DROP PROCEDURE IF EXISTS `getFeeIdByName` */;
/*!50003 SET @saved_cs_client      = @@character_set_client */ ;
/*!50003 SET @saved_cs_results     = @@character_set_results */ ;
/*!50003 SET @saved_col_connection = @@collation_connection */ ;
/*!50003 SET character_set_client  = utf8 */ ;
/*!50003 SET character_set_results = utf8 */ ;
/*!50003 SET collation_connection  = utf8_general_ci */ ;
/*!50003 SET @saved_sql_mode       = @@sql_mode */ ;
/*!50003 SET sql_mode              = 'NO_ENGINE_SUBSTITUTION' */ ;
DELIMITER ;;
CREATE DEFINER=`root`@`localhost` PROCEDURE `getFeeIdByName`(IN aFeeName VARCHAR(255))
BEGIN
	SELECT fee_id FROM fee_mt WHERE fee_name = aFeeName;
END ;;
DELIMITER ;
/*!50003 SET sql_mode              = @saved_sql_mode */ ;
/*!50003 SET character_set_client  = @saved_cs_client */ ;
/*!50003 SET character_set_results = @saved_cs_results */ ;
/*!50003 SET collation_connection  = @saved_col_connection */ ;
/*!50003 DROP PROCEDURE IF EXISTS `getFees` */;
/*!50003 SET @saved_cs_client      = @@character_set_client */ ;
/*!50003 SET @saved_cs_results     = @@character_set_results */ ;
/*!50003 SET @saved_col_connection = @@collation_connection */ ;
/*!50003 SET character_set_client  = utf8 */ ;
/*!50003 SET character_set_results = utf8 */ ;
/*!50003 SET collation_connection  = utf8_general_ci */ ;
/*!50003 SET @saved_sql_mode       = @@sql_mode */ ;
/*!50003 SET sql_mode              = 'NO_ENGINE_SUBSTITUTION' */ ;
DELIMITER ;;
CREATE DEFINER=`root`@`localhost` PROCEDURE `getFees`()
BEGIN

	SELECT
    f.title,f.amount,f.description,ft.feetype,gl.`level`
    FROM fee f 
    INNER JOIN feetype 			ft ON f.feetype_id 		= ft.feetype_id
    INNER JOIN fee_gradelevel 	fg ON f.fee_id 			= fg.fee_id
    INNER JOIN gradelevel 		gl ON fg.gradelevel_id 	= gl.gradelevel_id;
      
END ;;
DELIMITER ;
/*!50003 SET sql_mode              = @saved_sql_mode */ ;
/*!50003 SET character_set_client  = @saved_cs_client */ ;
/*!50003 SET character_set_results = @saved_cs_results */ ;
/*!50003 SET collation_connection  = @saved_col_connection */ ;
/*!50003 DROP PROCEDURE IF EXISTS `getFeesByCategory` */;
/*!50003 SET @saved_cs_client      = @@character_set_client */ ;
/*!50003 SET @saved_cs_results     = @@character_set_results */ ;
/*!50003 SET @saved_col_connection = @@collation_connection */ ;
/*!50003 SET character_set_client  = utf8 */ ;
/*!50003 SET character_set_results = utf8 */ ;
/*!50003 SET collation_connection  = utf8_general_ci */ ;
/*!50003 SET @saved_sql_mode       = @@sql_mode */ ;
/*!50003 SET sql_mode              = 'NO_ENGINE_SUBSTITUTION' */ ;
DELIMITER ;;
CREATE DEFINER=`root`@`localhost` PROCEDURE `getFeesByCategory`(IN aFeeCategory VARCHAR(255))
BEGIN

SELECT
f1.*, f2.*,
gl.*,
f3.*

FROM fee_mt f1 
INNER JOIN fee_schoolyear_lt f2 ON f1.fee_id = f2.fee_id
INNER JOIN fee_category_mt f3 ON f1.fee_category_id = f3.fee_category_id
INNER JOIN gradelevel_mt gl ON f2.gradelevel_id = gl.gradelevel_id

WHERE f3.fee_category = aFeeCategory;

END ;;
DELIMITER ;
/*!50003 SET sql_mode              = @saved_sql_mode */ ;
/*!50003 SET character_set_client  = @saved_cs_client */ ;
/*!50003 SET character_set_results = @saved_cs_results */ ;
/*!50003 SET collation_connection  = @saved_col_connection */ ;
/*!50003 DROP PROCEDURE IF EXISTS `getFeesByFeeType` */;
/*!50003 SET @saved_cs_client      = @@character_set_client */ ;
/*!50003 SET @saved_cs_results     = @@character_set_results */ ;
/*!50003 SET @saved_col_connection = @@collation_connection */ ;
/*!50003 SET character_set_client  = utf8 */ ;
/*!50003 SET character_set_results = utf8 */ ;
/*!50003 SET collation_connection  = utf8_general_ci */ ;
/*!50003 SET @saved_sql_mode       = @@sql_mode */ ;
/*!50003 SET sql_mode              = 'NO_ENGINE_SUBSTITUTION' */ ;
DELIMITER ;;
CREATE DEFINER=`root`@`localhost` PROCEDURE `getFeesByFeeType`(aFeeTypeId INT)
BEGIN

	SELECT
    f.title,f.amount,f.description,ft.feetype,gl.`level`
    FROM fee f 
    INNER JOIN feetype 			ft ON f.feetype_id 		= ft.feetype_id
    INNER JOIN fee_gradelevel 	fg ON f.fee_id 			= fg.fee_id
    INNER JOIN gradelevel 		gl ON fg.gradelevel_id 	= gl.gradelevel_id
    
    WHERE f.feetype_id = aFeeTypeId;
    
END ;;
DELIMITER ;
/*!50003 SET sql_mode              = @saved_sql_mode */ ;
/*!50003 SET character_set_client  = @saved_cs_client */ ;
/*!50003 SET character_set_results = @saved_cs_results */ ;
/*!50003 SET collation_connection  = @saved_col_connection */ ;
/*!50003 DROP PROCEDURE IF EXISTS `getFeesByGradeLevel` */;
/*!50003 SET @saved_cs_client      = @@character_set_client */ ;
/*!50003 SET @saved_cs_results     = @@character_set_results */ ;
/*!50003 SET @saved_col_connection = @@collation_connection */ ;
/*!50003 SET character_set_client  = utf8 */ ;
/*!50003 SET character_set_results = utf8 */ ;
/*!50003 SET collation_connection  = utf8_general_ci */ ;
/*!50003 SET @saved_sql_mode       = @@sql_mode */ ;
/*!50003 SET sql_mode              = 'NO_ENGINE_SUBSTITUTION' */ ;
DELIMITER ;;
CREATE DEFINER=`root`@`localhost` PROCEDURE `getFeesByGradeLevel`(aGradeLevel INT)
BEGIN

SELECT
f1.*, f2.*,
gl.*,
f3.*

FROM fee_mt f1 
INNER JOIN fee_schoolyear_lt f2 ON f1.fee_id = f2.fee_id
INNER JOIN fee_category_mt f3 ON f1.fee_category_id = f3.fee_category_id
INNER JOIN gradelevel_mt gl ON f2.gradelevel_id = gl.gradelevel_id

WHERE gl.grade_level = aGradeLevel;
    
END ;;
DELIMITER ;
/*!50003 SET sql_mode              = @saved_sql_mode */ ;
/*!50003 SET character_set_client  = @saved_cs_client */ ;
/*!50003 SET character_set_results = @saved_cs_results */ ;
/*!50003 SET collation_connection  = @saved_col_connection */ ;
/*!50003 DROP PROCEDURE IF EXISTS `getFeesByGradeLevelAndCategory` */;
/*!50003 SET @saved_cs_client      = @@character_set_client */ ;
/*!50003 SET @saved_cs_results     = @@character_set_results */ ;
/*!50003 SET @saved_col_connection = @@collation_connection */ ;
/*!50003 SET character_set_client  = utf8 */ ;
/*!50003 SET character_set_results = utf8 */ ;
/*!50003 SET collation_connection  = utf8_general_ci */ ;
/*!50003 SET @saved_sql_mode       = @@sql_mode */ ;
/*!50003 SET sql_mode              = 'NO_ENGINE_SUBSTITUTION' */ ;
DELIMITER ;;
CREATE DEFINER=`root`@`localhost` PROCEDURE `getFeesByGradeLevelAndCategory`(aGradeLevel INT, aFeeCategory VARCHAR(255))
BEGIN


SELECT
f1.*, f2.*,
gl.*,
f3.*

FROM fee_mt f1 
INNER JOIN fee_schoolyear_lt f2 ON f1.fee_id = f2.fee_id
INNER JOIN fee_category_mt f3 ON f1.fee_category_id = f3.fee_category_id
INNER JOIN gradelevel_mt gl ON f2.gradelevel_id = gl.gradelevel_id

WHERE f3.fee_category = aFeeCategory
AND gl.grade_level = aGradeLevel;

END ;;
DELIMITER ;
/*!50003 SET sql_mode              = @saved_sql_mode */ ;
/*!50003 SET character_set_client  = @saved_cs_client */ ;
/*!50003 SET character_set_results = @saved_cs_results */ ;
/*!50003 SET collation_connection  = @saved_col_connection */ ;
/*!50003 DROP PROCEDURE IF EXISTS `getFeesByGradeLevelAndFeeType` */;
/*!50003 SET @saved_cs_client      = @@character_set_client */ ;
/*!50003 SET @saved_cs_results     = @@character_set_results */ ;
/*!50003 SET @saved_col_connection = @@collation_connection */ ;
/*!50003 SET character_set_client  = utf8 */ ;
/*!50003 SET character_set_results = utf8 */ ;
/*!50003 SET collation_connection  = utf8_general_ci */ ;
/*!50003 SET @saved_sql_mode       = @@sql_mode */ ;
/*!50003 SET sql_mode              = 'NO_ENGINE_SUBSTITUTION' */ ;
DELIMITER ;;
CREATE DEFINER=`root`@`localhost` PROCEDURE `getFeesByGradeLevelAndFeeType`(aGradeLevelId INT, aFeeTypeId INT)
BEGIN

	SELECT
    f.title,f.amount,f.description,ft.feetype,gl.`level`
    FROM fee f 
    INNER JOIN feetype 			ft ON f.feetype_id 		= ft.feetype_id
    INNER JOIN fee_gradelevel 	fg ON f.fee_id 			= fg.fee_id
    INNER JOIN gradelevel 		gl ON fg.gradelevel_id 	= gl.gradelevel_id
    
    WHERE fg.gradelevel_id = aGradeLevelId
    AND f.feetype_id = aFeeTypeId;
    
END ;;
DELIMITER ;
/*!50003 SET sql_mode              = @saved_sql_mode */ ;
/*!50003 SET character_set_client  = @saved_cs_client */ ;
/*!50003 SET character_set_results = @saved_cs_results */ ;
/*!50003 SET collation_connection  = @saved_col_connection */ ;
/*!50003 DROP PROCEDURE IF EXISTS `getFeesByGradeLevelAndType` */;
/*!50003 SET @saved_cs_client      = @@character_set_client */ ;
/*!50003 SET @saved_cs_results     = @@character_set_results */ ;
/*!50003 SET @saved_col_connection = @@collation_connection */ ;
/*!50003 SET character_set_client  = utf8 */ ;
/*!50003 SET character_set_results = utf8 */ ;
/*!50003 SET collation_connection  = utf8_general_ci */ ;
/*!50003 SET @saved_sql_mode       = @@sql_mode */ ;
/*!50003 SET sql_mode              = 'NO_ENGINE_SUBSTITUTION' */ ;
DELIMITER ;;
CREATE DEFINER=`root`@`localhost` PROCEDURE `getFeesByGradeLevelAndType`(aGradeLevelId INT, aFeeTypeId INT)
BEGIN

	SELECT
    f.title,f.amount,f.description,ft.feetype,gl.`level`
    FROM fee f 
    INNER JOIN feetype 			ft ON f.feetype_id 		= ft.feetype_id
    INNER JOIN fee_gradelevel 	fg ON f.fee_id 			= fg.fee_id
    INNER JOIN gradelevel 		gl ON fg.gradelevel_id 	= gl.gradelevel_id
    
    WHERE fg.gradelevel_id = aGradeLevelId
    AND f.feetype_id = aFeeTypeId;
    
END ;;
DELIMITER ;
/*!50003 SET sql_mode              = @saved_sql_mode */ ;
/*!50003 SET character_set_client  = @saved_cs_client */ ;
/*!50003 SET character_set_results = @saved_cs_results */ ;
/*!50003 SET collation_connection  = @saved_col_connection */ ;
/*!50003 DROP PROCEDURE IF EXISTS `getFeeTypeId` */;
/*!50003 SET @saved_cs_client      = @@character_set_client */ ;
/*!50003 SET @saved_cs_results     = @@character_set_results */ ;
/*!50003 SET @saved_col_connection = @@collation_connection */ ;
/*!50003 SET character_set_client  = utf8 */ ;
/*!50003 SET character_set_results = utf8 */ ;
/*!50003 SET collation_connection  = utf8_general_ci */ ;
/*!50003 SET @saved_sql_mode       = @@sql_mode */ ;
/*!50003 SET sql_mode              = 'NO_ENGINE_SUBSTITUTION' */ ;
DELIMITER ;;
CREATE DEFINER=`root`@`localhost` PROCEDURE `getFeeTypeId`(aFeeType VARCHAR(50))
BEGIN
	SELECT ft.id FROM feetype ft WHERE ft.feetype = aFeeType;
END ;;
DELIMITER ;
/*!50003 SET sql_mode              = @saved_sql_mode */ ;
/*!50003 SET character_set_client  = @saved_cs_client */ ;
/*!50003 SET character_set_results = @saved_cs_results */ ;
/*!50003 SET collation_connection  = @saved_col_connection */ ;
/*!50003 DROP PROCEDURE IF EXISTS `getFeeTypes` */;
/*!50003 SET @saved_cs_client      = @@character_set_client */ ;
/*!50003 SET @saved_cs_results     = @@character_set_results */ ;
/*!50003 SET @saved_col_connection = @@collation_connection */ ;
/*!50003 SET character_set_client  = utf8 */ ;
/*!50003 SET character_set_results = utf8 */ ;
/*!50003 SET collation_connection  = utf8_general_ci */ ;
/*!50003 SET @saved_sql_mode       = @@sql_mode */ ;
/*!50003 SET sql_mode              = 'NO_ENGINE_SUBSTITUTION' */ ;
DELIMITER ;;
CREATE DEFINER=`root`@`localhost` PROCEDURE `getFeeTypes`()
BEGIN
	SELECT * FROM feetype;
END ;;
DELIMITER ;
/*!50003 SET sql_mode              = @saved_sql_mode */ ;
/*!50003 SET character_set_client  = @saved_cs_client */ ;
/*!50003 SET character_set_results = @saved_cs_results */ ;
/*!50003 SET collation_connection  = @saved_col_connection */ ;
/*!50003 DROP PROCEDURE IF EXISTS `getGradeLevelById` */;
/*!50003 SET @saved_cs_client      = @@character_set_client */ ;
/*!50003 SET @saved_cs_results     = @@character_set_results */ ;
/*!50003 SET @saved_col_connection = @@collation_connection */ ;
/*!50003 SET character_set_client  = utf8 */ ;
/*!50003 SET character_set_results = utf8 */ ;
/*!50003 SET collation_connection  = utf8_general_ci */ ;
/*!50003 SET @saved_sql_mode       = @@sql_mode */ ;
/*!50003 SET sql_mode              = 'NO_ENGINE_SUBSTITUTION' */ ;
DELIMITER ;;
CREATE DEFINER=`root`@`localhost` PROCEDURE `getGradeLevelById`(aGradeLevelId INT)
BEGIN

SELECT grade_level FROM gradelevel_mt WHERE gradelevel_id = aGradeLevelId;

END ;;
DELIMITER ;
/*!50003 SET sql_mode              = @saved_sql_mode */ ;
/*!50003 SET character_set_client  = @saved_cs_client */ ;
/*!50003 SET character_set_results = @saved_cs_results */ ;
/*!50003 SET collation_connection  = @saved_col_connection */ ;
/*!50003 DROP PROCEDURE IF EXISTS `getGradeLevelId` */;
/*!50003 SET @saved_cs_client      = @@character_set_client */ ;
/*!50003 SET @saved_cs_results     = @@character_set_results */ ;
/*!50003 SET @saved_col_connection = @@collation_connection */ ;
/*!50003 SET character_set_client  = utf8 */ ;
/*!50003 SET character_set_results = utf8 */ ;
/*!50003 SET collation_connection  = utf8_general_ci */ ;
/*!50003 SET @saved_sql_mode       = @@sql_mode */ ;
/*!50003 SET sql_mode              = 'NO_ENGINE_SUBSTITUTION' */ ;
DELIMITER ;;
CREATE DEFINER=`root`@`localhost` PROCEDURE `getGradeLevelId`(IN aGradeLevel INT)
BEGIN
	SELECT gradelevel_id FROM gradeLevel_mt WHERE `grade_level` = aGradeLevel; 
END ;;
DELIMITER ;
/*!50003 SET sql_mode              = @saved_sql_mode */ ;
/*!50003 SET character_set_client  = @saved_cs_client */ ;
/*!50003 SET character_set_results = @saved_cs_results */ ;
/*!50003 SET collation_connection  = @saved_col_connection */ ;
/*!50003 DROP PROCEDURE IF EXISTS `getGradeLevelsAssignedToCredentialById` */;
/*!50003 SET @saved_cs_client      = @@character_set_client */ ;
/*!50003 SET @saved_cs_results     = @@character_set_results */ ;
/*!50003 SET @saved_col_connection = @@collation_connection */ ;
/*!50003 SET character_set_client  = utf8 */ ;
/*!50003 SET character_set_results = utf8 */ ;
/*!50003 SET collation_connection  = utf8_general_ci */ ;
/*!50003 SET @saved_sql_mode       = @@sql_mode */ ;
/*!50003 SET sql_mode              = 'NO_AUTO_CREATE_USER,NO_ENGINE_SUBSTITUTION' */ ;
DELIMITER ;;
CREATE DEFINER=`root`@`localhost` PROCEDURE `getGradeLevelsAssignedToCredentialById`(aCredentialId INT)
BEGIN

SELECT gl.grade_level,gl.gradelevel_id FROM credentials_mt c
INNER JOIN credential_requirements_lt cr ON c.credential_id
INNER JOIN gradelevel_mt gl ON cr.gradelevel_id = gl.gradelevel_id
INNER JOIN schoolyear_mt sy ON cr.schoolyear_id = sy.schoolyear_id

WHERE cr.credential_id = aCredentialId;

END ;;
DELIMITER ;
/*!50003 SET sql_mode              = @saved_sql_mode */ ;
/*!50003 SET character_set_client  = @saved_cs_client */ ;
/*!50003 SET character_set_results = @saved_cs_results */ ;
/*!50003 SET collation_connection  = @saved_col_connection */ ;
/*!50003 DROP PROCEDURE IF EXISTS `getHolidayIdByName` */;
/*!50003 SET @saved_cs_client      = @@character_set_client */ ;
/*!50003 SET @saved_cs_results     = @@character_set_results */ ;
/*!50003 SET @saved_col_connection = @@collation_connection */ ;
/*!50003 SET character_set_client  = utf8 */ ;
/*!50003 SET character_set_results = utf8 */ ;
/*!50003 SET collation_connection  = utf8_general_ci */ ;
/*!50003 SET @saved_sql_mode       = @@sql_mode */ ;
/*!50003 SET sql_mode              = 'NO_ENGINE_SUBSTITUTION' */ ;
DELIMITER ;;
CREATE DEFINER=`root`@`localhost` PROCEDURE `getHolidayIdByName`(aHolidayName VARCHAR(255))
BEGIN

SELECT holiday_id FROM holiday_mt WHERE holiday_name = aHolidayName;

END ;;
DELIMITER ;
/*!50003 SET sql_mode              = @saved_sql_mode */ ;
/*!50003 SET character_set_client  = @saved_cs_client */ ;
/*!50003 SET character_set_results = @saved_cs_results */ ;
/*!50003 SET collation_connection  = @saved_col_connection */ ;
/*!50003 DROP PROCEDURE IF EXISTS `getHolidays` */;
/*!50003 SET @saved_cs_client      = @@character_set_client */ ;
/*!50003 SET @saved_cs_results     = @@character_set_results */ ;
/*!50003 SET @saved_col_connection = @@collation_connection */ ;
/*!50003 SET character_set_client  = utf8 */ ;
/*!50003 SET character_set_results = utf8 */ ;
/*!50003 SET collation_connection  = utf8_general_ci */ ;
/*!50003 SET @saved_sql_mode       = @@sql_mode */ ;
/*!50003 SET sql_mode              = 'NO_ENGINE_SUBSTITUTION' */ ;
DELIMITER ;;
CREATE DEFINER=`root`@`localhost` PROCEDURE `getHolidays`()
BEGIN

SELECT * FROM holiday_mt;

END ;;
DELIMITER ;
/*!50003 SET sql_mode              = @saved_sql_mode */ ;
/*!50003 SET character_set_client  = @saved_cs_client */ ;
/*!50003 SET character_set_results = @saved_cs_results */ ;
/*!50003 SET collation_connection  = @saved_col_connection */ ;
/*!50003 DROP PROCEDURE IF EXISTS `getIdBySessionName` */;
/*!50003 SET @saved_cs_client      = @@character_set_client */ ;
/*!50003 SET @saved_cs_results     = @@character_set_results */ ;
/*!50003 SET @saved_col_connection = @@collation_connection */ ;
/*!50003 SET character_set_client  = utf8 */ ;
/*!50003 SET character_set_results = utf8 */ ;
/*!50003 SET collation_connection  = utf8_general_ci */ ;
/*!50003 SET @saved_sql_mode       = @@sql_mode */ ;
/*!50003 SET sql_mode              = 'NO_AUTO_CREATE_USER,NO_ENGINE_SUBSTITUTION' */ ;
DELIMITER ;;
CREATE DEFINER=`root`@`localhost` PROCEDURE `getIdBySessionName`(aSessionName VARCHAR(255))
BEGIN

SELECT session_id FROM session_mt WHERE title = aSessionName;

END ;;
DELIMITER ;
/*!50003 SET sql_mode              = @saved_sql_mode */ ;
/*!50003 SET character_set_client  = @saved_cs_client */ ;
/*!50003 SET character_set_results = @saved_cs_results */ ;
/*!50003 SET collation_connection  = @saved_col_connection */ ;
/*!50003 DROP PROCEDURE IF EXISTS `getLastGradeLevelStudentPassed` */;
/*!50003 SET @saved_cs_client      = @@character_set_client */ ;
/*!50003 SET @saved_cs_results     = @@character_set_results */ ;
/*!50003 SET @saved_col_connection = @@collation_connection */ ;
/*!50003 SET character_set_client  = utf8 */ ;
/*!50003 SET character_set_results = utf8 */ ;
/*!50003 SET collation_connection  = utf8_general_ci */ ;
/*!50003 SET @saved_sql_mode       = @@sql_mode */ ;
/*!50003 SET sql_mode              = 'NO_ENGINE_SUBSTITUTION' */ ;
DELIMITER ;;
CREATE DEFINER=`root`@`localhost` PROCEDURE `getLastGradeLevelStudentPassed`(aStudentId INT)
BEGIN

SELECT MAX(grade_level) FROM schoolyear_student_lt sslt
INNER JOIN gradelevel_mt gl ON sslt.gradelevel_id = gl.gradelevel_id
WHERE 
student_id = aStudentId AND passed = 1;

END ;;
DELIMITER ;
/*!50003 SET sql_mode              = @saved_sql_mode */ ;
/*!50003 SET character_set_client  = @saved_cs_client */ ;
/*!50003 SET character_set_results = @saved_cs_results */ ;
/*!50003 SET collation_connection  = @saved_col_connection */ ;
/*!50003 DROP PROCEDURE IF EXISTS `getMiscellaneousByGradeLevelId` */;
/*!50003 SET @saved_cs_client      = @@character_set_client */ ;
/*!50003 SET @saved_cs_results     = @@character_set_results */ ;
/*!50003 SET @saved_col_connection = @@collation_connection */ ;
/*!50003 SET character_set_client  = utf8 */ ;
/*!50003 SET character_set_results = utf8 */ ;
/*!50003 SET collation_connection  = utf8_general_ci */ ;
/*!50003 SET @saved_sql_mode       = @@sql_mode */ ;
/*!50003 SET sql_mode              = 'NO_ENGINE_SUBSTITUTION' */ ;
DELIMITER ;;
CREATE DEFINER=`root`@`localhost` PROCEDURE `getMiscellaneousByGradeLevelId`(aGradeLevelId INT)
BEGIN

SELECT f.fee_id, f.fee_name, f.fee_description, fs.fee_amount, 
fc.fee_category, fc.fee_category_id,
gl.*,
sy.*,
fs.*
FROM fee_mt f
INNER JOIN fee_schoolyear_lt fs ON f.fee_id = fs.fee_id
INNER JOIN gradelevel_mt gl ON fs.gradelevel_id = gl.gradelevel_id
INNER JOIN schoolyear_mt sy ON fs.schoolyear_id = sy.schoolyear_id
INNER JOIN fee_category_mt fc ON f.fee_category_id = fc.fee_category_id

WHERE fc.fee_category = 'Miscellaneous'
AND fs.gradelevel_id = aGradeLevelId;

END ;;
DELIMITER ;
/*!50003 SET sql_mode              = @saved_sql_mode */ ;
/*!50003 SET character_set_client  = @saved_cs_client */ ;
/*!50003 SET character_set_results = @saved_cs_results */ ;
/*!50003 SET collation_connection  = @saved_col_connection */ ;
/*!50003 DROP PROCEDURE IF EXISTS `getMiscellaneousFeesByGradeLevelId` */;
/*!50003 SET @saved_cs_client      = @@character_set_client */ ;
/*!50003 SET @saved_cs_results     = @@character_set_results */ ;
/*!50003 SET @saved_col_connection = @@collation_connection */ ;
/*!50003 SET character_set_client  = utf8 */ ;
/*!50003 SET character_set_results = utf8 */ ;
/*!50003 SET collation_connection  = utf8_general_ci */ ;
/*!50003 SET @saved_sql_mode       = @@sql_mode */ ;
/*!50003 SET sql_mode              = 'NO_ENGINE_SUBSTITUTION' */ ;
DELIMITER ;;
CREATE DEFINER=`root`@`localhost` PROCEDURE `getMiscellaneousFeesByGradeLevelId`(aGradeLevelId INT)
BEGIN

SELECT f.fee_id, f.fee_name, f.fee_description, fs.fee_amount, 
fc.fee_category, fc.fee_category_id,
gl.*,
sy.*,
fs.*
FROM fee_mt f
INNER JOIN fee_schoolyear_lt fs ON f.fee_id = fs.fee_id
INNER JOIN gradelevel_mt gl ON fs.gradelevel_id = gl.gradelevel_id
INNER JOIN schoolyear_mt sy ON fs.schoolyear_id = sy.schoolyear_id
INNER JOIN fee_category_mt fc ON f.fee_category_id = fc.fee_category_id

WHERE fc.fee_category = 'Miscellaneous'
AND fs.gradelevel_id = aGradeLevelId;

END ;;
DELIMITER ;
/*!50003 SET sql_mode              = @saved_sql_mode */ ;
/*!50003 SET character_set_client  = @saved_cs_client */ ;
/*!50003 SET character_set_results = @saved_cs_results */ ;
/*!50003 SET collation_connection  = @saved_col_connection */ ;
/*!50003 DROP PROCEDURE IF EXISTS `getOtherFeesByGradeLevelId` */;
/*!50003 SET @saved_cs_client      = @@character_set_client */ ;
/*!50003 SET @saved_cs_results     = @@character_set_results */ ;
/*!50003 SET @saved_col_connection = @@collation_connection */ ;
/*!50003 SET character_set_client  = utf8 */ ;
/*!50003 SET character_set_results = utf8 */ ;
/*!50003 SET collation_connection  = utf8_general_ci */ ;
/*!50003 SET @saved_sql_mode       = @@sql_mode */ ;
/*!50003 SET sql_mode              = 'NO_ENGINE_SUBSTITUTION' */ ;
DELIMITER ;;
CREATE DEFINER=`root`@`localhost` PROCEDURE `getOtherFeesByGradeLevelId`(aGradeLevelId INT)
BEGIN

SELECT f.fee_id, f.fee_name, f.fee_description, fs.fee_amount, 
fc.fee_category, fc.fee_category_id,
gl.*,
sy.*,
fs.*
FROM fee_mt f
INNER JOIN fee_schoolyear_lt fs ON f.fee_id = fs.fee_id
INNER JOIN gradelevel_mt gl ON fs.gradelevel_id = gl.gradelevel_id
INNER JOIN schoolyear_mt sy ON fs.schoolyear_id = sy.schoolyear_id
INNER JOIN fee_category_mt fc ON f.fee_category_id = fc.fee_category_id

WHERE fc.fee_category = 'Others'
AND fs.gradelevel_id = aGradeLevelId;

END ;;
DELIMITER ;
/*!50003 SET sql_mode              = @saved_sql_mode */ ;
/*!50003 SET character_set_client  = @saved_cs_client */ ;
/*!50003 SET character_set_results = @saved_cs_results */ ;
/*!50003 SET collation_connection  = @saved_col_connection */ ;
/*!50003 DROP PROCEDURE IF EXISTS `getPaymentTermById` */;
/*!50003 SET @saved_cs_client      = @@character_set_client */ ;
/*!50003 SET @saved_cs_results     = @@character_set_results */ ;
/*!50003 SET @saved_col_connection = @@collation_connection */ ;
/*!50003 SET character_set_client  = utf8 */ ;
/*!50003 SET character_set_results = utf8 */ ;
/*!50003 SET collation_connection  = utf8_general_ci */ ;
/*!50003 SET @saved_sql_mode       = @@sql_mode */ ;
/*!50003 SET sql_mode              = 'NO_ENGINE_SUBSTITUTION' */ ;
DELIMITER ;;
CREATE DEFINER=`root`@`localhost` PROCEDURE `getPaymentTermById`(IN aPaymentTermId INT)
BEGIN
	SELECT * FROM paymentterm_mt WHERE paymentterm_id = aPaymentTermId;
END ;;
DELIMITER ;
/*!50003 SET sql_mode              = @saved_sql_mode */ ;
/*!50003 SET character_set_client  = @saved_cs_client */ ;
/*!50003 SET character_set_results = @saved_cs_results */ ;
/*!50003 SET collation_connection  = @saved_col_connection */ ;
/*!50003 DROP PROCEDURE IF EXISTS `getPaymentTermId` */;
/*!50003 SET @saved_cs_client      = @@character_set_client */ ;
/*!50003 SET @saved_cs_results     = @@character_set_results */ ;
/*!50003 SET @saved_col_connection = @@collation_connection */ ;
/*!50003 SET character_set_client  = utf8 */ ;
/*!50003 SET character_set_results = utf8 */ ;
/*!50003 SET collation_connection  = utf8_general_ci */ ;
/*!50003 SET @saved_sql_mode       = @@sql_mode */ ;
/*!50003 SET sql_mode              = 'NO_ENGINE_SUBSTITUTION' */ ;
DELIMITER ;;
CREATE DEFINER=`root`@`localhost` PROCEDURE `getPaymentTermId`(aPaymentTerm VARCHAR(255))
BEGIN
SELECT paymentterm_id FROM paymentterm_mt
WHERE paymentterm = aPaymentTerm;
END ;;
DELIMITER ;
/*!50003 SET sql_mode              = @saved_sql_mode */ ;
/*!50003 SET character_set_client  = @saved_cs_client */ ;
/*!50003 SET character_set_results = @saved_cs_results */ ;
/*!50003 SET collation_connection  = @saved_col_connection */ ;
/*!50003 DROP PROCEDURE IF EXISTS `getPaymentTermPenalty` */;
/*!50003 SET @saved_cs_client      = @@character_set_client */ ;
/*!50003 SET @saved_cs_results     = @@character_set_results */ ;
/*!50003 SET @saved_col_connection = @@collation_connection */ ;
/*!50003 SET character_set_client  = utf8 */ ;
/*!50003 SET character_set_results = utf8 */ ;
/*!50003 SET collation_connection  = utf8_general_ci */ ;
/*!50003 SET @saved_sql_mode       = @@sql_mode */ ;
/*!50003 SET sql_mode              = 'NO_ENGINE_SUBSTITUTION' */ ;
DELIMITER ;;
CREATE DEFINER=`root`@`localhost` PROCEDURE `getPaymentTermPenalty`()
BEGIN

SELECT * FROM paymentterm_penalty;

END ;;
DELIMITER ;
/*!50003 SET sql_mode              = @saved_sql_mode */ ;
/*!50003 SET character_set_client  = @saved_cs_client */ ;
/*!50003 SET character_set_results = @saved_cs_results */ ;
/*!50003 SET collation_connection  = @saved_col_connection */ ;
/*!50003 DROP PROCEDURE IF EXISTS `getPenaltyInformationBySchoolYearId` */;
/*!50003 SET @saved_cs_client      = @@character_set_client */ ;
/*!50003 SET @saved_cs_results     = @@character_set_results */ ;
/*!50003 SET @saved_col_connection = @@collation_connection */ ;
/*!50003 SET character_set_client  = utf8 */ ;
/*!50003 SET character_set_results = utf8 */ ;
/*!50003 SET collation_connection  = utf8_general_ci */ ;
/*!50003 SET @saved_sql_mode       = @@sql_mode */ ;
/*!50003 SET sql_mode              = 'NO_ENGINE_SUBSTITUTION' */ ;
DELIMITER ;;
CREATE DEFINER=`root`@`localhost` PROCEDURE `getPenaltyInformationBySchoolYearId`(aSchoolYearId INT)
BEGIN

SELECT ptp.*,sy.*, pt.* FROM paymentterm_penalty ptp
INNER JOIN schoolyear_mt sy ON ptp.schoolyear_id = sy.schoolyear_id
INNER JOIN paymentterm_mt pt ON ptp.paymentterm_id = pt.paymentterm_id
WHERE ptp.schoolyear_id = aSchoolYearId;

END ;;
DELIMITER ;
/*!50003 SET sql_mode              = @saved_sql_mode */ ;
/*!50003 SET character_set_client  = @saved_cs_client */ ;
/*!50003 SET character_set_results = @saved_cs_results */ ;
/*!50003 SET collation_connection  = @saved_col_connection */ ;
/*!50003 DROP PROCEDURE IF EXISTS `getPeriodIdByDescription` */;
/*!50003 SET @saved_cs_client      = @@character_set_client */ ;
/*!50003 SET @saved_cs_results     = @@character_set_results */ ;
/*!50003 SET @saved_col_connection = @@collation_connection */ ;
/*!50003 SET character_set_client  = utf8 */ ;
/*!50003 SET character_set_results = utf8 */ ;
/*!50003 SET collation_connection  = utf8_general_ci */ ;
/*!50003 SET @saved_sql_mode       = @@sql_mode */ ;
/*!50003 SET sql_mode              = 'NO_ENGINE_SUBSTITUTION' */ ;
DELIMITER ;;
CREATE DEFINER=`root`@`localhost` PROCEDURE `getPeriodIdByDescription`(aDescription TEXT)
BEGIN

SELECT period_id FROM period WHERE
description = trim(lower(aDescription));

END ;;
DELIMITER ;
/*!50003 SET sql_mode              = @saved_sql_mode */ ;
/*!50003 SET character_set_client  = @saved_cs_client */ ;
/*!50003 SET character_set_results = @saved_cs_results */ ;
/*!50003 SET collation_connection  = @saved_col_connection */ ;
/*!50003 DROP PROCEDURE IF EXISTS `getPeriodsByPaymentTermId` */;
/*!50003 SET @saved_cs_client      = @@character_set_client */ ;
/*!50003 SET @saved_cs_results     = @@character_set_results */ ;
/*!50003 SET @saved_col_connection = @@collation_connection */ ;
/*!50003 SET character_set_client  = utf8 */ ;
/*!50003 SET character_set_results = utf8 */ ;
/*!50003 SET collation_connection  = utf8_general_ci */ ;
/*!50003 SET @saved_sql_mode       = @@sql_mode */ ;
/*!50003 SET sql_mode              = 'NO_ENGINE_SUBSTITUTION' */ ;
DELIMITER ;;
CREATE DEFINER=`root`@`localhost` PROCEDURE `getPeriodsByPaymentTermId`(aPaymentTermId INT)
BEGIN

SELECT p.* FROM period p
INNER JOIN paymentterm_period ptp ON p.period_id = ptp.period_id
INNER JOIN paymentterm_mt pt ON ptp.paymentterm_id = pt.paymentterm_id
WHERE pt.paymentterm_id = aPaymentTermId;

END ;;
DELIMITER ;
/*!50003 SET sql_mode              = @saved_sql_mode */ ;
/*!50003 SET character_set_client  = @saved_cs_client */ ;
/*!50003 SET character_set_results = @saved_cs_results */ ;
/*!50003 SET collation_connection  = @saved_col_connection */ ;
/*!50003 DROP PROCEDURE IF EXISTS `getPresentGradeLevelByStudentId` */;
/*!50003 SET @saved_cs_client      = @@character_set_client */ ;
/*!50003 SET @saved_cs_results     = @@character_set_results */ ;
/*!50003 SET @saved_col_connection = @@collation_connection */ ;
/*!50003 SET character_set_client  = utf8 */ ;
/*!50003 SET character_set_results = utf8 */ ;
/*!50003 SET collation_connection  = utf8_general_ci */ ;
/*!50003 SET @saved_sql_mode       = @@sql_mode */ ;
/*!50003 SET sql_mode              = 'NO_ENGINE_SUBSTITUTION' */ ;
DELIMITER ;;
CREATE DEFINER=`root`@`localhost` PROCEDURE `getPresentGradeLevelByStudentId`(aStudentId INT)
BEGIN

DECLARE aPresentGradeLevel INT;
DECLARE aRegistrationGradeLevel INT;

SELECT gl.grade_level INTO aRegistrationGradeLevel FROM registration_mt r
LEFT JOIN student_mt s ON r.registration_id = s.registration_id
INNER JOIN gradelevel_mt gl ON r.gradelevel_id = gl.gradelevel_id
WHERE s.student_id = aStudentId;

SELECT 
gl.grade_level
INTO aPresentGradeLevel
FROM schoolyear_student_lt sslt
INNER JOIN gradelevel_mt gl ON sslt.gradelevel_id = gl.gradelevel_id
WHERE sslt.student_id = aStudentId 
ORDER BY gl.grade_level DESC LIMIT 1;


IF aPresentGradeLevel IS NULL
THEN
	SELECT aRegistrationGradeLevel INTO aPresentGradeLevel;
    SELECT aPresentGradeLevel;
ELSE 
	SELECT aPresentGradeLevel;
END IF;

END ;;
DELIMITER ;
/*!50003 SET sql_mode              = @saved_sql_mode */ ;
/*!50003 SET character_set_client  = @saved_cs_client */ ;
/*!50003 SET character_set_results = @saved_cs_results */ ;
/*!50003 SET collation_connection  = @saved_col_connection */ ;
/*!50003 DROP PROCEDURE IF EXISTS `getRecommendedGradeLevel` */;
/*!50003 SET @saved_cs_client      = @@character_set_client */ ;
/*!50003 SET @saved_cs_results     = @@character_set_results */ ;
/*!50003 SET @saved_col_connection = @@collation_connection */ ;
/*!50003 SET character_set_client  = utf8 */ ;
/*!50003 SET character_set_results = utf8 */ ;
/*!50003 SET collation_connection  = utf8_general_ci */ ;
/*!50003 SET @saved_sql_mode       = @@sql_mode */ ;
/*!50003 SET sql_mode              = 'NO_ENGINE_SUBSTITUTION' */ ;
DELIMITER ;;
CREATE DEFINER=`root`@`localhost` PROCEDURE `getRecommendedGradeLevel`(aStudentId INT)
BEGIN

DECLARE aRecommendedGradeLevel INT;

SELECT 

CASE 
WHEN sslt.passed = 0
THEN gl.grade_level
WHEN sslt.passed = 1
THEN gl.grade_level+1
END AS aRecommendedGradeLevel INTO aRecommendedGradeLevel
FROM schoolyear_student_lt sslt
INNER JOIN gradelevel_mt gl ON sslt.gradelevel_id = gl.gradelevel_id
WHERE sslt.student_id = aStudentId 
ORDER BY gl.grade_level DESC LIMIT 1;

SELECT aRecommendedGradeLevel;

END ;;
DELIMITER ;
/*!50003 SET sql_mode              = @saved_sql_mode */ ;
/*!50003 SET character_set_client  = @saved_cs_client */ ;
/*!50003 SET character_set_results = @saved_cs_results */ ;
/*!50003 SET collation_connection  = @saved_col_connection */ ;
/*!50003 DROP PROCEDURE IF EXISTS `getRegistrationIdByStudentId` */;
/*!50003 SET @saved_cs_client      = @@character_set_client */ ;
/*!50003 SET @saved_cs_results     = @@character_set_results */ ;
/*!50003 SET @saved_col_connection = @@collation_connection */ ;
/*!50003 SET character_set_client  = utf8 */ ;
/*!50003 SET character_set_results = utf8 */ ;
/*!50003 SET collation_connection  = utf8_general_ci */ ;
/*!50003 SET @saved_sql_mode       = @@sql_mode */ ;
/*!50003 SET sql_mode              = 'NO_ENGINE_SUBSTITUTION' */ ;
DELIMITER ;;
CREATE DEFINER=`root`@`localhost` PROCEDURE `getRegistrationIdByStudentId`(aStudentId INT)
BEGIN

SELECT r.registration_id AS aRegistrationId
FROM registration_mt r
INNER JOIN student_mt s 
ON r.registration_id = s.registration_id
WHERE 
s.student_id = aStudentId;

END ;;
DELIMITER ;
/*!50003 SET sql_mode              = @saved_sql_mode */ ;
/*!50003 SET character_set_client  = @saved_cs_client */ ;
/*!50003 SET character_set_results = @saved_cs_results */ ;
/*!50003 SET collation_connection  = @saved_col_connection */ ;
/*!50003 DROP PROCEDURE IF EXISTS `getRegistrationInfoById` */;
/*!50003 SET @saved_cs_client      = @@character_set_client */ ;
/*!50003 SET @saved_cs_results     = @@character_set_results */ ;
/*!50003 SET @saved_col_connection = @@collation_connection */ ;
/*!50003 SET character_set_client  = utf8 */ ;
/*!50003 SET character_set_results = utf8 */ ;
/*!50003 SET collation_connection  = utf8_general_ci */ ;
/*!50003 SET @saved_sql_mode       = @@sql_mode */ ;
/*!50003 SET sql_mode              = 'NO_ENGINE_SUBSTITUTION' */ ;
DELIMITER ;;
CREATE DEFINER=`root`@`localhost` PROCEDURE `getRegistrationInfoById`(IN aRegistrationId INT)
BEGIN
	SELECT r.*,g.*,s.*,a.* FROM registration_mt r
    INNER JOIN gradelevel_mt g ON r.gradelevel_id = g.gradelevel_id
    INNER JOIN schoolyear_mt s ON r.schoolyear_id = s.schoolyear_id
    LEFT JOIN admission_mt a ON r.registration_id = a.registration_id
    WHERE r.registration_id = aRegistrationId;


END ;;
DELIMITER ;
/*!50003 SET sql_mode              = @saved_sql_mode */ ;
/*!50003 SET character_set_client  = @saved_cs_client */ ;
/*!50003 SET character_set_results = @saved_cs_results */ ;
/*!50003 SET collation_connection  = @saved_col_connection */ ;
/*!50003 DROP PROCEDURE IF EXISTS `getRegistrationPaymentTermByStudentId` */;
/*!50003 SET @saved_cs_client      = @@character_set_client */ ;
/*!50003 SET @saved_cs_results     = @@character_set_results */ ;
/*!50003 SET @saved_col_connection = @@collation_connection */ ;
/*!50003 SET character_set_client  = utf8 */ ;
/*!50003 SET character_set_results = utf8 */ ;
/*!50003 SET collation_connection  = utf8_general_ci */ ;
/*!50003 SET @saved_sql_mode       = @@sql_mode */ ;
/*!50003 SET sql_mode              = 'NO_ENGINE_SUBSTITUTION' */ ;
DELIMITER ;;
CREATE DEFINER=`root`@`localhost` PROCEDURE `getRegistrationPaymentTermByStudentId`(aStudentId INT)
BEGIN

SELECT pt.paymentterm FROM paymentterm_mt pt
INNER JOIN registration_mt r ON pt.paymentterm_id = r.paymentterm_id
INNER JOIN student_mt s ON r.registration_id = s.registration_id
WHERE s.student_id = aStudentId;


END ;;
DELIMITER ;
/*!50003 SET sql_mode              = @saved_sql_mode */ ;
/*!50003 SET character_set_client  = @saved_cs_client */ ;
/*!50003 SET character_set_results = @saved_cs_results */ ;
/*!50003 SET collation_connection  = @saved_col_connection */ ;
/*!50003 DROP PROCEDURE IF EXISTS `getRoleByUserId` */;
/*!50003 SET @saved_cs_client      = @@character_set_client */ ;
/*!50003 SET @saved_cs_results     = @@character_set_results */ ;
/*!50003 SET @saved_col_connection = @@collation_connection */ ;
/*!50003 SET character_set_client  = utf8 */ ;
/*!50003 SET character_set_results = utf8 */ ;
/*!50003 SET collation_connection  = utf8_general_ci */ ;
/*!50003 SET @saved_sql_mode       = @@sql_mode */ ;
/*!50003 SET sql_mode              = 'NO_ENGINE_SUBSTITUTION' */ ;
DELIMITER ;;
CREATE DEFINER=`root`@`localhost` PROCEDURE `getRoleByUserId`(aUserId INT)
BEGIN

SELECT r.* FROM role r
INNER JOIN user_role ur ON r.role_id = ur.role_id
WHERE ur.user_id = aUserId;

END ;;
DELIMITER ;
/*!50003 SET sql_mode              = @saved_sql_mode */ ;
/*!50003 SET character_set_client  = @saved_cs_client */ ;
/*!50003 SET character_set_results = @saved_cs_results */ ;
/*!50003 SET collation_connection  = @saved_col_connection */ ;
/*!50003 DROP PROCEDURE IF EXISTS `getRoleIdByRoleName` */;
/*!50003 SET @saved_cs_client      = @@character_set_client */ ;
/*!50003 SET @saved_cs_results     = @@character_set_results */ ;
/*!50003 SET @saved_col_connection = @@collation_connection */ ;
/*!50003 SET character_set_client  = utf8 */ ;
/*!50003 SET character_set_results = utf8 */ ;
/*!50003 SET collation_connection  = utf8_general_ci */ ;
/*!50003 SET @saved_sql_mode       = @@sql_mode */ ;
/*!50003 SET sql_mode              = 'NO_ENGINE_SUBSTITUTION' */ ;
DELIMITER ;;
CREATE DEFINER=`root`@`localhost` PROCEDURE `getRoleIdByRoleName`(aRoleName VARCHAR(255))
BEGIN

SELECT role_id FROM role WHERE `role` = aRoleName;

END ;;
DELIMITER ;
/*!50003 SET sql_mode              = @saved_sql_mode */ ;
/*!50003 SET character_set_client  = @saved_cs_client */ ;
/*!50003 SET character_set_results = @saved_cs_results */ ;
/*!50003 SET collation_connection  = @saved_col_connection */ ;
/*!50003 DROP PROCEDURE IF EXISTS `getRoomID` */;
/*!50003 SET @saved_cs_client      = @@character_set_client */ ;
/*!50003 SET @saved_cs_results     = @@character_set_results */ ;
/*!50003 SET @saved_col_connection = @@collation_connection */ ;
/*!50003 SET character_set_client  = utf8 */ ;
/*!50003 SET character_set_results = utf8 */ ;
/*!50003 SET collation_connection  = utf8_general_ci */ ;
/*!50003 SET @saved_sql_mode       = @@sql_mode */ ;
/*!50003 SET sql_mode              = 'NO_ENGINE_SUBSTITUTION' */ ;
DELIMITER ;;
CREATE DEFINER=`root`@`localhost` PROCEDURE `getRoomID`(
	p_roomName VARCHAR(45),
    P_buildingName VARCHAR(45),
    p_capacity VARCHAR(45)
)
BEGIN
	SELECT r.room_id FROM room_mt r
    WHERE r.room_name_or_num = p_roomName
    AND r.bldg_name_or_num = p_buildingName
    AND r.capacity = p_capacity;
    
END ;;
DELIMITER ;
/*!50003 SET sql_mode              = @saved_sql_mode */ ;
/*!50003 SET character_set_client  = @saved_cs_client */ ;
/*!50003 SET character_set_results = @saved_cs_results */ ;
/*!50003 SET collation_connection  = @saved_col_connection */ ;
/*!50003 DROP PROCEDURE IF EXISTS `getRoomIdByName` */;
/*!50003 SET @saved_cs_client      = @@character_set_client */ ;
/*!50003 SET @saved_cs_results     = @@character_set_results */ ;
/*!50003 SET @saved_col_connection = @@collation_connection */ ;
/*!50003 SET character_set_client  = utf8 */ ;
/*!50003 SET character_set_results = utf8 */ ;
/*!50003 SET collation_connection  = utf8_general_ci */ ;
/*!50003 SET @saved_sql_mode       = @@sql_mode */ ;
/*!50003 SET sql_mode              = 'NO_ENGINE_SUBSTITUTION' */ ;
DELIMITER ;;
CREATE DEFINER=`root`@`localhost` PROCEDURE `getRoomIdByName`(aRoomName VARCHAR(255))
BEGIN

SELECT room_id FROM room_mt WHERE 
room_name_or_num = aRoomName;

END ;;
DELIMITER ;
/*!50003 SET sql_mode              = @saved_sql_mode */ ;
/*!50003 SET character_set_client  = @saved_cs_client */ ;
/*!50003 SET character_set_results = @saved_cs_results */ ;
/*!50003 SET collation_connection  = @saved_col_connection */ ;
/*!50003 DROP PROCEDURE IF EXISTS `getRooms` */;
/*!50003 SET @saved_cs_client      = @@character_set_client */ ;
/*!50003 SET @saved_cs_results     = @@character_set_results */ ;
/*!50003 SET @saved_col_connection = @@collation_connection */ ;
/*!50003 SET character_set_client  = utf8 */ ;
/*!50003 SET character_set_results = utf8 */ ;
/*!50003 SET collation_connection  = utf8_general_ci */ ;
/*!50003 SET @saved_sql_mode       = @@sql_mode */ ;
/*!50003 SET sql_mode              = 'NO_ENGINE_SUBSTITUTION' */ ;
DELIMITER ;;
CREATE DEFINER=`root`@`localhost` PROCEDURE `getRooms`()
BEGIN
	SELECT * FROM room_mt;
END ;;
DELIMITER ;
/*!50003 SET sql_mode              = @saved_sql_mode */ ;
/*!50003 SET character_set_client  = @saved_cs_client */ ;
/*!50003 SET character_set_results = @saved_cs_results */ ;
/*!50003 SET collation_connection  = @saved_col_connection */ ;
/*!50003 DROP PROCEDURE IF EXISTS `getRoomsInfoByID` */;
/*!50003 SET @saved_cs_client      = @@character_set_client */ ;
/*!50003 SET @saved_cs_results     = @@character_set_results */ ;
/*!50003 SET @saved_col_connection = @@collation_connection */ ;
/*!50003 SET character_set_client  = utf8 */ ;
/*!50003 SET character_set_results = utf8 */ ;
/*!50003 SET collation_connection  = utf8_general_ci */ ;
/*!50003 SET @saved_sql_mode       = @@sql_mode */ ;
/*!50003 SET sql_mode              = 'NO_ENGINE_SUBSTITUTION' */ ;
DELIMITER ;;
CREATE DEFINER=`root`@`localhost` PROCEDURE `getRoomsInfoByID`(
	p_room_id INT(11)
)
BEGIN
	SELECT * FROM room_mt WHERE room_id = p_room_id;
END ;;
DELIMITER ;
/*!50003 SET sql_mode              = @saved_sql_mode */ ;
/*!50003 SET character_set_client  = @saved_cs_client */ ;
/*!50003 SET character_set_results = @saved_cs_results */ ;
/*!50003 SET collation_connection  = @saved_col_connection */ ;
/*!50003 DROP PROCEDURE IF EXISTS `getScheduleByFacultyIdAndSchoolYearId` */;
/*!50003 SET @saved_cs_client      = @@character_set_client */ ;
/*!50003 SET @saved_cs_results     = @@character_set_results */ ;
/*!50003 SET @saved_col_connection = @@collation_connection */ ;
/*!50003 SET character_set_client  = utf8 */ ;
/*!50003 SET character_set_results = utf8 */ ;
/*!50003 SET collation_connection  = utf8_general_ci */ ;
/*!50003 SET @saved_sql_mode       = @@sql_mode */ ;
/*!50003 SET sql_mode              = 'NO_ENGINE_SUBSTITUTION' */ ;
DELIMITER ;;
CREATE DEFINER=`root`@`localhost` PROCEDURE `getScheduleByFacultyIdAndSchoolYearId`(aFacultyId INT, aSchoolYearId INT)
BEGIN

SELECT f.faculty_id,f.lastName, f.firstName, f.middleName,
s.schedule_id,s.schedule_day,s.startTime,s.endTime,
r.room_name_or_num,
sec.sectionName,
sbj.title,
sy.schoolyear_id

FROM faculty_mt f 
INNER JOIN faculty_schedule fs ON f.faculty_id = fs.faculty_id
INNER JOIN schedule_mt s ON fs.schedule_id = s.schedule_id
INNER JOIN room_mt r ON s.room_id = r.room_id
INNER JOIN section_mt sec ON s.section_id = sec.section_id
INNER JOIN subject_mt sbj ON s.subject_id = sbj.subject_id
INNER JOIN schoolyear_mt sy ON s.schoolyear_id = sy.schoolyear_id

WHERE s.schoolyear_id = aSchoolYearId AND
fs.faculty_id = aFacultyId;

END ;;
DELIMITER ;
/*!50003 SET sql_mode              = @saved_sql_mode */ ;
/*!50003 SET character_set_client  = @saved_cs_client */ ;
/*!50003 SET character_set_results = @saved_cs_results */ ;
/*!50003 SET collation_connection  = @saved_col_connection */ ;
/*!50003 DROP PROCEDURE IF EXISTS `getScheduleBySubjectId` */;
/*!50003 SET @saved_cs_client      = @@character_set_client */ ;
/*!50003 SET @saved_cs_results     = @@character_set_results */ ;
/*!50003 SET @saved_col_connection = @@collation_connection */ ;
/*!50003 SET character_set_client  = utf8 */ ;
/*!50003 SET character_set_results = utf8 */ ;
/*!50003 SET collation_connection  = utf8_general_ci */ ;
/*!50003 SET @saved_sql_mode       = @@sql_mode */ ;
/*!50003 SET sql_mode              = 'NO_ENGINE_SUBSTITUTION' */ ;
DELIMITER ;;
CREATE DEFINER=`root`@`localhost` PROCEDURE `getScheduleBySubjectId`(aSubjectId INT)
BEGIN

SELECT s.* FROM schedule_mt WHERE subject_id = aSubjectId;

END ;;
DELIMITER ;
/*!50003 SET sql_mode              = @saved_sql_mode */ ;
/*!50003 SET character_set_client  = @saved_cs_client */ ;
/*!50003 SET character_set_results = @saved_cs_results */ ;
/*!50003 SET collation_connection  = @saved_col_connection */ ;
/*!50003 DROP PROCEDURE IF EXISTS `getSchedulesByGradeLevel` */;
/*!50003 SET @saved_cs_client      = @@character_set_client */ ;
/*!50003 SET @saved_cs_results     = @@character_set_results */ ;
/*!50003 SET @saved_col_connection = @@collation_connection */ ;
/*!50003 SET character_set_client  = utf8 */ ;
/*!50003 SET character_set_results = utf8 */ ;
/*!50003 SET collation_connection  = utf8_general_ci */ ;
/*!50003 SET @saved_sql_mode       = @@sql_mode */ ;
/*!50003 SET sql_mode              = 'NO_ENGINE_SUBSTITUTION' */ ;
DELIMITER ;;
CREATE DEFINER=`root`@`localhost` PROCEDURE `getSchedulesByGradeLevel`(aGradeLevelId INT)
BEGIN
SELECT 
    cs.startTime, cs.endTime, d.days,
    r.*,s.`name` AS subjectName,
    CONCAT(sy.yearFrom,'-',sy.yearTo) AS schoolYear,
    sec.sectionName,
    gl.`level` AS gradeLevel
    
    FROM classschedule cs
    INNER JOIN classschedule_hd cshd ON cs.id = cshd.classschedule_id
    INNER JOIN classschedule_section css ON cs.id = css.classschedule_id
    INNER JOIN daysofweek d ON cs.dayOfWeek_id = d.id
    INNER JOIN room r ON cs.room_id = r.id
    INNER JOIN `subjects` s ON cs.subject_id = s.id
    INNER JOIN gradelevel gl ON css.gradelevel_id = gl.id
    INNER JOIN section sec ON css.section_id = sec.id
    INNER JOIN schoolyear sy ON css.schoolyear_id = sy.id
    
    WHERE css.gradelevel_id = aGradeLevelId;
END ;;
DELIMITER ;
/*!50003 SET sql_mode              = @saved_sql_mode */ ;
/*!50003 SET character_set_client  = @saved_cs_client */ ;
/*!50003 SET character_set_results = @saved_cs_results */ ;
/*!50003 SET collation_connection  = @saved_col_connection */ ;
/*!50003 DROP PROCEDURE IF EXISTS `getSchoolFeesSum` */;
/*!50003 SET @saved_cs_client      = @@character_set_client */ ;
/*!50003 SET @saved_cs_results     = @@character_set_results */ ;
/*!50003 SET @saved_col_connection = @@collation_connection */ ;
/*!50003 SET character_set_client  = utf8 */ ;
/*!50003 SET character_set_results = utf8 */ ;
/*!50003 SET collation_connection  = utf8_general_ci */ ;
/*!50003 SET @saved_sql_mode       = @@sql_mode */ ;
/*!50003 SET sql_mode              = 'NO_ENGINE_SUBSTITUTION' */ ;
DELIMITER ;;
CREATE DEFINER=`root`@`localhost` PROCEDURE `getSchoolFeesSum`(aGradeLevelId INT)
BEGIN

SELECT SUM(fslt.fee_amount) AS sumOfFees
FROM fee_schoolyear_lt fslt
INNER JOIN fee_mt fmt ON fslt.fee_id = fmt.fee_id 
WHERE fmt.fee_name <> 'Downpayment' AND
fslt.gradelevel_id = aGradeLevelId;

END ;;
DELIMITER ;
/*!50003 SET sql_mode              = @saved_sql_mode */ ;
/*!50003 SET character_set_client  = @saved_cs_client */ ;
/*!50003 SET character_set_results = @saved_cs_results */ ;
/*!50003 SET collation_connection  = @saved_col_connection */ ;
/*!50003 DROP PROCEDURE IF EXISTS `getSchoolYearById` */;
/*!50003 SET @saved_cs_client      = @@character_set_client */ ;
/*!50003 SET @saved_cs_results     = @@character_set_results */ ;
/*!50003 SET @saved_col_connection = @@collation_connection */ ;
/*!50003 SET character_set_client  = utf8 */ ;
/*!50003 SET character_set_results = utf8 */ ;
/*!50003 SET collation_connection  = utf8_general_ci */ ;
/*!50003 SET @saved_sql_mode       = @@sql_mode */ ;
/*!50003 SET sql_mode              = 'NO_ENGINE_SUBSTITUTION' */ ;
DELIMITER ;;
CREATE DEFINER=`root`@`localhost` PROCEDURE `getSchoolYearById`(aSchoolYearId INT)
BEGIN

SELECT * FROM schoolyear_mt WHERE schoolyear_id = aSchoolYearId;

END ;;
DELIMITER ;
/*!50003 SET sql_mode              = @saved_sql_mode */ ;
/*!50003 SET character_set_client  = @saved_cs_client */ ;
/*!50003 SET character_set_results = @saved_cs_results */ ;
/*!50003 SET collation_connection  = @saved_col_connection */ ;
/*!50003 DROP PROCEDURE IF EXISTS `getSchoolYearId` */;
/*!50003 SET @saved_cs_client      = @@character_set_client */ ;
/*!50003 SET @saved_cs_results     = @@character_set_results */ ;
/*!50003 SET @saved_col_connection = @@collation_connection */ ;
/*!50003 SET character_set_client  = utf8 */ ;
/*!50003 SET character_set_results = utf8 */ ;
/*!50003 SET collation_connection  = utf8_general_ci */ ;
/*!50003 SET @saved_sql_mode       = @@sql_mode */ ;
/*!50003 SET sql_mode              = 'NO_ENGINE_SUBSTITUTION' */ ;
DELIMITER ;;
CREATE DEFINER=`root`@`localhost` PROCEDURE `getSchoolYearId`(IN aYearFrom INT, aYearTo INT)
BEGIN
	SELECT schoolyear_id FROM schoolyear_mt 
    WHERE 	yearFrom = aYearFrom  AND
			yearTo = aYearTo;
END ;;
DELIMITER ;
/*!50003 SET sql_mode              = @saved_sql_mode */ ;
/*!50003 SET character_set_client  = @saved_cs_client */ ;
/*!50003 SET character_set_results = @saved_cs_results */ ;
/*!50003 SET collation_connection  = @saved_col_connection */ ;
/*!50003 DROP PROCEDURE IF EXISTS `getSchoolYearIdByYearFrom` */;
/*!50003 SET @saved_cs_client      = @@character_set_client */ ;
/*!50003 SET @saved_cs_results     = @@character_set_results */ ;
/*!50003 SET @saved_col_connection = @@collation_connection */ ;
/*!50003 SET character_set_client  = utf8 */ ;
/*!50003 SET character_set_results = utf8 */ ;
/*!50003 SET collation_connection  = utf8_general_ci */ ;
/*!50003 SET @saved_sql_mode       = @@sql_mode */ ;
/*!50003 SET sql_mode              = 'NO_ENGINE_SUBSTITUTION' */ ;
DELIMITER ;;
CREATE DEFINER=`root`@`localhost` PROCEDURE `getSchoolYearIdByYearFrom`(IN aSchoolYearFrom INT)
BEGIN
	SELECT schoolyear_id FROM schoolyear_mt WHERE yearFrom = aSchoolYearFrom;
END ;;
DELIMITER ;
/*!50003 SET sql_mode              = @saved_sql_mode */ ;
/*!50003 SET character_set_client  = @saved_cs_client */ ;
/*!50003 SET character_set_results = @saved_cs_results */ ;
/*!50003 SET collation_connection  = @saved_col_connection */ ;
/*!50003 DROP PROCEDURE IF EXISTS `getSchoolYearsWithPenalty` */;
/*!50003 SET @saved_cs_client      = @@character_set_client */ ;
/*!50003 SET @saved_cs_results     = @@character_set_results */ ;
/*!50003 SET @saved_col_connection = @@collation_connection */ ;
/*!50003 SET character_set_client  = utf8 */ ;
/*!50003 SET character_set_results = utf8 */ ;
/*!50003 SET collation_connection  = utf8_general_ci */ ;
/*!50003 SET @saved_sql_mode       = @@sql_mode */ ;
/*!50003 SET sql_mode              = 'NO_ENGINE_SUBSTITUTION' */ ;
DELIMITER ;;
CREATE DEFINER=`root`@`localhost` PROCEDURE `getSchoolYearsWithPenalty`()
BEGIN

SELECT sy.* FROM paymentterm_penalty ptp
INNER JOIN schoolyear_mt sy ON ptp.schoolyear_id = sy.schoolyear_id
GROUP BY yearFrom, ptp.schoolyear_id ASC;


END ;;
DELIMITER ;
/*!50003 SET sql_mode              = @saved_sql_mode */ ;
/*!50003 SET character_set_client  = @saved_cs_client */ ;
/*!50003 SET character_set_results = @saved_cs_results */ ;
/*!50003 SET collation_connection  = @saved_col_connection */ ;
/*!50003 DROP PROCEDURE IF EXISTS `getSectionAverageBySectionId` */;
/*!50003 SET @saved_cs_client      = @@character_set_client */ ;
/*!50003 SET @saved_cs_results     = @@character_set_results */ ;
/*!50003 SET @saved_col_connection = @@collation_connection */ ;
/*!50003 SET character_set_client  = utf8 */ ;
/*!50003 SET character_set_results = utf8 */ ;
/*!50003 SET collation_connection  = utf8_general_ci */ ;
/*!50003 SET @saved_sql_mode       = @@sql_mode */ ;
/*!50003 SET sql_mode              = 'NO_ENGINE_SUBSTITUTION' */ ;
DELIMITER ;;
CREATE DEFINER=`root`@`localhost` PROCEDURE `getSectionAverageBySectionId`(IN pIN_sectionId INT)
BEGIN 

	SELECT requiredAverage FROM section_settings_lt
	WHERE section_settings_lt.section_id = pIN_sectionId;

END ;;
DELIMITER ;
/*!50003 SET sql_mode              = @saved_sql_mode */ ;
/*!50003 SET character_set_client  = @saved_cs_client */ ;
/*!50003 SET character_set_results = @saved_cs_results */ ;
/*!50003 SET collation_connection  = @saved_col_connection */ ;
/*!50003 DROP PROCEDURE IF EXISTS `getSectionByGradeLevelId` */;
/*!50003 SET @saved_cs_client      = @@character_set_client */ ;
/*!50003 SET @saved_cs_results     = @@character_set_results */ ;
/*!50003 SET @saved_col_connection = @@collation_connection */ ;
/*!50003 SET character_set_client  = utf8 */ ;
/*!50003 SET character_set_results = utf8 */ ;
/*!50003 SET collation_connection  = utf8_general_ci */ ;
/*!50003 SET @saved_sql_mode       = @@sql_mode */ ;
/*!50003 SET sql_mode              = 'NO_ENGINE_SUBSTITUTION' */ ;
DELIMITER ;;
CREATE DEFINER=`root`@`localhost` PROCEDURE `getSectionByGradeLevelId`(aGradeLevelId INT)
BEGIN

	SELECT s.sectionName
    FROM section s
    INNER JOIN section_gradelevel sg ON s.section_id = sg.sectionId
    INNER JOIN gradelevel g ON sg.gradelevelId = g.gradelevel_id
    WHERE sg.gradelevelId = aGradeLevelId;

END ;;
DELIMITER ;
/*!50003 SET sql_mode              = @saved_sql_mode */ ;
/*!50003 SET character_set_client  = @saved_cs_client */ ;
/*!50003 SET character_set_results = @saved_cs_results */ ;
/*!50003 SET collation_connection  = @saved_col_connection */ ;
/*!50003 DROP PROCEDURE IF EXISTS `getSectionCapacity` */;
/*!50003 SET @saved_cs_client      = @@character_set_client */ ;
/*!50003 SET @saved_cs_results     = @@character_set_results */ ;
/*!50003 SET @saved_col_connection = @@collation_connection */ ;
/*!50003 SET character_set_client  = utf8 */ ;
/*!50003 SET character_set_results = utf8 */ ;
/*!50003 SET collation_connection  = utf8_general_ci */ ;
/*!50003 SET @saved_sql_mode       = @@sql_mode */ ;
/*!50003 SET sql_mode              = 'NO_ENGINE_SUBSTITUTION' */ ;
DELIMITER ;;
CREATE DEFINER=`root`@`localhost` PROCEDURE `getSectionCapacity`(IN pIN_sectionName VARCHAR(150))
BEGIN
	SELECT capacity FROM section_settings_lt 
    INNER JOIN section_mt ON section_mt.section_id = section_settings_lt.section_id
    WHERE section_mt.sectionName = pIN_sectionName;
END ;;
DELIMITER ;
/*!50003 SET sql_mode              = @saved_sql_mode */ ;
/*!50003 SET character_set_client  = @saved_cs_client */ ;
/*!50003 SET character_set_results = @saved_cs_results */ ;
/*!50003 SET collation_connection  = @saved_col_connection */ ;
/*!50003 DROP PROCEDURE IF EXISTS `getSectionId` */;
/*!50003 SET @saved_cs_client      = @@character_set_client */ ;
/*!50003 SET @saved_cs_results     = @@character_set_results */ ;
/*!50003 SET @saved_col_connection = @@collation_connection */ ;
/*!50003 SET character_set_client  = utf8 */ ;
/*!50003 SET character_set_results = utf8 */ ;
/*!50003 SET collation_connection  = utf8_general_ci */ ;
/*!50003 SET @saved_sql_mode       = @@sql_mode */ ;
/*!50003 SET sql_mode              = 'NO_ENGINE_SUBSTITUTION' */ ;
DELIMITER ;;
CREATE DEFINER=`root`@`localhost` PROCEDURE `getSectionId`(aSectionName VARCHAR(50))
BEGIN
	SELECT s.section_id FROM section_mt s WHERE s.sectionName = aSectionName;
END ;;
DELIMITER ;
/*!50003 SET sql_mode              = @saved_sql_mode */ ;
/*!50003 SET character_set_client  = @saved_cs_client */ ;
/*!50003 SET character_set_results = @saved_cs_results */ ;
/*!50003 SET collation_connection  = @saved_col_connection */ ;
/*!50003 DROP PROCEDURE IF EXISTS `getSectionIdByName` */;
/*!50003 SET @saved_cs_client      = @@character_set_client */ ;
/*!50003 SET @saved_cs_results     = @@character_set_results */ ;
/*!50003 SET @saved_col_connection = @@collation_connection */ ;
/*!50003 SET character_set_client  = utf8 */ ;
/*!50003 SET character_set_results = utf8 */ ;
/*!50003 SET collation_connection  = utf8_general_ci */ ;
/*!50003 SET @saved_sql_mode       = @@sql_mode */ ;
/*!50003 SET sql_mode              = 'NO_ENGINE_SUBSTITUTION' */ ;
DELIMITER ;;
CREATE DEFINER=`root`@`localhost` PROCEDURE `getSectionIdByName`(IN pIN_sectionName VARCHAR(150))
BEGIN
	
    SELECT section_id FROM section_mt WHERE sectionName = pIN_sectionName;
    
END ;;
DELIMITER ;
/*!50003 SET sql_mode              = @saved_sql_mode */ ;
/*!50003 SET character_set_client  = @saved_cs_client */ ;
/*!50003 SET character_set_results = @saved_cs_results */ ;
/*!50003 SET collation_connection  = @saved_col_connection */ ;
/*!50003 DROP PROCEDURE IF EXISTS `getSectionsByGradeLevel` */;
/*!50003 SET @saved_cs_client      = @@character_set_client */ ;
/*!50003 SET @saved_cs_results     = @@character_set_results */ ;
/*!50003 SET @saved_col_connection = @@collation_connection */ ;
/*!50003 SET character_set_client  = utf8 */ ;
/*!50003 SET character_set_results = utf8 */ ;
/*!50003 SET collation_connection  = utf8_general_ci */ ;
/*!50003 SET @saved_sql_mode       = @@sql_mode */ ;
/*!50003 SET sql_mode              = 'NO_AUTO_CREATE_USER,NO_ENGINE_SUBSTITUTION' */ ;
DELIMITER ;;
CREATE DEFINER=`root`@`localhost` PROCEDURE `getSectionsByGradeLevel`(aGradeLevelId INT)
BEGIN

SELECT 
s.section_id,
s.sectionName,
s.isActive,
sslt.session_id,
ss.title,
sslt.capacity,
sslt.schoolyear_id,
sy.yearFrom,
sy.yearTo,
sslt.gradelevel_id,
gl.grade_level 
FROM section_mt s
INNER JOIN schoolyear_section_lt sslt ON s.section_id = sslt.section_id
INNER JOIN session_mt ss ON sslt.session_id = ss.session_id
INNER JOIN schoolyear_mt sy ON sslt.schoolyear_id = sy.schoolyear_id
INNER JOIN gradelevel_mt gl ON sslt.gradelevel_id = gl.gradelevel_id
WHERE sslt.gradelevel_id = aGradeLevelId;

END ;;
DELIMITER ;
/*!50003 SET sql_mode              = @saved_sql_mode */ ;
/*!50003 SET character_set_client  = @saved_cs_client */ ;
/*!50003 SET character_set_results = @saved_cs_results */ ;
/*!50003 SET collation_connection  = @saved_col_connection */ ;
/*!50003 DROP PROCEDURE IF EXISTS `getSectionsBySchoolYear` */;
/*!50003 SET @saved_cs_client      = @@character_set_client */ ;
/*!50003 SET @saved_cs_results     = @@character_set_results */ ;
/*!50003 SET @saved_col_connection = @@collation_connection */ ;
/*!50003 SET character_set_client  = utf8 */ ;
/*!50003 SET character_set_results = utf8 */ ;
/*!50003 SET collation_connection  = utf8_general_ci */ ;
/*!50003 SET @saved_sql_mode       = @@sql_mode */ ;
/*!50003 SET sql_mode              = 'NO_AUTO_CREATE_USER,NO_ENGINE_SUBSTITUTION' */ ;
DELIMITER ;;
CREATE DEFINER=`root`@`localhost` PROCEDURE `getSectionsBySchoolYear`(aSchoolYearId INT)
BEGIN

SELECT 
s.section_id,
s.sectionName,
s.isActive,
sslt.session_id,
ss.title,
sslt.capacity,
sslt.schoolyear_id,
sy.yearFrom,
sy.yearTo,
sslt.gradelevel_id,
gl.grade_level 
FROM section_mt s
INNER JOIN schoolyear_section_lt sslt ON s.section_id = sslt.section_id
INNER JOIN session_mt ss ON sslt.session_id = ss.session_id
INNER JOIN schoolyear_mt sy ON sslt.schoolyear_id = sy.schoolyear_id
INNER JOIN gradelevel_mt gl ON sslt.gradelevel_id = gl.gradelevel_id
WHERE sslt.schoolyear_id = aSchoolYearId;

END ;;
DELIMITER ;
/*!50003 SET sql_mode              = @saved_sql_mode */ ;
/*!50003 SET character_set_client  = @saved_cs_client */ ;
/*!50003 SET character_set_results = @saved_cs_results */ ;
/*!50003 SET collation_connection  = @saved_col_connection */ ;
/*!50003 DROP PROCEDURE IF EXISTS `getSectionsBySchoolYearAndGradeLevel` */;
/*!50003 SET @saved_cs_client      = @@character_set_client */ ;
/*!50003 SET @saved_cs_results     = @@character_set_results */ ;
/*!50003 SET @saved_col_connection = @@collation_connection */ ;
/*!50003 SET character_set_client  = utf8 */ ;
/*!50003 SET character_set_results = utf8 */ ;
/*!50003 SET collation_connection  = utf8_general_ci */ ;
/*!50003 SET @saved_sql_mode       = @@sql_mode */ ;
/*!50003 SET sql_mode              = 'NO_AUTO_CREATE_USER,NO_ENGINE_SUBSTITUTION' */ ;
DELIMITER ;;
CREATE DEFINER=`root`@`localhost` PROCEDURE `getSectionsBySchoolYearAndGradeLevel`(aSchoolYearId INT, aGradeLevelId INT)
BEGIN

SELECT 
s.section_id,
s.sectionName,
s.isActive,
sslt.session_id,
ss.title,
sslt.capacity,
sslt.schoolyear_id,
sy.yearFrom,
sy.yearTo,
sslt.gradelevel_id,
gl.grade_level 
FROM section_mt s
INNER JOIN schoolyear_section_lt sslt ON s.section_id = sslt.section_id
INNER JOIN session_mt ss ON sslt.session_id = ss.session_id
INNER JOIN schoolyear_mt sy ON sslt.schoolyear_id = sy.schoolyear_id
INNER JOIN gradelevel_mt gl ON sslt.gradelevel_id = gl.gradelevel_id
WHERE 
sslt.schoolyear_id = aSchoolYearId
AND
sslt.gradelevel_id = aGradeLevelId ;

END ;;
DELIMITER ;
/*!50003 SET sql_mode              = @saved_sql_mode */ ;
/*!50003 SET character_set_client  = @saved_cs_client */ ;
/*!50003 SET character_set_results = @saved_cs_results */ ;
/*!50003 SET collation_connection  = @saved_col_connection */ ;
/*!50003 DROP PROCEDURE IF EXISTS `getSectionSchoolYearId` */;
/*!50003 SET @saved_cs_client      = @@character_set_client */ ;
/*!50003 SET @saved_cs_results     = @@character_set_results */ ;
/*!50003 SET @saved_col_connection = @@collation_connection */ ;
/*!50003 SET character_set_client  = utf8 */ ;
/*!50003 SET character_set_results = utf8 */ ;
/*!50003 SET collation_connection  = utf8_general_ci */ ;
/*!50003 SET @saved_sql_mode       = @@sql_mode */ ;
/*!50003 SET sql_mode              = 'NO_ENGINE_SUBSTITUTION' */ ;
DELIMITER ;;
CREATE DEFINER=`root`@`localhost` PROCEDURE `getSectionSchoolYearId`(IN pIN_sectionName VARCHAR(150))
BEGIN
	
    SELECT section_settings_lt.schoolyear_id FROM section_mt
		INNER JOIN section_settings_lt ON section_settings_lt.section_id = section_mt.section_id
			WHERE section_mt.sectionName = pIN_sectionName;
    

END ;;
DELIMITER ;
/*!50003 SET sql_mode              = @saved_sql_mode */ ;
/*!50003 SET character_set_client  = @saved_cs_client */ ;
/*!50003 SET character_set_results = @saved_cs_results */ ;
/*!50003 SET collation_connection  = @saved_col_connection */ ;
/*!50003 DROP PROCEDURE IF EXISTS `getSectionStudents` */;
/*!50003 SET @saved_cs_client      = @@character_set_client */ ;
/*!50003 SET @saved_cs_results     = @@character_set_results */ ;
/*!50003 SET @saved_col_connection = @@collation_connection */ ;
/*!50003 SET character_set_client  = utf8 */ ;
/*!50003 SET character_set_results = utf8 */ ;
/*!50003 SET collation_connection  = utf8_general_ci */ ;
/*!50003 SET @saved_sql_mode       = @@sql_mode */ ;
/*!50003 SET sql_mode              = 'NO_ENGINE_SUBSTITUTION' */ ;
DELIMITER ;;
CREATE DEFINER=`root`@`localhost` PROCEDURE `getSectionStudents`(aSectionId VARCHAR(255), aSchoolYearId INT)
BEGIN
	SELECT std.*
    from
    section_student ss 
    INNER JOIN section s ON ss.section_id = s.section_id
    INNER JOIN students std ON ss.student_id = std.student_id
    INNER JOIN schoolyear sy ON ss.schoolyear_id = sy.id
    
    WHERE ss.section_id = aSectionId
    AND   ss.schoolyear_id = aSchoolYearId;
END ;;
DELIMITER ;
/*!50003 SET sql_mode              = @saved_sql_mode */ ;
/*!50003 SET character_set_client  = @saved_cs_client */ ;
/*!50003 SET character_set_results = @saved_cs_results */ ;
/*!50003 SET collation_connection  = @saved_col_connection */ ;
/*!50003 DROP PROCEDURE IF EXISTS `getSessionId` */;
/*!50003 SET @saved_cs_client      = @@character_set_client */ ;
/*!50003 SET @saved_cs_results     = @@character_set_results */ ;
/*!50003 SET @saved_col_connection = @@collation_connection */ ;
/*!50003 SET character_set_client  = utf8 */ ;
/*!50003 SET character_set_results = utf8 */ ;
/*!50003 SET collation_connection  = utf8_general_ci */ ;
/*!50003 SET @saved_sql_mode       = @@sql_mode */ ;
/*!50003 SET sql_mode              = 'NO_ENGINE_SUBSTITUTION' */ ;
DELIMITER ;;
CREATE DEFINER=`root`@`localhost` PROCEDURE `getSessionId`(aSessionType VARCHAR(11))
BEGIN
	SELECT id FROM `session` WHERE title = aSessionType;
END ;;
DELIMITER ;
/*!50003 SET sql_mode              = @saved_sql_mode */ ;
/*!50003 SET character_set_client  = @saved_cs_client */ ;
/*!50003 SET character_set_results = @saved_cs_results */ ;
/*!50003 SET collation_connection  = @saved_col_connection */ ;
/*!50003 DROP PROCEDURE IF EXISTS `getSessionIdBySectionId` */;
/*!50003 SET @saved_cs_client      = @@character_set_client */ ;
/*!50003 SET @saved_cs_results     = @@character_set_results */ ;
/*!50003 SET @saved_col_connection = @@collation_connection */ ;
/*!50003 SET character_set_client  = utf8 */ ;
/*!50003 SET character_set_results = utf8 */ ;
/*!50003 SET collation_connection  = utf8_general_ci */ ;
/*!50003 SET @saved_sql_mode       = @@sql_mode */ ;
/*!50003 SET sql_mode              = 'NO_ENGINE_SUBSTITUTION' */ ;
DELIMITER ;;
CREATE DEFINER=`root`@`localhost` PROCEDURE `getSessionIdBySectionId`(IN pIN_sectionId INT)
BEGIN

	SELECT session_mt.session_id
	FROM section_settings_lt
	INNER JOIN session_mt ON session_mt.session_id = section_settings_lt.session_id
	WHERE section_settings_lt.section_id = pIN_sectionId;
END ;;
DELIMITER ;
/*!50003 SET sql_mode              = @saved_sql_mode */ ;
/*!50003 SET character_set_client  = @saved_cs_client */ ;
/*!50003 SET character_set_results = @saved_cs_results */ ;
/*!50003 SET collation_connection  = @saved_col_connection */ ;
/*!50003 DROP PROCEDURE IF EXISTS `getSessions` */;
/*!50003 SET @saved_cs_client      = @@character_set_client */ ;
/*!50003 SET @saved_cs_results     = @@character_set_results */ ;
/*!50003 SET @saved_col_connection = @@collation_connection */ ;
/*!50003 SET character_set_client  = utf8 */ ;
/*!50003 SET character_set_results = utf8 */ ;
/*!50003 SET collation_connection  = utf8_general_ci */ ;
/*!50003 SET @saved_sql_mode       = @@sql_mode */ ;
/*!50003 SET sql_mode              = 'NO_AUTO_CREATE_USER,NO_ENGINE_SUBSTITUTION' */ ;
DELIMITER ;;
CREATE DEFINER=`root`@`localhost` PROCEDURE `getSessions`()
BEGIN

SELECT title FROM session_mt;

END ;;
DELIMITER ;
/*!50003 SET sql_mode              = @saved_sql_mode */ ;
/*!50003 SET character_set_client  = @saved_cs_client */ ;
/*!50003 SET character_set_results = @saved_cs_results */ ;
/*!50003 SET collation_connection  = @saved_col_connection */ ;
/*!50003 DROP PROCEDURE IF EXISTS `getSpecializationById` */;
/*!50003 SET @saved_cs_client      = @@character_set_client */ ;
/*!50003 SET @saved_cs_results     = @@character_set_results */ ;
/*!50003 SET @saved_col_connection = @@collation_connection */ ;
/*!50003 SET character_set_client  = utf8 */ ;
/*!50003 SET character_set_results = utf8 */ ;
/*!50003 SET collation_connection  = utf8_general_ci */ ;
/*!50003 SET @saved_sql_mode       = @@sql_mode */ ;
/*!50003 SET sql_mode              = 'NO_ENGINE_SUBSTITUTION' */ ;
DELIMITER ;;
CREATE DEFINER=`root`@`localhost` PROCEDURE `getSpecializationById`(
	IN s_id int
)
BEGIN
	SELECT * FROM specialization WHERE specialization_id = s_id;
END ;;
DELIMITER ;
/*!50003 SET sql_mode              = @saved_sql_mode */ ;
/*!50003 SET character_set_client  = @saved_cs_client */ ;
/*!50003 SET character_set_results = @saved_cs_results */ ;
/*!50003 SET collation_connection  = @saved_col_connection */ ;
/*!50003 DROP PROCEDURE IF EXISTS `getSpecializationId` */;
/*!50003 SET @saved_cs_client      = @@character_set_client */ ;
/*!50003 SET @saved_cs_results     = @@character_set_results */ ;
/*!50003 SET @saved_col_connection = @@collation_connection */ ;
/*!50003 SET character_set_client  = utf8 */ ;
/*!50003 SET character_set_results = utf8 */ ;
/*!50003 SET collation_connection  = utf8_general_ci */ ;
/*!50003 SET @saved_sql_mode       = @@sql_mode */ ;
/*!50003 SET sql_mode              = 'NO_ENGINE_SUBSTITUTION' */ ;
DELIMITER ;;
CREATE DEFINER=`root`@`localhost` PROCEDURE `getSpecializationId`(
	IN p_title VARCHAR(45)
 )
BEGIN

SELECT S.specialization_id FROM specialization S
WHERE specialization_title = p_title;

END ;;
DELIMITER ;
/*!50003 SET sql_mode              = @saved_sql_mode */ ;
/*!50003 SET character_set_client  = @saved_cs_client */ ;
/*!50003 SET character_set_results = @saved_cs_results */ ;
/*!50003 SET collation_connection  = @saved_col_connection */ ;
/*!50003 DROP PROCEDURE IF EXISTS `getSpecializationIdByName` */;
/*!50003 SET @saved_cs_client      = @@character_set_client */ ;
/*!50003 SET @saved_cs_results     = @@character_set_results */ ;
/*!50003 SET @saved_col_connection = @@collation_connection */ ;
/*!50003 SET character_set_client  = utf8 */ ;
/*!50003 SET character_set_results = utf8 */ ;
/*!50003 SET collation_connection  = utf8_general_ci */ ;
/*!50003 SET @saved_sql_mode       = @@sql_mode */ ;
/*!50003 SET sql_mode              = 'NO_ENGINE_SUBSTITUTION' */ ;
DELIMITER ;;
CREATE DEFINER=`root`@`localhost` PROCEDURE `getSpecializationIdByName`(aSpecializationName VARCHAR(255))
BEGIN

SELECT * FROM specialization WHERE specialization_title = aSpecializationName;

END ;;
DELIMITER ;
/*!50003 SET sql_mode              = @saved_sql_mode */ ;
/*!50003 SET character_set_client  = @saved_cs_client */ ;
/*!50003 SET character_set_results = @saved_cs_results */ ;
/*!50003 SET collation_connection  = @saved_col_connection */ ;
/*!50003 DROP PROCEDURE IF EXISTS `getStudentCurrentGradeLevel` */;
/*!50003 SET @saved_cs_client      = @@character_set_client */ ;
/*!50003 SET @saved_cs_results     = @@character_set_results */ ;
/*!50003 SET @saved_col_connection = @@collation_connection */ ;
/*!50003 SET character_set_client  = utf8 */ ;
/*!50003 SET character_set_results = utf8 */ ;
/*!50003 SET collation_connection  = utf8_general_ci */ ;
/*!50003 SET @saved_sql_mode       = @@sql_mode */ ;
/*!50003 SET sql_mode              = 'NO_ENGINE_SUBSTITUTION' */ ;
DELIMITER ;;
CREATE DEFINER=`root`@`localhost` PROCEDURE `getStudentCurrentGradeLevel`(aStudentId INT)
BEGIN

SELECT 
CASE WHEN 
(
(SELECT COUNT(*) FROM schoolyear_student_lt WHERE student_id = aStudentId) >= 0
)
THEN(
SELECT gl.grade_level FROM gradelevel_mt gl
INNER JOIN registration_mt r ON gl.gradelevel_id = r.gradelevel_id 
INNER JOIN student_mt s ON r.registration_id = s.registration_id 
WHERE s.student_id = aStudentId
)

ELSE 
(
SELECT
g.grade_level FROM schoolyear_student_lt sslt
INNER JOIN gradelevel_mt g ON sslt.gradelevel_id = g.gradelevel_id
INNER JOIN schoolyear_mt sy ON sslt.schoolyear_id = sy.schoolyear_id
WHERE sslt.student_id = aStudentId
ORDER BY (SELECT sy.yearFrom) DESC LIMIT 1 
) 
END AS grade_level;

END ;;
DELIMITER ;
/*!50003 SET sql_mode              = @saved_sql_mode */ ;
/*!50003 SET character_set_client  = @saved_cs_client */ ;
/*!50003 SET character_set_results = @saved_cs_results */ ;
/*!50003 SET collation_connection  = @saved_col_connection */ ;
/*!50003 DROP PROCEDURE IF EXISTS `getStudentDiscount` */;
/*!50003 SET @saved_cs_client      = @@character_set_client */ ;
/*!50003 SET @saved_cs_results     = @@character_set_results */ ;
/*!50003 SET @saved_col_connection = @@collation_connection */ ;
/*!50003 SET character_set_client  = utf8 */ ;
/*!50003 SET character_set_results = utf8 */ ;
/*!50003 SET collation_connection  = utf8_general_ci */ ;
/*!50003 SET @saved_sql_mode       = @@sql_mode */ ;
/*!50003 SET sql_mode              = 'NO_ENGINE_SUBSTITUTION' */ ;
DELIMITER ;;
CREATE DEFINER=`root`@`localhost` PROCEDURE `getStudentDiscount`(aStudentId INT, aSchoolYearId INT)
BEGIN

SELECT d.*,sd.* FROM discount_mt d
INNER JOIN student_discount_lt sd
ON d.discount_id = sd.discount_id
WHERE sd.student_id = aStudentId
AND sd.schoolyear_id = aSchoolYearId;

END ;;
DELIMITER ;
/*!50003 SET sql_mode              = @saved_sql_mode */ ;
/*!50003 SET character_set_client  = @saved_cs_client */ ;
/*!50003 SET character_set_results = @saved_cs_results */ ;
/*!50003 SET collation_connection  = @saved_col_connection */ ;
/*!50003 DROP PROCEDURE IF EXISTS `getStudentGradeByFacultyStudentId` */;
/*!50003 SET @saved_cs_client      = @@character_set_client */ ;
/*!50003 SET @saved_cs_results     = @@character_set_results */ ;
/*!50003 SET @saved_col_connection = @@collation_connection */ ;
/*!50003 SET character_set_client  = utf8 */ ;
/*!50003 SET character_set_results = utf8 */ ;
/*!50003 SET collation_connection  = utf8_general_ci */ ;
/*!50003 SET @saved_sql_mode       = @@sql_mode */ ;
/*!50003 SET sql_mode              = 'NO_ENGINE_SUBSTITUTION' */ ;
DELIMITER ;;
CREATE DEFINER=`root`@`localhost` PROCEDURE `getStudentGradeByFacultyStudentId`(IN pIN_facultyId INT, IN pIN_studentId INT)
BEGIN
    
	SELECT 
		
		smt.subject_id, smt.title,
	   MAX(IF(g.gradingperiod_id = 7000, g.grade, 0)) AS first,
       MAX(IF(g.gradingperiod_id = 7001, g.grade, 0)) AS second,
       MAX(IF(g.gradingperiod_id = 7002, g.grade, 0)) AS third,
       MAX(IF(g.gradingperiod_id = 7003, g.grade, 0)) AS fourth,
       g.final
    
	FROM faculty_schedule

	INNER JOIN schedule_mt ON schedule_mt.schedule_id = faculty_schedule.schedule_id
    INNER JOIN section_student ON section_student.section_id = schedule_mt.section_id
    INNER JOIN student_grade ON student_grade.student_id = section_student.student_id
    INNER JOIN grade g ON g.grade_id = student_grade.grade_id
    INNER JOIN subject_mt smt ON smt.subject_id = schedule_mt.subject_id
	INNER JOIN curriculum_subject_lt ON curriculum_subject_lt.subject_id = smt.subject_id
    INNER JOIN curriculum_mt ON curriculum_mt.curriculum_id = curriculum_subject_lt.curriculum_id
    
    WHERE faculty_schedule.faculty_id = pIN_facultyId
    AND section_student.student_id = pIN_studentId
    AND curriculum_mt.isActive = 1
    
	GROUP BY smt.subject_id, smt.title, g.final;
    
END ;;
DELIMITER ;
/*!50003 SET sql_mode              = @saved_sql_mode */ ;
/*!50003 SET character_set_client  = @saved_cs_client */ ;
/*!50003 SET character_set_results = @saved_cs_results */ ;
/*!50003 SET collation_connection  = @saved_col_connection */ ;
/*!50003 DROP PROCEDURE IF EXISTS `getStudentIdByRegistrationId` */;
/*!50003 SET @saved_cs_client      = @@character_set_client */ ;
/*!50003 SET @saved_cs_results     = @@character_set_results */ ;
/*!50003 SET @saved_col_connection = @@collation_connection */ ;
/*!50003 SET character_set_client  = utf8 */ ;
/*!50003 SET character_set_results = utf8 */ ;
/*!50003 SET collation_connection  = utf8_general_ci */ ;
/*!50003 SET @saved_sql_mode       = @@sql_mode */ ;
/*!50003 SET sql_mode              = 'NO_ENGINE_SUBSTITUTION' */ ;
DELIMITER ;;
CREATE DEFINER=`root`@`localhost` PROCEDURE `getStudentIdByRegistrationId`(aRegistrationId INT)
BEGIN

SELECT student_id FROM student_mt 
WHERE registration_id = aRegistrationId;

END ;;
DELIMITER ;
/*!50003 SET sql_mode              = @saved_sql_mode */ ;
/*!50003 SET character_set_client  = @saved_cs_client */ ;
/*!50003 SET character_set_results = @saved_cs_results */ ;
/*!50003 SET collation_connection  = @saved_col_connection */ ;
/*!50003 DROP PROCEDURE IF EXISTS `getStudentNameByGradeLevelId` */;
/*!50003 SET @saved_cs_client      = @@character_set_client */ ;
/*!50003 SET @saved_cs_results     = @@character_set_results */ ;
/*!50003 SET @saved_col_connection = @@collation_connection */ ;
/*!50003 SET character_set_client  = utf8 */ ;
/*!50003 SET character_set_results = utf8 */ ;
/*!50003 SET collation_connection  = utf8_general_ci */ ;
/*!50003 SET @saved_sql_mode       = @@sql_mode */ ;
/*!50003 SET sql_mode              = 'NO_ENGINE_SUBSTITUTION' */ ;
DELIMITER ;;
CREATE DEFINER=`root`@`localhost` PROCEDURE `getStudentNameByGradeLevelId`(IN pIN_gradeLevelId INT)
BEGIN
	
    SELECT firstname, middlename, lastname FROM registration_mt
    WHERE gradelevel_id = pIN_gradeLevelId;
    
END ;;
DELIMITER ;
/*!50003 SET sql_mode              = @saved_sql_mode */ ;
/*!50003 SET character_set_client  = @saved_cs_client */ ;
/*!50003 SET character_set_results = @saved_cs_results */ ;
/*!50003 SET collation_connection  = @saved_col_connection */ ;
/*!50003 DROP PROCEDURE IF EXISTS `getStudentPaymentTerm` */;
/*!50003 SET @saved_cs_client      = @@character_set_client */ ;
/*!50003 SET @saved_cs_results     = @@character_set_results */ ;
/*!50003 SET @saved_col_connection = @@collation_connection */ ;
/*!50003 SET character_set_client  = utf8 */ ;
/*!50003 SET character_set_results = utf8 */ ;
/*!50003 SET collation_connection  = utf8_general_ci */ ;
/*!50003 SET @saved_sql_mode       = @@sql_mode */ ;
/*!50003 SET sql_mode              = 'NO_ENGINE_SUBSTITUTION' */ ;
DELIMITER ;;
CREATE DEFINER=`root`@`localhost` PROCEDURE `getStudentPaymentTerm`(aStudentId INT, aSchoolYearId INT)
BEGIN

SELECT pt.* FROM paymentterm_mt pt
INNER JOIN student_paymentterm_lt spl 
ON pt.paymentterm_id = spl.paymentterm_id
WHERE spl.student_id = aStudentId
AND spl.schoolyear_id = aSchoolYearId;

END ;;
DELIMITER ;
/*!50003 SET sql_mode              = @saved_sql_mode */ ;
/*!50003 SET character_set_client  = @saved_cs_client */ ;
/*!50003 SET character_set_results = @saved_cs_results */ ;
/*!50003 SET collation_connection  = @saved_col_connection */ ;
/*!50003 DROP PROCEDURE IF EXISTS `getStudentRecordById` */;
/*!50003 SET @saved_cs_client      = @@character_set_client */ ;
/*!50003 SET @saved_cs_results     = @@character_set_results */ ;
/*!50003 SET @saved_col_connection = @@collation_connection */ ;
/*!50003 SET character_set_client  = utf8 */ ;
/*!50003 SET character_set_results = utf8 */ ;
/*!50003 SET collation_connection  = utf8_general_ci */ ;
/*!50003 SET @saved_sql_mode       = @@sql_mode */ ;
/*!50003 SET sql_mode              = 'NO_ENGINE_SUBSTITUTION' */ ;
DELIMITER ;;
CREATE DEFINER=`root`@`localhost` PROCEDURE `getStudentRecordById`(aStudentId INT)
BEGIN

SELECT 
s.*, r.*,a.*,
sy.schoolyear_id,
sy.yearFrom , sy.yearTo,

r.student_type AS registeredStudentType,

CASE 
WHEN s.student_type = 1
THEN NULL
WHEN s.student_type = 0
THEN sslt.passed
END AS aPassed,

s.student_type AS studentType,

gl.grade_level AS registeredGradeLevel,
gl.grade_level AS admissionGradeLevel,

CASE 
WHEN s.student_type=1 THEN NULL
WHEN s.student_type=0 THEN gla.grade_level 
END AS last_gradelevel_enrolled,

CASE
WHEN s.student_type=1 THEN NULL
WHEN s.student_type=0 THEN sslt.passed 
END AS has_passed_last_gradelevel,

CASE 
WHEN s.student_type = 1 THEN NULL
WHEN s.student_type = 0 THEN sslt.schoolyear_id
END AS last_gradelevel_enrolled_schoolyear_id,

CASE 
WHEN s.student_type = 1 THEN NULL
WHEN s.student_type = 0 THEN sya.yearFrom 
END AS last_gradelevel_enrolled_schoolyear_yearFrom,

CASE 
WHEN s.student_type = 1 THEN NULL
WHEN s.student_type = 0 THEN sya.yearTo
END AS last_gradelevel_enrolled_schoolyear_yearTo,

CASE 
WHEN s.student_type = 1 THEN NULL 
WHEN s.student_type = 0 AND sslt.passed = 0 THEN NULL 
WHEN s.student_type = 0 AND s.isActive = 1 THEN NULL 
WHEN s.student_type = 0 AND sslt.passed = 1 AND s.isActive =0 THEN gla.grade_level+1
END AS promotedGradeLevel,

CASE
WHEN s.student_type = 1 THEN gl.grade_level 
WHEN s.student_type = 0 AND s.isActive = 1 THEN gla.grade_level+1
WHEN s.student_type = 0 AND s.isActive = 0 THEN gla.grade_level
END AS presentGradeLevel

FROM registration_mt r 
INNER JOIN schoolyear_mt sy ON r.schoolyear_id = sy.schoolyear_id
INNER JOIN gradelevel_mt gl ON r.gradelevel_id = gl.gradelevel_id

INNER JOIN admission_mt a ON r.registration_id = a.registration_id
INNER JOIN student_mt s ON  a.registration_id = s.registration_id

LEFT OUTER JOIN schoolyear_student_lt sslt ON s.student_id = sslt.student_id
LEFT OUTER JOIN schoolyear_mt sya ON sslt.schoolyear_id = sya.schoolyear_id
LEFT OUTER JOIN gradelevel_mt gla ON sslt.gradelevel_id = gla.gradelevel_id

INNER JOIN 
(SELECT gl.grade_level 
	FROM registration_mt r 
	INNER JOIN gradelevel_mt gl 
	ON r.gradelevel_id = gl.gradelevel_id
	ORDER BY r.gradelevel_id ASC LIMIT 1) 
		AS registration_gradelevel_selected

WHERE s.student_id = aStudentId
ORDER BY sya.yearFrom DESC, sya.yearTo DESC, gla.grade_level DESC
LIMIT 1;



END ;;
DELIMITER ;
/*!50003 SET sql_mode              = @saved_sql_mode */ ;
/*!50003 SET character_set_client  = @saved_cs_client */ ;
/*!50003 SET character_set_results = @saved_cs_results */ ;
/*!50003 SET collation_connection  = @saved_col_connection */ ;
/*!50003 DROP PROCEDURE IF EXISTS `getStudentsBySchoolYear` */;
/*!50003 SET @saved_cs_client      = @@character_set_client */ ;
/*!50003 SET @saved_cs_results     = @@character_set_results */ ;
/*!50003 SET @saved_col_connection = @@collation_connection */ ;
/*!50003 SET character_set_client  = utf8 */ ;
/*!50003 SET character_set_results = utf8 */ ;
/*!50003 SET collation_connection  = utf8_general_ci */ ;
/*!50003 SET @saved_sql_mode       = @@sql_mode */ ;
/*!50003 SET sql_mode              = 'NO_ENGINE_SUBSTITUTION' */ ;
DELIMITER ;;
CREATE DEFINER=`root`@`localhost` PROCEDURE `getStudentsBySchoolYear`(IN aSchoolYearId INT)
BEGIN

SELECT a.admission_id, a.isComplete, a.completion_date,
r.*,s.student_id,s.entry_date,s.isGraduated, s.date_graduated, s.isActive,
gl.grade_level AS gradelevel_enrolled,
sslt.schoolyear_id AS schoolyear_id_enrolled, 
sy.YearFrom AS schoolyear_enrolled_yearfrom,
sy.YearTo AS schoolyear_enrolled_yearto

FROM admission_mt a 
INNER JOIN registration_mt r ON a.registration_id = r.registration_id
INNER JOIN student_mt s ON s.registration_id = r.registration_id
INNER JOIN schoolyear_student_lt sslt ON s.student_id = sslt.student_id
INNER JOIN gradelevel_mt gl ON sslt.gradelevel_id = gl.gradelevel_id
INNER JOIN schoolyear_mt sy ON sslt.schoolyear_id = sy.schoolyear_id 

WHERE 
sslt.schoolyear_id = aSchoolYearId;

END ;;
DELIMITER ;
/*!50003 SET sql_mode              = @saved_sql_mode */ ;
/*!50003 SET character_set_client  = @saved_cs_client */ ;
/*!50003 SET character_set_results = @saved_cs_results */ ;
/*!50003 SET collation_connection  = @saved_col_connection */ ;
/*!50003 DROP PROCEDURE IF EXISTS `getStudentsBySchoolYearAndStatus` */;
/*!50003 SET @saved_cs_client      = @@character_set_client */ ;
/*!50003 SET @saved_cs_results     = @@character_set_results */ ;
/*!50003 SET @saved_col_connection = @@collation_connection */ ;
/*!50003 SET character_set_client  = utf8 */ ;
/*!50003 SET character_set_results = utf8 */ ;
/*!50003 SET collation_connection  = utf8_general_ci */ ;
/*!50003 SET @saved_sql_mode       = @@sql_mode */ ;
/*!50003 SET sql_mode              = 'NO_ENGINE_SUBSTITUTION' */ ;
DELIMITER ;;
CREATE DEFINER=`root`@`localhost` PROCEDURE `getStudentsBySchoolYearAndStatus`(IN aSchoolYearId INT, IN aIsActiveStatus INT)
BEGIN

SELECT 
r.*,s.*,a.*

FROM registration_mt r
INNER JOIN admission_mt a ON r.registration_id = a.registration_id
INNER JOIN student_mt s ON a.registration_id = s.registration_id
INNER JOIN gradelevel_mt gl ON r.gradelevel_id = gl.gradelevel_id
INNER JOIN schoolyear_mt sy ON r.schoolyear_id = sy.schoolyear_id

LEFT OUTER JOIN schoolyear_student_lt sslt ON s.student_id = sslt.student_id
LEFT OUTER JOIN gradelevel_mt gla ON sslt.gradelevel_id = gla.gradelevel_id
LEFT OUTER JOIN schoolyear_mt sya ON sslt.schoolyear_id = sya.schoolyear_id

WHERE 
s.isActive = aIsActiveStatus
AND
sslt.schoolyear_id = aSchoolYearId
GROUP BY r.registration_id ;


END ;;
DELIMITER ;
/*!50003 SET sql_mode              = @saved_sql_mode */ ;
/*!50003 SET character_set_client  = @saved_cs_client */ ;
/*!50003 SET character_set_results = @saved_cs_results */ ;
/*!50003 SET collation_connection  = @saved_col_connection */ ;
/*!50003 DROP PROCEDURE IF EXISTS `getSubjectId` */;
/*!50003 SET @saved_cs_client      = @@character_set_client */ ;
/*!50003 SET @saved_cs_results     = @@character_set_results */ ;
/*!50003 SET @saved_col_connection = @@collation_connection */ ;
/*!50003 SET character_set_client  = utf8 */ ;
/*!50003 SET character_set_results = utf8 */ ;
/*!50003 SET collation_connection  = utf8_general_ci */ ;
/*!50003 SET @saved_sql_mode       = @@sql_mode */ ;
/*!50003 SET sql_mode              = 'NO_ENGINE_SUBSTITUTION' */ ;
DELIMITER ;;
CREATE DEFINER=`root`@`localhost` PROCEDURE `getSubjectId`(IN p_subjectCode VARCHAR(20))
BEGIN
	SELECT s.subject_id FROM subjects s
    WHERE s.`code` = p_subjectCode;
END ;;
DELIMITER ;
/*!50003 SET sql_mode              = @saved_sql_mode */ ;
/*!50003 SET character_set_client  = @saved_cs_client */ ;
/*!50003 SET character_set_results = @saved_cs_results */ ;
/*!50003 SET collation_connection  = @saved_col_connection */ ;
/*!50003 DROP PROCEDURE IF EXISTS `getSubjectIdByCode` */;
/*!50003 SET @saved_cs_client      = @@character_set_client */ ;
/*!50003 SET @saved_cs_results     = @@character_set_results */ ;
/*!50003 SET @saved_col_connection = @@collation_connection */ ;
/*!50003 SET character_set_client  = utf8 */ ;
/*!50003 SET character_set_results = utf8 */ ;
/*!50003 SET collation_connection  = utf8_general_ci */ ;
/*!50003 SET @saved_sql_mode       = @@sql_mode */ ;
/*!50003 SET sql_mode              = 'NO_ENGINE_SUBSTITUTION' */ ;
DELIMITER ;;
CREATE DEFINER=`root`@`localhost` PROCEDURE `getSubjectIdByCode`(IN p_subjectCode VARCHAR(20))
BEGIN
	SELECT s.subject_id FROM subject_mt s
    WHERE s.`code` = p_subjectCode;
END ;;
DELIMITER ;
/*!50003 SET sql_mode              = @saved_sql_mode */ ;
/*!50003 SET character_set_client  = @saved_cs_client */ ;
/*!50003 SET character_set_results = @saved_cs_results */ ;
/*!50003 SET collation_connection  = @saved_col_connection */ ;
/*!50003 DROP PROCEDURE IF EXISTS `getSubjectIdByName` */;
/*!50003 SET @saved_cs_client      = @@character_set_client */ ;
/*!50003 SET @saved_cs_results     = @@character_set_results */ ;
/*!50003 SET @saved_col_connection = @@collation_connection */ ;
/*!50003 SET character_set_client  = utf8 */ ;
/*!50003 SET character_set_results = utf8 */ ;
/*!50003 SET collation_connection  = utf8_general_ci */ ;
/*!50003 SET @saved_sql_mode       = @@sql_mode */ ;
/*!50003 SET sql_mode              = 'NO_ENGINE_SUBSTITUTION' */ ;
DELIMITER ;;
CREATE DEFINER=`root`@`localhost` PROCEDURE `getSubjectIdByName`(IN aSubjectName VARCHAR(255))
BEGIN
SELECT s.subject_id FROM subject_mt s WHERE 
title = aSubjectName;
	
END ;;
DELIMITER ;
/*!50003 SET sql_mode              = @saved_sql_mode */ ;
/*!50003 SET character_set_client  = @saved_cs_client */ ;
/*!50003 SET character_set_results = @saved_cs_results */ ;
/*!50003 SET collation_connection  = @saved_col_connection */ ;
/*!50003 DROP PROCEDURE IF EXISTS `getSubjectsByGradeLevel` */;
/*!50003 SET @saved_cs_client      = @@character_set_client */ ;
/*!50003 SET @saved_cs_results     = @@character_set_results */ ;
/*!50003 SET @saved_col_connection = @@collation_connection */ ;
/*!50003 SET character_set_client  = utf8 */ ;
/*!50003 SET character_set_results = utf8 */ ;
/*!50003 SET collation_connection  = utf8_general_ci */ ;
/*!50003 SET @saved_sql_mode       = @@sql_mode */ ;
/*!50003 SET sql_mode              = 'NO_ENGINE_SUBSTITUTION' */ ;
DELIMITER ;;
CREATE DEFINER=`root`@`localhost` PROCEDURE `getSubjectsByGradeLevel`(IN p_gradeLevelId INT)
BEGIN

SELECT 
s.`code`, 
s.`name`, 
s.units, 
s.description,
gl.`level` 
 
FROM 		subjects 				s 
INNER JOIN 	subjects_gradelevel 	sgl 	ON s.subjects_id = sgl.subjectId
INNER JOIN	gradelevel 				gl	 	ON sgl.gradeLevelId = gl.gradelevel_id

WHERE sgl.gradeLevelId = p_gradeLevelId;



END ;;
DELIMITER ;
/*!50003 SET sql_mode              = @saved_sql_mode */ ;
/*!50003 SET character_set_client  = @saved_cs_client */ ;
/*!50003 SET character_set_results = @saved_cs_results */ ;
/*!50003 SET collation_connection  = @saved_col_connection */ ;
/*!50003 DROP PROCEDURE IF EXISTS `getSumOfFeeByGradeLevel` */;
/*!50003 SET @saved_cs_client      = @@character_set_client */ ;
/*!50003 SET @saved_cs_results     = @@character_set_results */ ;
/*!50003 SET @saved_col_connection = @@collation_connection */ ;
/*!50003 SET character_set_client  = utf8 */ ;
/*!50003 SET character_set_results = utf8 */ ;
/*!50003 SET collation_connection  = utf8_general_ci */ ;
/*!50003 SET @saved_sql_mode       = @@sql_mode */ ;
/*!50003 SET sql_mode              = 'NO_ENGINE_SUBSTITUTION' */ ;
DELIMITER ;;
CREATE DEFINER=`root`@`localhost` PROCEDURE `getSumOfFeeByGradeLevel`(aGradeLevelId INT)
BEGIN
select sum(fee_amount) as sumOfFees from fee_schoolyear_lt WHERE gradelevel_id = aGradeLevelId
AND isActive = 1;

END ;;
DELIMITER ;
/*!50003 SET sql_mode              = @saved_sql_mode */ ;
/*!50003 SET character_set_client  = @saved_cs_client */ ;
/*!50003 SET character_set_results = @saved_cs_results */ ;
/*!50003 SET collation_connection  = @saved_col_connection */ ;
/*!50003 DROP PROCEDURE IF EXISTS `getSumOfFees` */;
/*!50003 SET @saved_cs_client      = @@character_set_client */ ;
/*!50003 SET @saved_cs_results     = @@character_set_results */ ;
/*!50003 SET @saved_col_connection = @@collation_connection */ ;
/*!50003 SET character_set_client  = utf8 */ ;
/*!50003 SET character_set_results = utf8 */ ;
/*!50003 SET collation_connection  = utf8_general_ci */ ;
/*!50003 SET @saved_sql_mode       = @@sql_mode */ ;
/*!50003 SET sql_mode              = 'NO_ENGINE_SUBSTITUTION' */ ;
DELIMITER ;;
CREATE DEFINER=`root`@`localhost` PROCEDURE `getSumOfFees`(aGradeLevelId INT, aSchoolYearId INT)
BEGIN
	SELECT SUM(f.amount) AS sumOFFees FROM
    fee_schoolyear fs INNER JOIN fee f ON fs.fee_id = f.id
    INNER JOIN fee_gradelevel fg ON f.id = fg.fee_id
    WHERE fg.gradelevel_id = aGradeLevelId
    AND fs.schoolyear_id = aSchoolYearId;
    
END ;;
DELIMITER ;
/*!50003 SET sql_mode              = @saved_sql_mode */ ;
/*!50003 SET character_set_client  = @saved_cs_client */ ;
/*!50003 SET character_set_results = @saved_cs_results */ ;
/*!50003 SET collation_connection  = @saved_col_connection */ ;
/*!50003 DROP PROCEDURE IF EXISTS `getSumOfMiscellaneousFeesByGradeLevelId` */;
/*!50003 SET @saved_cs_client      = @@character_set_client */ ;
/*!50003 SET @saved_cs_results     = @@character_set_results */ ;
/*!50003 SET @saved_col_connection = @@collation_connection */ ;
/*!50003 SET character_set_client  = utf8 */ ;
/*!50003 SET character_set_results = utf8 */ ;
/*!50003 SET collation_connection  = utf8_general_ci */ ;
/*!50003 SET @saved_sql_mode       = @@sql_mode */ ;
/*!50003 SET sql_mode              = 'NO_ENGINE_SUBSTITUTION' */ ;
DELIMITER ;;
CREATE DEFINER=`root`@`localhost` PROCEDURE `getSumOfMiscellaneousFeesByGradeLevelId`(aGradeLevelId INT)
BEGIN

SELECT SUM(fee_amount) AS sumOfMiscellaneousFees FROM fee_schoolyear_lt fslt
INNER JOIN fee_mt f ON fslt.fee_id = f.fee_id
INNER JOIN fee_category_mt fct ON f.fee_category_id = fct.fee_category_id
WHERE fct.fee_category = 'Miscellaneous'
AND fslt.gradelevel_id = aGradeLevelId;

END ;;
DELIMITER ;
/*!50003 SET sql_mode              = @saved_sql_mode */ ;
/*!50003 SET character_set_client  = @saved_cs_client */ ;
/*!50003 SET character_set_results = @saved_cs_results */ ;
/*!50003 SET collation_connection  = @saved_col_connection */ ;
/*!50003 DROP PROCEDURE IF EXISTS `getSumOfOtherFeesByGradeLevelId` */;
/*!50003 SET @saved_cs_client      = @@character_set_client */ ;
/*!50003 SET @saved_cs_results     = @@character_set_results */ ;
/*!50003 SET @saved_col_connection = @@collation_connection */ ;
/*!50003 SET character_set_client  = utf8 */ ;
/*!50003 SET character_set_results = utf8 */ ;
/*!50003 SET collation_connection  = utf8_general_ci */ ;
/*!50003 SET @saved_sql_mode       = @@sql_mode */ ;
/*!50003 SET sql_mode              = 'NO_ENGINE_SUBSTITUTION' */ ;
DELIMITER ;;
CREATE DEFINER=`root`@`localhost` PROCEDURE `getSumOfOtherFeesByGradeLevelId`(aGradeLevelId INT)
BEGIN

SELECT SUM(fee_amount) AS sumOfOtherFees FROM fee_schoolyear_lt fslt
INNER JOIN fee_mt f ON fslt.fee_id = f.fee_id
INNER JOIN fee_category_mt fct ON f.fee_category_id = fct.fee_category_id
WHERE fct.fee_category = 'Others'
AND fslt.gradelevel_id = aGradeLevelId;

END ;;
DELIMITER ;
/*!50003 SET sql_mode              = @saved_sql_mode */ ;
/*!50003 SET character_set_client  = @saved_cs_client */ ;
/*!50003 SET character_set_results = @saved_cs_results */ ;
/*!50003 SET collation_connection  = @saved_col_connection */ ;
/*!50003 DROP PROCEDURE IF EXISTS `getSumOfTuitionFeesByGradeLevelId` */;
/*!50003 SET @saved_cs_client      = @@character_set_client */ ;
/*!50003 SET @saved_cs_results     = @@character_set_results */ ;
/*!50003 SET @saved_col_connection = @@collation_connection */ ;
/*!50003 SET character_set_client  = utf8 */ ;
/*!50003 SET character_set_results = utf8 */ ;
/*!50003 SET collation_connection  = utf8_general_ci */ ;
/*!50003 SET @saved_sql_mode       = @@sql_mode */ ;
/*!50003 SET sql_mode              = 'NO_ENGINE_SUBSTITUTION' */ ;
DELIMITER ;;
CREATE DEFINER=`root`@`localhost` PROCEDURE `getSumOfTuitionFeesByGradeLevelId`(aGradeLevelId INT)
BEGIN

SELECT SUM(fee_amount) AS sumOfTuitionFee FROM fee_schoolyear_lt fslt
INNER JOIN fee_mt f ON fslt.fee_id = f.fee_id
INNER JOIN fee_category_mt fct ON f.fee_category_id = fct.fee_category_id
WHERE fct.fee_category = 'Tuition'
AND fslt.gradelevel_id = aGradeLevelId;

END ;;
DELIMITER ;
/*!50003 SET sql_mode              = @saved_sql_mode */ ;
/*!50003 SET character_set_client  = @saved_cs_client */ ;
/*!50003 SET character_set_results = @saved_cs_results */ ;
/*!50003 SET collation_connection  = @saved_col_connection */ ;
/*!50003 DROP PROCEDURE IF EXISTS `getTuitionFee` */;
/*!50003 SET @saved_cs_client      = @@character_set_client */ ;
/*!50003 SET @saved_cs_results     = @@character_set_results */ ;
/*!50003 SET @saved_col_connection = @@collation_connection */ ;
/*!50003 SET character_set_client  = utf8 */ ;
/*!50003 SET character_set_results = utf8 */ ;
/*!50003 SET collation_connection  = utf8_general_ci */ ;
/*!50003 SET @saved_sql_mode       = @@sql_mode */ ;
/*!50003 SET sql_mode              = 'NO_ENGINE_SUBSTITUTION' */ ;
DELIMITER ;;
CREATE DEFINER=`root`@`localhost` PROCEDURE `getTuitionFee`(aStudentId INT, aSchoolYearId INT)
BEGIN

SELECT 
tf.student_id, tf.schoolyear_id,tf.date_assigned,
bbf.*,
sy.*,
s.registration_id,s.entry_date,s.isActive,s.isGraduated,s.student_type,
p.payment_id, p.amount_tendered, p.date_of_payment,

CASE WHEN bbf.amount - sum(p.amount_tendered) >= 0
		THEN bbf.amount - sum(p.amount_tendered)
	 WHEN bbf.amount - sum(p.amount_tendered) < 0
		THEN 0.00
	ELSE bbf.amount
END AS balance,

CASE WHEN bbf.amount - sum(p.amount_tendered) <= 0
		THEN TRUE
	 WHEN bbf.amount - sum(p.amount_tendered) > 0
		THEN FALSE
	ELSE FALSE
END AS isPaid

FROM tuition_fee tf
LEFT JOIN payment p 
ON tf.balance_breakdown_fee_id = p.balance_breakdown_fee_id
INNER JOIN balance_breakdown_fee bbf 
ON tf.balance_breakdown_fee_id = bbf.balance_breakdown_fee_id
INNER JOIN schoolyear_mt sy 
ON tf.schoolyear_id = sy.schoolyear_id
INNER JOIN student_mt s ON tf.student_id = s.student_id
WHERE tf.student_id = aStudentId
AND tf.schoolyear_id = aSchoolYearId
GROUP BY bbf.balance_breakdown_fee_id;


END ;;
DELIMITER ;
/*!50003 SET sql_mode              = @saved_sql_mode */ ;
/*!50003 SET character_set_client  = @saved_cs_client */ ;
/*!50003 SET character_set_results = @saved_cs_results */ ;
/*!50003 SET collation_connection  = @saved_col_connection */ ;
/*!50003 DROP PROCEDURE IF EXISTS `getTuitionFeeSum` */;
/*!50003 SET @saved_cs_client      = @@character_set_client */ ;
/*!50003 SET @saved_cs_results     = @@character_set_results */ ;
/*!50003 SET @saved_col_connection = @@collation_connection */ ;
/*!50003 SET character_set_client  = utf8 */ ;
/*!50003 SET character_set_results = utf8 */ ;
/*!50003 SET collation_connection  = utf8_general_ci */ ;
/*!50003 SET @saved_sql_mode       = @@sql_mode */ ;
/*!50003 SET sql_mode              = 'NO_ENGINE_SUBSTITUTION' */ ;
DELIMITER ;;
CREATE DEFINER=`root`@`localhost` PROCEDURE `getTuitionFeeSum`(aStudentId INT, aSchoolYearId INT)
BEGIN
	SELECT SUM(bbf.amount) AS tuitionFeeSum FROM tuition_fee tf
	INNER JOIN balance_breakdown_fee bbf ON tf.balance_breakdown_fee_id = bbf.balance_breakdown_fee_id
	WHERE student_id = aStudentId AND
	schoolyear_id = aSchoolYearId;
END ;;
DELIMITER ;
/*!50003 SET sql_mode              = @saved_sql_mode */ ;
/*!50003 SET character_set_client  = @saved_cs_client */ ;
/*!50003 SET character_set_results = @saved_cs_results */ ;
/*!50003 SET collation_connection  = @saved_col_connection */ ;
/*!50003 DROP PROCEDURE IF EXISTS `getTuitionFeeTotalPaid` */;
/*!50003 SET @saved_cs_client      = @@character_set_client */ ;
/*!50003 SET @saved_cs_results     = @@character_set_results */ ;
/*!50003 SET @saved_col_connection = @@collation_connection */ ;
/*!50003 SET character_set_client  = utf8 */ ;
/*!50003 SET character_set_results = utf8 */ ;
/*!50003 SET collation_connection  = utf8_general_ci */ ;
/*!50003 SET @saved_sql_mode       = @@sql_mode */ ;
/*!50003 SET sql_mode              = 'NO_ENGINE_SUBSTITUTION' */ ;
DELIMITER ;;
CREATE DEFINER=`root`@`localhost` PROCEDURE `getTuitionFeeTotalPaid`(aStudentId INT, aSchoolYearId INT)
BEGIN

SELECT SUM(p.amount_tendered) AS totalTuitionPaid
FROM payment p
INNER JOIN balance_breakdown_fee bbf 
ON p.balance_breakdown_fee_id = bbf.balance_breakdown_fee_id
INNER JOIN tuition_fee tf 
ON bbf.balance_breakdown_fee_id = tf.balance_breakdown_fee_id
WHERE tf.student_id = aStudentId
AND tf.schoolyear_id = aSchoolYearId; 

END ;;
DELIMITER ;
/*!50003 SET sql_mode              = @saved_sql_mode */ ;
/*!50003 SET character_set_client  = @saved_cs_client */ ;
/*!50003 SET character_set_results = @saved_cs_results */ ;
/*!50003 SET collation_connection  = @saved_col_connection */ ;
/*!50003 DROP PROCEDURE IF EXISTS `getUserById` */;
/*!50003 SET @saved_cs_client      = @@character_set_client */ ;
/*!50003 SET @saved_cs_results     = @@character_set_results */ ;
/*!50003 SET @saved_col_connection = @@collation_connection */ ;
/*!50003 SET character_set_client  = utf8 */ ;
/*!50003 SET character_set_results = utf8 */ ;
/*!50003 SET collation_connection  = utf8_general_ci */ ;
/*!50003 SET @saved_sql_mode       = @@sql_mode */ ;
/*!50003 SET sql_mode              = 'NO_ENGINE_SUBSTITUTION' */ ;
DELIMITER ;;
CREATE DEFINER=`root`@`localhost` PROCEDURE `getUserById`(aUserId INT)
BEGIN

SELECT * FROM user_mt WHERE user_id = aUserId;

END ;;
DELIMITER ;
/*!50003 SET sql_mode              = @saved_sql_mode */ ;
/*!50003 SET character_set_client  = @saved_cs_client */ ;
/*!50003 SET character_set_results = @saved_cs_results */ ;
/*!50003 SET collation_connection  = @saved_col_connection */ ;
/*!50003 DROP PROCEDURE IF EXISTS `getUserCompleteName` */;
/*!50003 SET @saved_cs_client      = @@character_set_client */ ;
/*!50003 SET @saved_cs_results     = @@character_set_results */ ;
/*!50003 SET @saved_col_connection = @@collation_connection */ ;
/*!50003 SET character_set_client  = utf8 */ ;
/*!50003 SET character_set_results = utf8 */ ;
/*!50003 SET collation_connection  = utf8_general_ci */ ;
/*!50003 SET @saved_sql_mode       = @@sql_mode */ ;
/*!50003 SET sql_mode              = 'NO_ENGINE_SUBSTITUTION' */ ;
DELIMITER ;;
CREATE DEFINER=`root`@`localhost` PROCEDURE `getUserCompleteName`(aUserName VARCHAR(20))
BEGIN
 SELECT CONCAT(u.firstname,' ',u.lastname) AS completeName
 FROM user_mt u WHERE u.username = aUserName;
END ;;
DELIMITER ;
/*!50003 SET sql_mode              = @saved_sql_mode */ ;
/*!50003 SET character_set_client  = @saved_cs_client */ ;
/*!50003 SET character_set_results = @saved_cs_results */ ;
/*!50003 SET collation_connection  = @saved_col_connection */ ;
/*!50003 DROP PROCEDURE IF EXISTS `getUserId` */;
/*!50003 SET @saved_cs_client      = @@character_set_client */ ;
/*!50003 SET @saved_cs_results     = @@character_set_results */ ;
/*!50003 SET @saved_col_connection = @@collation_connection */ ;
/*!50003 SET character_set_client  = utf8 */ ;
/*!50003 SET character_set_results = utf8 */ ;
/*!50003 SET collation_connection  = utf8_general_ci */ ;
/*!50003 SET @saved_sql_mode       = @@sql_mode */ ;
/*!50003 SET sql_mode              = 'NO_ENGINE_SUBSTITUTION' */ ;
DELIMITER ;;
CREATE DEFINER=`root`@`localhost` PROCEDURE `getUserId`(IN p_userName VARCHAR(10))
BEGIN
	SELECT id FROM user_mt WHERE username = p_userName;
END ;;
DELIMITER ;
/*!50003 SET sql_mode              = @saved_sql_mode */ ;
/*!50003 SET character_set_client  = @saved_cs_client */ ;
/*!50003 SET character_set_results = @saved_cs_results */ ;
/*!50003 SET collation_connection  = @saved_col_connection */ ;
/*!50003 DROP PROCEDURE IF EXISTS `getUserIdByUserName` */;
/*!50003 SET @saved_cs_client      = @@character_set_client */ ;
/*!50003 SET @saved_cs_results     = @@character_set_results */ ;
/*!50003 SET @saved_col_connection = @@collation_connection */ ;
/*!50003 SET character_set_client  = utf8 */ ;
/*!50003 SET character_set_results = utf8 */ ;
/*!50003 SET collation_connection  = utf8_general_ci */ ;
/*!50003 SET @saved_sql_mode       = @@sql_mode */ ;
/*!50003 SET sql_mode              = 'NO_ENGINE_SUBSTITUTION' */ ;
DELIMITER ;;
CREATE DEFINER=`root`@`localhost` PROCEDURE `getUserIdByUserName`(aUserName VARCHAR(255))
BEGIN
SELECT user_id FROM user_mt WHERE username = aUserName;

END ;;
DELIMITER ;
/*!50003 SET sql_mode              = @saved_sql_mode */ ;
/*!50003 SET character_set_client  = @saved_cs_client */ ;
/*!50003 SET character_set_results = @saved_cs_results */ ;
/*!50003 SET collation_connection  = @saved_col_connection */ ;
/*!50003 DROP PROCEDURE IF EXISTS `getUserLastLogin` */;
/*!50003 SET @saved_cs_client      = @@character_set_client */ ;
/*!50003 SET @saved_cs_results     = @@character_set_results */ ;
/*!50003 SET @saved_col_connection = @@collation_connection */ ;
/*!50003 SET character_set_client  = utf8 */ ;
/*!50003 SET character_set_results = utf8 */ ;
/*!50003 SET collation_connection  = utf8_general_ci */ ;
/*!50003 SET @saved_sql_mode       = @@sql_mode */ ;
/*!50003 SET sql_mode              = 'NO_ENGINE_SUBSTITUTION' */ ;
DELIMITER ;;
CREATE DEFINER=`root`@`localhost` PROCEDURE `getUserLastLogin`(IN p_username varchar(50))
BEGIN
	SELECT lastLoginDate FROM users WHERE username = p_username;
END ;;
DELIMITER ;
/*!50003 SET sql_mode              = @saved_sql_mode */ ;
/*!50003 SET character_set_client  = @saved_cs_client */ ;
/*!50003 SET character_set_results = @saved_cs_results */ ;
/*!50003 SET collation_connection  = @saved_col_connection */ ;
/*!50003 DROP PROCEDURE IF EXISTS `getUsernameByLastName` */;
/*!50003 SET @saved_cs_client      = @@character_set_client */ ;
/*!50003 SET @saved_cs_results     = @@character_set_results */ ;
/*!50003 SET @saved_col_connection = @@collation_connection */ ;
/*!50003 SET character_set_client  = utf8 */ ;
/*!50003 SET character_set_results = utf8 */ ;
/*!50003 SET collation_connection  = utf8_general_ci */ ;
/*!50003 SET @saved_sql_mode       = @@sql_mode */ ;
/*!50003 SET sql_mode              = 'NO_ENGINE_SUBSTITUTION' */ ;
DELIMITER ;;
CREATE DEFINER=`root`@`localhost` PROCEDURE `getUsernameByLastName`(IN p_lastName varchar(50))
BEGIN
	select username from users where lastname = lower(p_lastname);
END ;;
DELIMITER ;
/*!50003 SET sql_mode              = @saved_sql_mode */ ;
/*!50003 SET character_set_client  = @saved_cs_client */ ;
/*!50003 SET character_set_results = @saved_cs_results */ ;
/*!50003 SET collation_connection  = @saved_col_connection */ ;
/*!50003 DROP PROCEDURE IF EXISTS `hasTuitionFeeDiscount` */;
/*!50003 SET @saved_cs_client      = @@character_set_client */ ;
/*!50003 SET @saved_cs_results     = @@character_set_results */ ;
/*!50003 SET @saved_col_connection = @@collation_connection */ ;
/*!50003 SET character_set_client  = utf8 */ ;
/*!50003 SET character_set_results = utf8 */ ;
/*!50003 SET collation_connection  = utf8_general_ci */ ;
/*!50003 SET @saved_sql_mode       = @@sql_mode */ ;
/*!50003 SET sql_mode              = 'NO_ENGINE_SUBSTITUTION' */ ;
DELIMITER ;;
CREATE DEFINER=`root`@`localhost` PROCEDURE `hasTuitionFeeDiscount`(aStudentId INT, aSchoolYearId INT)
BEGIN

SELECT 
CASE WHEN COUNT(*) > 0
	THEN TRUE 
    ELSE FALSE
		END AS hasDiscount
FROM student_discount_lt
WHERE student_id = aStudentId
AND schoolyear_id = aSchoolYearId;

END ;;
DELIMITER ;
/*!50003 SET sql_mode              = @saved_sql_mode */ ;
/*!50003 SET character_set_client  = @saved_cs_client */ ;
/*!50003 SET character_set_results = @saved_cs_results */ ;
/*!50003 SET collation_connection  = @saved_col_connection */ ;
/*!50003 DROP PROCEDURE IF EXISTS `isAlreadyEnrolledInCurrentSchoolYear` */;
/*!50003 SET @saved_cs_client      = @@character_set_client */ ;
/*!50003 SET @saved_cs_results     = @@character_set_results */ ;
/*!50003 SET @saved_col_connection = @@collation_connection */ ;
/*!50003 SET character_set_client  = utf8 */ ;
/*!50003 SET character_set_results = utf8 */ ;
/*!50003 SET collation_connection  = utf8_general_ci */ ;
/*!50003 SET @saved_sql_mode       = @@sql_mode */ ;
/*!50003 SET sql_mode              = 'NO_ENGINE_SUBSTITUTION' */ ;
DELIMITER ;;
CREATE DEFINER=`root`@`localhost` PROCEDURE `isAlreadyEnrolledInCurrentSchoolYear`(aStudentId INT, aCurrentSchoolYearId INT)
BEGIN

SELECT * FROM schoolyear_student_lt 
WHERE student_id = aStudentId
AND schoolyear_id = aCurrentSchoolYearId; 

END ;;
DELIMITER ;
/*!50003 SET sql_mode              = @saved_sql_mode */ ;
/*!50003 SET character_set_client  = @saved_cs_client */ ;
/*!50003 SET character_set_results = @saved_cs_results */ ;
/*!50003 SET collation_connection  = @saved_col_connection */ ;
/*!50003 DROP PROCEDURE IF EXISTS `isAlreadyStudent` */;
/*!50003 SET @saved_cs_client      = @@character_set_client */ ;
/*!50003 SET @saved_cs_results     = @@character_set_results */ ;
/*!50003 SET @saved_col_connection = @@collation_connection */ ;
/*!50003 SET character_set_client  = utf8 */ ;
/*!50003 SET character_set_results = utf8 */ ;
/*!50003 SET collation_connection  = utf8_general_ci */ ;
/*!50003 SET @saved_sql_mode       = @@sql_mode */ ;
/*!50003 SET sql_mode              = 'NO_ENGINE_SUBSTITUTION' */ ;
DELIMITER ;;
CREATE DEFINER=`root`@`localhost` PROCEDURE `isAlreadyStudent`(aLastName VARCHAR(255), aFirstName VARCHAR(255), aMiddleName VARCHAR(255), aDateOfBirth DATE)
BEGIN
	SELECT * FROM students WHERE
    lastName = aLastName AND
    firstName = aFirstName AND
    middleName = aMiddleName AND
    dateOfBirth = aDateOfBirth;
END ;;
DELIMITER ;
/*!50003 SET sql_mode              = @saved_sql_mode */ ;
/*!50003 SET character_set_client  = @saved_cs_client */ ;
/*!50003 SET character_set_results = @saved_cs_results */ ;
/*!50003 SET collation_connection  = @saved_col_connection */ ;
/*!50003 DROP PROCEDURE IF EXISTS `isEnrolledInSchoolYear` */;
/*!50003 SET @saved_cs_client      = @@character_set_client */ ;
/*!50003 SET @saved_cs_results     = @@character_set_results */ ;
/*!50003 SET @saved_col_connection = @@collation_connection */ ;
/*!50003 SET character_set_client  = utf8 */ ;
/*!50003 SET character_set_results = utf8 */ ;
/*!50003 SET collation_connection  = utf8_general_ci */ ;
/*!50003 SET @saved_sql_mode       = @@sql_mode */ ;
/*!50003 SET sql_mode              = 'NO_ENGINE_SUBSTITUTION' */ ;
DELIMITER ;;
CREATE DEFINER=`root`@`localhost` PROCEDURE `isEnrolledInSchoolYear`(aStudentId INT, aSchoolYearId INT)
BEGIN
SELECT * from schoolyear_student_lt 
WHERE student_id = aStudentId AND 
schoolyear_id = aSchoolYearId;
END ;;
DELIMITER ;
/*!50003 SET sql_mode              = @saved_sql_mode */ ;
/*!50003 SET character_set_client  = @saved_cs_client */ ;
/*!50003 SET character_set_results = @saved_cs_results */ ;
/*!50003 SET collation_connection  = @saved_col_connection */ ;
/*!50003 DROP PROCEDURE IF EXISTS `isEnrollmentClosedForSchoolYear` */;
/*!50003 SET @saved_cs_client      = @@character_set_client */ ;
/*!50003 SET @saved_cs_results     = @@character_set_results */ ;
/*!50003 SET @saved_col_connection = @@collation_connection */ ;
/*!50003 SET character_set_client  = utf8 */ ;
/*!50003 SET character_set_results = utf8 */ ;
/*!50003 SET collation_connection  = utf8_general_ci */ ;
/*!50003 SET @saved_sql_mode       = @@sql_mode */ ;
/*!50003 SET sql_mode              = 'NO_ENGINE_SUBSTITUTION' */ ;
DELIMITER ;;
CREATE DEFINER=`root`@`localhost` PROCEDURE `isEnrollmentClosedForSchoolYear`(aSchoolYearId INT)
BEGIN

DECLARE aEnrollmentClosingDate DATE;

SELECT e.closing_date INTO aEnrollmentClosingDate 
FROM enrollment_mt e
WHERE e.schoolyear_id = aSchoolYearId;

SELECT IF(CURDATE() > DATE(aEnrollmentClosingDate), 1,0) 
AS is_enrollment_closed ; 

END ;;
DELIMITER ;
/*!50003 SET sql_mode              = @saved_sql_mode */ ;
/*!50003 SET character_set_client  = @saved_cs_client */ ;
/*!50003 SET character_set_results = @saved_cs_results */ ;
/*!50003 SET collation_connection  = @saved_col_connection */ ;
/*!50003 DROP PROCEDURE IF EXISTS `isGradeLevelActive` */;
/*!50003 SET @saved_cs_client      = @@character_set_client */ ;
/*!50003 SET @saved_cs_results     = @@character_set_results */ ;
/*!50003 SET @saved_col_connection = @@collation_connection */ ;
/*!50003 SET character_set_client  = utf8 */ ;
/*!50003 SET character_set_results = utf8 */ ;
/*!50003 SET collation_connection  = utf8_general_ci */ ;
/*!50003 SET @saved_sql_mode       = @@sql_mode */ ;
/*!50003 SET sql_mode              = 'NO_ENGINE_SUBSTITUTION' */ ;
DELIMITER ;;
CREATE DEFINER=`root`@`localhost` PROCEDURE `isGradeLevelActive`(IN aGradeLevel INT)
BEGIN
	SELECT isActive FROM gradelevel_mt
    WHERE grade_level = aGradeLevel;
END ;;
DELIMITER ;
/*!50003 SET sql_mode              = @saved_sql_mode */ ;
/*!50003 SET character_set_client  = @saved_cs_client */ ;
/*!50003 SET character_set_results = @saved_cs_results */ ;
/*!50003 SET collation_connection  = @saved_col_connection */ ;
/*!50003 DROP PROCEDURE IF EXISTS `isStudentApplicantExists` */;
/*!50003 SET @saved_cs_client      = @@character_set_client */ ;
/*!50003 SET @saved_cs_results     = @@character_set_results */ ;
/*!50003 SET @saved_col_connection = @@collation_connection */ ;
/*!50003 SET character_set_client  = utf8 */ ;
/*!50003 SET character_set_results = utf8 */ ;
/*!50003 SET collation_connection  = utf8_general_ci */ ;
/*!50003 SET @saved_sql_mode       = @@sql_mode */ ;
/*!50003 SET sql_mode              = 'NO_ENGINE_SUBSTITUTION' */ ;
DELIMITER ;;
CREATE DEFINER=`root`@`localhost` PROCEDURE `isStudentApplicantExists`(aStudentType VARCHAR(10),aLastName VARCHAR(255),aMiddleName VARCHAR(255), aFirstName VARCHAR(255),aDateOfBirth date)
BEGIN
    SELECT 
    studentType, lastName, firstName, middleName, dateOfBirth
    FROM registration
    
    WHERE studentType = aStudentType AND
		  lastName = aLastName AND
          firstName = aFirstName AND
          middleName = aMiddleName AND
          dateOfBirth = aDateOfBirth     ;
END ;;
DELIMITER ;
/*!50003 SET sql_mode              = @saved_sql_mode */ ;
/*!50003 SET character_set_client  = @saved_cs_client */ ;
/*!50003 SET character_set_results = @saved_cs_results */ ;
/*!50003 SET collation_connection  = @saved_col_connection */ ;
/*!50003 DROP PROCEDURE IF EXISTS `isUserActive` */;
/*!50003 SET @saved_cs_client      = @@character_set_client */ ;
/*!50003 SET @saved_cs_results     = @@character_set_results */ ;
/*!50003 SET @saved_col_connection = @@collation_connection */ ;
/*!50003 SET character_set_client  = utf8 */ ;
/*!50003 SET character_set_results = utf8 */ ;
/*!50003 SET collation_connection  = utf8_general_ci */ ;
/*!50003 SET @saved_sql_mode       = @@sql_mode */ ;
/*!50003 SET sql_mode              = 'NO_ENGINE_SUBSTITUTION' */ ;
DELIMITER ;;
CREATE DEFINER=`root`@`localhost` PROCEDURE `isUserActive`(IN p_username varchar(50), OUT p_boolIsActive INT)
BEGIN

	SELECT isActive INTO p_boolIsActive
    FROM users
    WHERE username = lower(p_username);
    
    SELECT p_boolIsActive;
END ;;
DELIMITER ;
/*!50003 SET sql_mode              = @saved_sql_mode */ ;
/*!50003 SET character_set_client  = @saved_cs_client */ ;
/*!50003 SET character_set_results = @saved_cs_results */ ;
/*!50003 SET collation_connection  = @saved_col_connection */ ;
/*!50003 DROP PROCEDURE IF EXISTS `isUserLocked` */;
/*!50003 SET @saved_cs_client      = @@character_set_client */ ;
/*!50003 SET @saved_cs_results     = @@character_set_results */ ;
/*!50003 SET @saved_col_connection = @@collation_connection */ ;
/*!50003 SET character_set_client  = utf8 */ ;
/*!50003 SET character_set_results = utf8 */ ;
/*!50003 SET collation_connection  = utf8_general_ci */ ;
/*!50003 SET @saved_sql_mode       = @@sql_mode */ ;
/*!50003 SET sql_mode              = 'NO_ENGINE_SUBSTITUTION' */ ;
DELIMITER ;;
CREATE DEFINER=`root`@`localhost` PROCEDURE `isUserLocked`(IN p_username varchar(20), OUT p_boolIsLocked SMALLINT)
BEGIN
	SELECT isLocked INTO p_boolIsLocked
    FROM users 
    WHERE username = lower(p_username);
    
    SELECT p_boolIsLocked;
END ;;
DELIMITER ;
/*!50003 SET sql_mode              = @saved_sql_mode */ ;
/*!50003 SET character_set_client  = @saved_cs_client */ ;
/*!50003 SET character_set_results = @saved_cs_results */ ;
/*!50003 SET collation_connection  = @saved_col_connection */ ;
/*!50003 DROP PROCEDURE IF EXISTS `payTuitionFee` */;
/*!50003 SET @saved_cs_client      = @@character_set_client */ ;
/*!50003 SET @saved_cs_results     = @@character_set_results */ ;
/*!50003 SET @saved_col_connection = @@collation_connection */ ;
/*!50003 SET character_set_client  = utf8 */ ;
/*!50003 SET character_set_results = utf8 */ ;
/*!50003 SET collation_connection  = utf8_general_ci */ ;
/*!50003 SET @saved_sql_mode       = @@sql_mode */ ;
/*!50003 SET sql_mode              = 'NO_ENGINE_SUBSTITUTION' */ ;
DELIMITER ;;
CREATE DEFINER=`root`@`localhost` PROCEDURE `payTuitionFee`(aBalanceBreakDownFeeId INT, anAmountTendered DECIMAL(10,2), OUT aPaymentId INT )
BEGIN

INSERT INTO payment(balance_breakdown_fee_id, amount_tendered)
VALUES(aBalanceBreakDownFeeId,anAmountTendered);

SELECT LAST_INSERT_ID() INTO aPaymentId; 

END ;;
DELIMITER ;
/*!50003 SET sql_mode              = @saved_sql_mode */ ;
/*!50003 SET character_set_client  = @saved_cs_client */ ;
/*!50003 SET character_set_results = @saved_cs_results */ ;
/*!50003 SET collation_connection  = @saved_col_connection */ ;
/*!50003 DROP PROCEDURE IF EXISTS `promoteStudentById` */;
/*!50003 SET @saved_cs_client      = @@character_set_client */ ;
/*!50003 SET @saved_cs_results     = @@character_set_results */ ;
/*!50003 SET @saved_col_connection = @@collation_connection */ ;
/*!50003 SET character_set_client  = utf8 */ ;
/*!50003 SET character_set_results = utf8 */ ;
/*!50003 SET collation_connection  = utf8_general_ci */ ;
/*!50003 SET @saved_sql_mode       = @@sql_mode */ ;
/*!50003 SET sql_mode              = 'NO_ENGINE_SUBSTITUTION' */ ;
DELIMITER ;;
CREATE DEFINER=`root`@`localhost` PROCEDURE `promoteStudentById`(
IN pIN_schoolyearId INT,
IN pIN_studentId INT,
IN pIN_gradeLevelId INT,
IN pIN_setIsPassed BOOLEAN
)
BEGIN
 
 	
    START TRANSACTION;
    
    IF (pIN_setIsPassed = TRUE) THEN
    
		UPDATE schoolyear_student_lt 
		SET passed = 1, isActive = 0
		WHERE schoolyear_id = pIN_schoolyearId
		AND student_id = pIN_studentId
		AND gradelevel_id = pIN_gradeLevelId;
        
        UPDATE section_student
        SET isActive = 0
        WHERE schoolyear_id = pIN_schoolyearId
        AND student_id = pIN_studentId;
		
        UPDATE student_grade
        SET isActive = 0
        WHERE student_id = pIN_studentId;
        
		INSERT INTO schoolyear_student_lt (schoolyear_id, student_id, gradelevel_id, passed, isActive)
		VALUES (pIN_schoolyearId, pIN_studentId, pIN_gradeLevelId + 1, null, true);
    
    ELSE
		
        UPDATE schoolyear_student_lt 
		SET passed = 0, isActive = 1
		WHERE schoolyear_id = pIN_schoolyearId
		AND student_id = pIN_studentId
		AND gradelevel_id = pIN_gradeLevelId;
    
    END IF;
    
	COMMIT;
 
END ;;
DELIMITER ;
/*!50003 SET sql_mode              = @saved_sql_mode */ ;
/*!50003 SET character_set_client  = @saved_cs_client */ ;
/*!50003 SET character_set_results = @saved_cs_results */ ;
/*!50003 SET collation_connection  = @saved_col_connection */ ;
/*!50003 DROP PROCEDURE IF EXISTS `registrationExists` */;
/*!50003 SET @saved_cs_client      = @@character_set_client */ ;
/*!50003 SET @saved_cs_results     = @@character_set_results */ ;
/*!50003 SET @saved_col_connection = @@collation_connection */ ;
/*!50003 SET character_set_client  = utf8 */ ;
/*!50003 SET character_set_results = utf8 */ ;
/*!50003 SET collation_connection  = utf8_general_ci */ ;
/*!50003 SET @saved_sql_mode       = @@sql_mode */ ;
/*!50003 SET sql_mode              = 'NO_ENGINE_SUBSTITUTION' */ ;
DELIMITER ;;
CREATE DEFINER=`root`@`localhost` PROCEDURE `registrationExists`(aStudentId INT)
BEGIN

SELECT 
CASE WHEN COUNT(*) > 0 THEN TRUE
WHEN COUNT(*) <= 0 THEN FALSE
END AS registrationExists

FROM student_mt 
WHERE student_id = aStudentId;

END ;;
DELIMITER ;
/*!50003 SET sql_mode              = @saved_sql_mode */ ;
/*!50003 SET character_set_client  = @saved_cs_client */ ;
/*!50003 SET character_set_results = @saved_cs_results */ ;
/*!50003 SET collation_connection  = @saved_col_connection */ ;
/*!50003 DROP PROCEDURE IF EXISTS `removeCredentialById` */;
/*!50003 SET @saved_cs_client      = @@character_set_client */ ;
/*!50003 SET @saved_cs_results     = @@character_set_results */ ;
/*!50003 SET @saved_col_connection = @@collation_connection */ ;
/*!50003 SET character_set_client  = utf8 */ ;
/*!50003 SET character_set_results = utf8 */ ;
/*!50003 SET collation_connection  = utf8_general_ci */ ;
/*!50003 SET @saved_sql_mode       = @@sql_mode */ ;
/*!50003 SET sql_mode              = 'NO_ENGINE_SUBSTITUTION' */ ;
DELIMITER ;;
CREATE DEFINER=`root`@`localhost` PROCEDURE `removeCredentialById`(aCredentialId INT)
BEGIN

DECLARE EXIT HANDLER FOR sqlexception
BEGIN
	ROLLBACK;
	RESIGNAL;
END;

START TRANSACTION;

DELETE FROM credential_requirements_lt WHERE credential_id >= aCredentialId;
DELETE FROM credentials_received_lt WHERE credential_id >= aCredentialId;
DELETE FROM credentials_mt WHERE credential_id >= aCredentialId;

COMMIT;

END ;;
DELIMITER ;
/*!50003 SET sql_mode              = @saved_sql_mode */ ;
/*!50003 SET character_set_client  = @saved_cs_client */ ;
/*!50003 SET character_set_results = @saved_cs_results */ ;
/*!50003 SET collation_connection  = @saved_col_connection */ ;
/*!50003 DROP PROCEDURE IF EXISTS `sampleStoredProc` */;
/*!50003 SET @saved_cs_client      = @@character_set_client */ ;
/*!50003 SET @saved_cs_results     = @@character_set_results */ ;
/*!50003 SET @saved_col_connection = @@collation_connection */ ;
/*!50003 SET character_set_client  = utf8 */ ;
/*!50003 SET character_set_results = utf8 */ ;
/*!50003 SET collation_connection  = utf8_general_ci */ ;
/*!50003 SET @saved_sql_mode       = @@sql_mode */ ;
/*!50003 SET sql_mode              = 'NO_ENGINE_SUBSTITUTION' */ ;
DELIMITER ;;
CREATE DEFINER=`root`@`localhost` PROCEDURE `sampleStoredProc`()
BEGIN

-- SELECT * FROM
-- SELECT * FROM
-- SELECT * FROM
-- SELECT * FROM
-- SELECT * FROM
-- SELECT * FROM
-- SELECT * FROM-- SELECT * FROM
-- SELECT * FROM-- SELECT * FROM-- SELECT * FROM-- SELECT * FROM-- SELECT * FROM 

END ;;
DELIMITER ;
/*!50003 SET sql_mode              = @saved_sql_mode */ ;
/*!50003 SET character_set_client  = @saved_cs_client */ ;
/*!50003 SET character_set_results = @saved_cs_results */ ;
/*!50003 SET collation_connection  = @saved_col_connection */ ;
/*!50003 DROP PROCEDURE IF EXISTS `setAdmissionGradeLevel` */;
/*!50003 SET @saved_cs_client      = @@character_set_client */ ;
/*!50003 SET @saved_cs_results     = @@character_set_results */ ;
/*!50003 SET @saved_col_connection = @@collation_connection */ ;
/*!50003 SET character_set_client  = utf8 */ ;
/*!50003 SET character_set_results = utf8 */ ;
/*!50003 SET collation_connection  = utf8_general_ci */ ;
/*!50003 SET @saved_sql_mode       = @@sql_mode */ ;
/*!50003 SET sql_mode              = 'NO_ENGINE_SUBSTITUTION' */ ;
DELIMITER ;;
CREATE DEFINER=`root`@`localhost` PROCEDURE `setAdmissionGradeLevel`(aGradeLevelId INT, aRegistrationId INT)
BEGIN

UPDATE registration_mt r 
SET r.gradelevel_id = aGradeLevelId 
WHERE r.registration_id = aRegistrationId;

END ;;
DELIMITER ;
/*!50003 SET sql_mode              = @saved_sql_mode */ ;
/*!50003 SET character_set_client  = @saved_cs_client */ ;
/*!50003 SET character_set_results = @saved_cs_results */ ;
/*!50003 SET collation_connection  = @saved_col_connection */ ;
/*!50003 DROP PROCEDURE IF EXISTS `setAllStudentsInactive` */;
/*!50003 SET @saved_cs_client      = @@character_set_client */ ;
/*!50003 SET @saved_cs_results     = @@character_set_results */ ;
/*!50003 SET @saved_col_connection = @@collation_connection */ ;
/*!50003 SET character_set_client  = utf8 */ ;
/*!50003 SET character_set_results = utf8 */ ;
/*!50003 SET collation_connection  = utf8_general_ci */ ;
/*!50003 SET @saved_sql_mode       = @@sql_mode */ ;
/*!50003 SET sql_mode              = 'NO_ENGINE_SUBSTITUTION' */ ;
DELIMITER ;;
CREATE DEFINER=`root`@`localhost` PROCEDURE `setAllStudentsInactive`()
BEGIN

DECLARE EXIT HANDLER FOR sqlexception
	BEGIN
		ROLLBACK;
		RESIGNAL;
	END;

START TRANSACTION;

 
IF (  SELECT COUNT(sy.schoolyear_id) 
		FROM schoolyear_mt sy 
		WHERE CURDATE() >= sy.start_date AND 
		CURDATE() <= sy.end_date) = 0 
THEN 
		SELECT 'CURDATE() is not within any schoolyear'; 
        IF(SELECT COUNT(s.schoolyear_id)
			FROM schoolyear_mt s
			WHERE CURDATE() > s.end_date) > 0
		THEN
			UPDATE enrollment_student_lt SET isEarlyEnrollment = 0;
			UPDATE student_mt SET isActive = 0;
            SELECT 'CURDATE() greater than s.end_date';
		END IF;
		 
        IF  (SELECT COUNT(s.schoolyear_id)
			 FROM schoolyear_mt s
			 WHERE CURDATE() < s.start_date) > 0
        THEN 
			UPDATE student_mt SET isActive = 0;
            SELECT 'CURDATE() less than s.start_date';
		END IF;
    
END IF;


COMMIT;

END ;;
DELIMITER ;
/*!50003 SET sql_mode              = @saved_sql_mode */ ;
/*!50003 SET character_set_client  = @saved_cs_client */ ;
/*!50003 SET character_set_results = @saved_cs_results */ ;
/*!50003 SET collation_connection  = @saved_col_connection */ ;
/*!50003 DROP PROCEDURE IF EXISTS `setCurrentSchoolYear` */;
/*!50003 SET @saved_cs_client      = @@character_set_client */ ;
/*!50003 SET @saved_cs_results     = @@character_set_results */ ;
/*!50003 SET @saved_col_connection = @@collation_connection */ ;
/*!50003 SET character_set_client  = utf8 */ ;
/*!50003 SET character_set_results = utf8 */ ;
/*!50003 SET collation_connection  = utf8_general_ci */ ;
/*!50003 SET @saved_sql_mode       = @@sql_mode */ ;
/*!50003 SET sql_mode              = 'NO_ENGINE_SUBSTITUTION' */ ;
DELIMITER ;;
CREATE DEFINER=`root`@`localhost` PROCEDURE `setCurrentSchoolYear`()
BEGIN

DECLARE aCurDateSyId INT;

DECLARE EXIT HANDLER FOR sqlexception
	BEGIN
		ROLLBACK;
		RESIGNAL;
	END;

START TRANSACTION;
	
    
	SELECT schoolyear_id INTO aCurDateSyId FROM schoolyear_mt
    WHERE curdate() >= start_date AND curdate() <= end_date;
    
    IF aCurDateSyId IS NOT NULL 
    THEN
		UPDATE schoolyear_mt SET isCurrentSchoolYear = 0 
        WHERE schoolyear_id != aCurDateSyId;
        
        UPDATE schoolyear_mt SET isActive = 0 
        WHERE schoolyear_id != aCurDateSyId; 
			
		UPDATE schoolyear_mt SET isCurrentSchoolYear = 1
		WHERE schoolyear_id = aCurDateSyId;
	ELSEIF aCurDateSyId IS NULL
    THEN
		SELECT 'CURRENT DATE is NOT part of any schoolyear';
        UPDATE schoolyear_mt SET isCurrentSchoolYear = 0;
	END IF;
    
COMMIT;

END ;;
DELIMITER ;
/*!50003 SET sql_mode              = @saved_sql_mode */ ;
/*!50003 SET character_set_client  = @saved_cs_client */ ;
/*!50003 SET character_set_results = @saved_cs_results */ ;
/*!50003 SET collation_connection  = @saved_col_connection */ ;
/*!50003 DROP PROCEDURE IF EXISTS `setPaymentTermDownPayment` */;
/*!50003 SET @saved_cs_client      = @@character_set_client */ ;
/*!50003 SET @saved_cs_results     = @@character_set_results */ ;
/*!50003 SET @saved_col_connection = @@collation_connection */ ;
/*!50003 SET character_set_client  = utf8 */ ;
/*!50003 SET character_set_results = utf8 */ ;
/*!50003 SET collation_connection  = utf8_general_ci */ ;
/*!50003 SET @saved_sql_mode       = @@sql_mode */ ;
/*!50003 SET sql_mode              = 'NO_ENGINE_SUBSTITUTION' */ ;
DELIMITER ;;
CREATE DEFINER=`root`@`localhost` PROCEDURE `setPaymentTermDownPayment`(aPaymentTermId INT, aDownPaymentAmount DECIMAL, aSchoolYearId INT)
BEGIN
	DECLARE myPaymentTermDownPaymentId INT;
	DECLARE EXIT HANDLER FOR sqlexception
    BEGIN
		ROLLBACK;
        RESIGNAL;
    END;

	START transaction;
	INSERT INTO paymentterm_downpayment(paymentterm_id, downpayment)
	VALUES(aPaymentTermId, aDownPaymentAmount);
    SELECT LAST_INSERT_ID() INTO myPaymentTermDownPaymentId;
    
    INSERT INTO paymentterm_downpayment_schoolyear(paymentterm_downpayment_id, schoolyear_id)
    VALUES(myPaymentTermDownPaymentId, aSchoolYearId);
    
    COMMIT;
END ;;
DELIMITER ;
/*!50003 SET sql_mode              = @saved_sql_mode */ ;
/*!50003 SET character_set_client  = @saved_cs_client */ ;
/*!50003 SET character_set_results = @saved_cs_results */ ;
/*!50003 SET collation_connection  = @saved_col_connection */ ;
/*!50003 DROP PROCEDURE IF EXISTS `spUtil_wipeout_allstudent_record` */;
/*!50003 SET @saved_cs_client      = @@character_set_client */ ;
/*!50003 SET @saved_cs_results     = @@character_set_results */ ;
/*!50003 SET @saved_col_connection = @@collation_connection */ ;
/*!50003 SET character_set_client  = utf8 */ ;
/*!50003 SET character_set_results = utf8 */ ;
/*!50003 SET collation_connection  = utf8_general_ci */ ;
/*!50003 SET @saved_sql_mode       = @@sql_mode */ ;
/*!50003 SET sql_mode              = 'NO_ENGINE_SUBSTITUTION' */ ;
DELIMITER ;;
CREATE DEFINER=`root`@`localhost` PROCEDURE `spUtil_wipeout_allstudent_record`()
BEGIN

DECLARE EXIT HANDLER FOR sqlexception
    BEGIN
		ROLLBACK;
        SELECT 'Error encountered';
        RESIGNAL;
    END;
    
START TRANSACTION;

DELETE FROM admission_mt WHERE admission_id >= 1;
DELETE FROM credentials_received_lt WHERE credential_id >= 1;
DELETE FROM enrollment_student_lt WHERE enrollment_id >= 1;

DELETE FROM schoolyear_student_lt WHERE student_id >= 1;
-- Tuition Fee and Payment --
DELETE FROM balance_breakdown_fee WHERE balance_breakdown_fee_id >= 1;
DELETE FROM tuition_fee WHERE balance_breakdown_fee_id >= 1;
DELETE FROM student_discount_lt WHERE student_id >= 1;
DELETE FROM student_paymentterm_lt WHERE student_id >= 1;
DELETE FROM transaction_mt WHERE transaction_id >= 1;
DELETE FROM payment WHERE payment_id >= 1;
DELETE FROM transaction_payment_lt WHERE payment_id >= 1;
-- end of Tuition Fee and Payment

DELETE FROM transferee_grade WHERE student_id >= 1;
DELETE FROM transferee_student WHERE student_id >= 1;
DELETE FROM student_fee WHERE student_id >= 1;
DELETE FROM student_mt WHERE student_id >= 1;
DELETE FROM registration_mt WHERE registration_id >= 1;
DELETE FROM schoolyear_student_lt WHERE student_id >= 1;
DELETE FROM section_student WHERE student_id >= 1;
DELETE FROM student_address_lt WHERE student_id >= 1;
DELETE FROM student_fee WHERE student_id >= 1;
DELETE FROM student_grade WHERE student_id >= 1;
DELETE FROM student_promotion WHERE student_id >= 1;
DELETE FROM student_summer WHERE student_id >= 1;
DELETE FROM transferee_grade WHERE student_id >= 1;
DELETE FROM transferee_student WHERE student_id >= 1;

COMMIT;

END ;;
DELIMITER ;
/*!50003 SET sql_mode              = @saved_sql_mode */ ;
/*!50003 SET character_set_client  = @saved_cs_client */ ;
/*!50003 SET character_set_results = @saved_cs_results */ ;
/*!50003 SET collation_connection  = @saved_col_connection */ ;
/*!50003 DROP PROCEDURE IF EXISTS `tuitionFeeExists` */;
/*!50003 SET @saved_cs_client      = @@character_set_client */ ;
/*!50003 SET @saved_cs_results     = @@character_set_results */ ;
/*!50003 SET @saved_col_connection = @@collation_connection */ ;
/*!50003 SET character_set_client  = utf8 */ ;
/*!50003 SET character_set_results = utf8 */ ;
/*!50003 SET collation_connection  = utf8_general_ci */ ;
/*!50003 SET @saved_sql_mode       = @@sql_mode */ ;
/*!50003 SET sql_mode              = 'NO_ENGINE_SUBSTITUTION' */ ;
DELIMITER ;;
CREATE DEFINER=`root`@`localhost` PROCEDURE `tuitionFeeExists`(aStudentId INT, aSchoolYearId INT)
BEGIN
DECLARE rowCount INT;

SELECT COUNT(*) INTO rowCount FROM tuition_fee t 
WHERE student_id = aStudentId
AND schoolyear_id = aSchoolYearId;

IF rowCount > 0 THEN SELECT TRUE AS tuitionFeeExists;
ELSE SELECT FALSE AS tuitionFeeExists;
END IF;


END ;;
DELIMITER ;
/*!50003 SET sql_mode              = @saved_sql_mode */ ;
/*!50003 SET character_set_client  = @saved_cs_client */ ;
/*!50003 SET character_set_results = @saved_cs_results */ ;
/*!50003 SET collation_connection  = @saved_col_connection */ ;
/*!50003 DROP PROCEDURE IF EXISTS `undoCompleteAdmission` */;
/*!50003 SET @saved_cs_client      = @@character_set_client */ ;
/*!50003 SET @saved_cs_results     = @@character_set_results */ ;
/*!50003 SET @saved_col_connection = @@collation_connection */ ;
/*!50003 SET character_set_client  = utf8 */ ;
/*!50003 SET character_set_results = utf8 */ ;
/*!50003 SET collation_connection  = utf8_general_ci */ ;
/*!50003 SET @saved_sql_mode       = @@sql_mode */ ;
/*!50003 SET sql_mode              = 'NO_ENGINE_SUBSTITUTION' */ ;
DELIMITER ;;
CREATE DEFINER=`root`@`localhost` PROCEDURE `undoCompleteAdmission`(aRegistrationId INT)
BEGIN

DECLARE EXIT HANDLER FOR sqlexception
    BEGIN
		ROLLBACK;
        RESIGNAL;
    END;

START TRANSACTION;

DELETE FROM student_mt WHERE registration_id = aRegistrationId;
UPDATE admission_mt SET isComplete = 0 where registration_id = aRegistrationId;


COMMIT;

END ;;
DELIMITER ;
/*!50003 SET sql_mode              = @saved_sql_mode */ ;
/*!50003 SET character_set_client  = @saved_cs_client */ ;
/*!50003 SET character_set_results = @saved_cs_results */ ;
/*!50003 SET collation_connection  = @saved_col_connection */ ;
/*!50003 DROP PROCEDURE IF EXISTS `updateAdmissionStatus` */;
/*!50003 SET @saved_cs_client      = @@character_set_client */ ;
/*!50003 SET @saved_cs_results     = @@character_set_results */ ;
/*!50003 SET @saved_col_connection = @@collation_connection */ ;
/*!50003 SET character_set_client  = utf8 */ ;
/*!50003 SET character_set_results = utf8 */ ;
/*!50003 SET collation_connection  = utf8_general_ci */ ;
/*!50003 SET @saved_sql_mode       = @@sql_mode */ ;
/*!50003 SET sql_mode              = 'NO_ENGINE_SUBSTITUTION' */ ;
DELIMITER ;;
CREATE DEFINER=`root`@`localhost` PROCEDURE `updateAdmissionStatus`(aStatus INT, aRegistrationId INT)
BEGIN
	UPDATE registration r SET r.isAdmissionComplete = aStatus
    WHERE r.id = aRegistrationId;
END ;;
DELIMITER ;
/*!50003 SET sql_mode              = @saved_sql_mode */ ;
/*!50003 SET character_set_client  = @saved_cs_client */ ;
/*!50003 SET character_set_results = @saved_cs_results */ ;
/*!50003 SET collation_connection  = @saved_col_connection */ ;
/*!50003 DROP PROCEDURE IF EXISTS `updateCreatedCurriculumById` */;
/*!50003 SET @saved_cs_client      = @@character_set_client */ ;
/*!50003 SET @saved_cs_results     = @@character_set_results */ ;
/*!50003 SET @saved_col_connection = @@collation_connection */ ;
/*!50003 SET character_set_client  = utf8 */ ;
/*!50003 SET character_set_results = utf8 */ ;
/*!50003 SET collation_connection  = utf8_general_ci */ ;
/*!50003 SET @saved_sql_mode       = @@sql_mode */ ;
/*!50003 SET sql_mode              = 'NO_ENGINE_SUBSTITUTION' */ ;
DELIMITER ;;
CREATE DEFINER=`root`@`localhost` PROCEDURE `updateCreatedCurriculumById`(
	IN pIN_curriculumId INT,
    IN pIN_subjectId INT,
    IN pIN_gradeLevelId INT,
    IN pIN_schoolYearId INT,
    IN pIN_curriculumTitle VARCHAR(150),
    IN pIN_curriculumDescription VARCHAR(150)
)
BEGIN
	DECLARE EXIT HANDLER FOR SQLEXCEPTION, SQLWARNING
    BEGIN
		ROLLBACK;
			SELECT "Failed updating Curriculum with Subjects";
        RESIGNAL;
    END;
    
    #DELETE FROM curriculum_subject_lt WHERE curriculum_id = pIN_curriculumId;
    
    START TRANSACTION;

    UPDATE curriculum_mt
    SET gradelevel_id = pIN_gradeLevelId, schoolyear_id = pIN_schoolYearId,
    curriculum_title = pIN_curriculumTitle, description = pIN_curriculumDescription
    
    WHERE curriculum_mt.curriculum_id = pIN_curriculumId;

    INSERT INTO curriculum_subject_lt (curriculum_id, subject_id) 
    VALUES (pIN_curriculumId, pIN_subjectId);
    
    COMMIT;
    
    
END ;;
DELIMITER ;
/*!50003 SET sql_mode              = @saved_sql_mode */ ;
/*!50003 SET character_set_client  = @saved_cs_client */ ;
/*!50003 SET character_set_results = @saved_cs_results */ ;
/*!50003 SET collation_connection  = @saved_col_connection */ ;
/*!50003 DROP PROCEDURE IF EXISTS `updateCreatedSubjectById` */;
/*!50003 SET @saved_cs_client      = @@character_set_client */ ;
/*!50003 SET @saved_cs_results     = @@character_set_results */ ;
/*!50003 SET @saved_col_connection = @@collation_connection */ ;
/*!50003 SET character_set_client  = utf8 */ ;
/*!50003 SET character_set_results = utf8 */ ;
/*!50003 SET collation_connection  = utf8_general_ci */ ;
/*!50003 SET @saved_sql_mode       = @@sql_mode */ ;
/*!50003 SET sql_mode              = 'NO_ENGINE_SUBSTITUTION' */ ;
DELIMITER ;;
CREATE DEFINER=`root`@`localhost` PROCEDURE `updateCreatedSubjectById`(
	IN pIN_subjectId INT,
    IN pIN_gradeLevelId INT,
    IN pIN_subjectCode VARCHAR(150),
    IN pIN_subjectTitle VARCHAR(150),
    IN pIN_subjectDescription VARCHAR(150)
)
BEGIN
	
    UPDATE subject_gradelevel_lt AS sglt
    INNER JOIN subject_mt AS smt ON smt.subject_id = sglt.subject_id
    INNER JOIN gradelevel_mt  AS glmt ON glmt.gradelevel_id = sglt.gradelevel_id
    
		SET smt.code = pIN_subjectCode, smt.title = pIN_subjectTitle, smt.description = pIN_subjectDescription,
        sglt.gradelevel_id = pIN_gradeLevelId
        
        WHERE smt.subject_id = pIN_subjectId;
    
END ;;
DELIMITER ;
/*!50003 SET sql_mode              = @saved_sql_mode */ ;
/*!50003 SET character_set_client  = @saved_cs_client */ ;
/*!50003 SET character_set_results = @saved_cs_results */ ;
/*!50003 SET collation_connection  = @saved_col_connection */ ;
/*!50003 DROP PROCEDURE IF EXISTS `updateCurriculumDetails` */;
/*!50003 SET @saved_cs_client      = @@character_set_client */ ;
/*!50003 SET @saved_cs_results     = @@character_set_results */ ;
/*!50003 SET @saved_col_connection = @@collation_connection */ ;
/*!50003 SET character_set_client  = utf8 */ ;
/*!50003 SET character_set_results = utf8 */ ;
/*!50003 SET collation_connection  = utf8_general_ci */ ;
/*!50003 SET @saved_sql_mode       = @@sql_mode */ ;
/*!50003 SET sql_mode              = 'NO_ENGINE_SUBSTITUTION' */ ;
DELIMITER ;;
CREATE DEFINER=`root`@`localhost` PROCEDURE `updateCurriculumDetails`(aEducationalStageId INT,p_curriculumDesc VARCHAR(100),
p_gradeLevelId INT, p_curriculumId INT, p_schoolYearId INT,p_editedByUserId INT)
BEGIN

DECLARE EXIT HANDLER FOR sqlexception
BEGIN
	ROLLBACK;
    SELECT 'Error occured' AS Message;
    RESIGNAL;
END;

START TRANSACTION;

UPDATE curriculum c
			SET 	c.educationalstage_id = aEducationalStageId, 
					c.description 	= p_curriculumDesc,
					c.gradeLevelId 	= p_gradeLevelId 
			WHERE 	c.id 			= p_curriculumId;
            
UPDATE curriculum_schoolyears cs
			SET		cs.schoolYearId = p_schoolYearId
            WHERE	cs.curriculumId = p_curriculumId;
            
UPDATE curriculum_hd SET editedBy_UserId 	= p_editedByUserId,
						 dateLastEdited 	= NOW()
			WHERE curriculumId = p_curriculumId;
            
COMMIT;

END ;;
DELIMITER ;
/*!50003 SET sql_mode              = @saved_sql_mode */ ;
/*!50003 SET character_set_client  = @saved_cs_client */ ;
/*!50003 SET character_set_results = @saved_cs_results */ ;
/*!50003 SET collation_connection  = @saved_col_connection */ ;
/*!50003 DROP PROCEDURE IF EXISTS `updateCurriculumSubjects` */;
/*!50003 SET @saved_cs_client      = @@character_set_client */ ;
/*!50003 SET @saved_cs_results     = @@character_set_results */ ;
/*!50003 SET @saved_col_connection = @@collation_connection */ ;
/*!50003 SET character_set_client  = utf8 */ ;
/*!50003 SET character_set_results = utf8 */ ;
/*!50003 SET collation_connection  = utf8_general_ci */ ;
/*!50003 SET @saved_sql_mode       = @@sql_mode */ ;
/*!50003 SET sql_mode              = 'NO_ENGINE_SUBSTITUTION' */ ;
DELIMITER ;;
CREATE DEFINER=`root`@`localhost` PROCEDURE `updateCurriculumSubjects`(IN p_curriculumId int, IN p_subjectId INT, IN p_editedByUserId INT)
BEGIN

    DECLARE EXIT HANDLER FOR sqlexception
    BEGIN
		ROLLBACK;
        SELECT 'Error occured' AS Message;
        RESIGNAL;
    END;
	    
    
	START TRANSACTION;
    
		IF NOT EXISTS(SELECT * FROM curriculum_subjects WHERE subjectId = p_subjectId)
        THEN
			INSERT INTO curriculum_subjects
			(curriculumId,subjectId,addedBy_UserId)
				VALUES(p_curriculumId,p_subjectId,p_editedByUserId);
		END IF;
        
        UPDATE curriculum_hd 
			SET editedBy_UserId = p_editedByUserId,
				dateLastEdited = NOW()
			WHERE curriculumId = p_curriculumId ;
    
    
		COMMIT;
        SELECT 'successfully updated' AS result;
        
	
    
END ;;
DELIMITER ;
/*!50003 SET sql_mode              = @saved_sql_mode */ ;
/*!50003 SET character_set_client  = @saved_cs_client */ ;
/*!50003 SET character_set_results = @saved_cs_results */ ;
/*!50003 SET collation_connection  = @saved_col_connection */ ;
/*!50003 DROP PROCEDURE IF EXISTS `updateDiscount` */;
/*!50003 SET @saved_cs_client      = @@character_set_client */ ;
/*!50003 SET @saved_cs_results     = @@character_set_results */ ;
/*!50003 SET @saved_col_connection = @@collation_connection */ ;
/*!50003 SET character_set_client  = utf8 */ ;
/*!50003 SET character_set_results = utf8 */ ;
/*!50003 SET collation_connection  = utf8_general_ci */ ;
/*!50003 SET @saved_sql_mode       = @@sql_mode */ ;
/*!50003 SET sql_mode              = 'NO_ENGINE_SUBSTITUTION' */ ;
DELIMITER ;;
CREATE DEFINER=`root`@`localhost` PROCEDURE `updateDiscount`(
aDiscountName VARCHAR(255),
aPercentage INT,
aDescription TEXT,
aDiscountId INT
)
BEGIN

UPDATE discount_mt 
SET discount_name = aDiscountName,
percentage = aPercentage,
description = aDescription
WHERE discount_id = aDiscountId;

END ;;
DELIMITER ;
/*!50003 SET sql_mode              = @saved_sql_mode */ ;
/*!50003 SET character_set_client  = @saved_cs_client */ ;
/*!50003 SET character_set_results = @saved_cs_results */ ;
/*!50003 SET collation_connection  = @saved_col_connection */ ;
/*!50003 DROP PROCEDURE IF EXISTS `updateFaculty` */;
/*!50003 SET @saved_cs_client      = @@character_set_client */ ;
/*!50003 SET @saved_cs_results     = @@character_set_results */ ;
/*!50003 SET @saved_col_connection = @@collation_connection */ ;
/*!50003 SET character_set_client  = utf8 */ ;
/*!50003 SET character_set_results = utf8 */ ;
/*!50003 SET collation_connection  = utf8_general_ci */ ;
/*!50003 SET @saved_sql_mode       = @@sql_mode */ ;
/*!50003 SET sql_mode              = 'NO_ENGINE_SUBSTITUTION' */ ;
DELIMITER ;;
CREATE DEFINER=`root`@`localhost` PROCEDURE `updateFaculty`(	
	IN p_faculty_id int,
	IN p_fname varchar(45),
    IN p_lname varchar(45),
    IN p_mname varchar(45),
    IN p_contact varchar(45),
    IN p_email varchar(45),
    IN p_degree varchar(45)
    
)
BEGIN
	UPDATE faculty_mt set 
    firstName = p_fname, 
    lastName = p_lname,
    middleName = p_mname,
    contact = p_contact,
    email = p_email,
    degree = p_degree
    WHERE faculty_id = p_faculty_id;
END ;;
DELIMITER ;
/*!50003 SET sql_mode              = @saved_sql_mode */ ;
/*!50003 SET character_set_client  = @saved_cs_client */ ;
/*!50003 SET character_set_results = @saved_cs_results */ ;
/*!50003 SET collation_connection  = @saved_col_connection */ ;
/*!50003 DROP PROCEDURE IF EXISTS `updateRegistrationDetails` */;
/*!50003 SET @saved_cs_client      = @@character_set_client */ ;
/*!50003 SET @saved_cs_results     = @@character_set_results */ ;
/*!50003 SET @saved_col_connection = @@collation_connection */ ;
/*!50003 SET character_set_client  = utf8 */ ;
/*!50003 SET character_set_results = utf8 */ ;
/*!50003 SET collation_connection  = utf8_general_ci */ ;
/*!50003 SET @saved_sql_mode       = @@sql_mode */ ;
/*!50003 SET sql_mode              = 'NO_ENGINE_SUBSTITUTION' */ ;
DELIMITER ;;
CREATE DEFINER=`root`@`localhost` PROCEDURE `updateRegistrationDetails`(
p_studentType VARCHAR(20), 
p_lastName VARCHAR(100), 
p_firstName VARCHAR(100), 
p_middleName VARCHAR(100), 
p_dateOfBirth DATE, 
p_placeOfBirth VARCHAR(100),
p_nationality VARCHAR(50), 
p_religion VARCHAR(50), 
p_gender INT, 
p_father_firstName VARCHAR(100),
p_father_middleName VARCHAR(100), 
p_father_lastName VARCHAR(100), 
p_father_occupation VARCHAR(100), 
p_father_officePhoneNo VARCHAR(100), 
p_mother_firstName VARCHAR(100), 
p_mother_middleName VARCHAR(100), 
p_mother_lastName VARCHAR(100), 
p_mother_occupation VARCHAR(100), 
p_mother_officePhoneNo VARCHAR(20), 
p_father_mobileNo VARCHAR(20), 
p_mother_mobileNo VARCHAR(20), 
p_guardian_lastName VARCHAR(100), 
p_guardian_firstName VARCHAR(100), 
p_guardian_middleName VARCHAR(100), 
p_guardian_occupation VARCHAR(100), 
p_guardian_officePhoneNo VARCHAR(50), 
p_guardian_mobileNo VARCHAR(50), 
p_guardian_relationToStudent VARCHAR(50), p_isFatherContactInCaseEmergency INT, 
p_isMotherContactInCaseEmergency INT, 
p_isGuardianContactInCaseEmergency INT, 
p_schoolyear_id INT, 
p_gradelevel_id INT,
p_schoolLastAttended VARCHAR(100),
p_schoolAddress VARCHAR(100),
p_lastEditedByUserId INT,
p_roomOrHouseNo VARCHAR(100),
p_street VARCHAR(100),
p_brgyOrSubd VARCHAR(100),
p_city VARCHAR(100),
p_province VARCHAR(100),
p_hasBirthCertificate BIT(1),
p_hasBaptismalCertificate BIT(1),
p_hasMedicalCertificate BIT(1),
p_hasIdPicture BIT(1),
p_hasReportCard BIT(1),
p_hasCertificateOfGoodMoral BIT(1),
p_paymentTermId INT,
p_registrationId INT)
BEGIN

	DECLARE var_registrationId INT;
	DECLARE EXIT HANDLER FOR sqlexception
	BEGIN
		ROLLBACK;
		RESIGNAL;
	END;
    
    START TRANSACTION;
    
    UPDATE registration
    
    SET 
    studentType = p_studentType, 
    lastName = p_lastName, 
    firstName = p_firstName, 
    middleName = p_middleName, 
    dateOfBirth = p_dateOfBirth, 
    placeOfBirth = p_placeOfBirth, 
    nationality = p_nationality, 
    religion = p_religion, 
    gender = p_gender, 
    father_firstName = p_father_firstName, 
    father_middleName = p_father_middleName, 
    father_lastName = p_father_lastName, 
    father_occupation = p_father_occupation, 
    father_officePhoneNo = p_father_officePhoneNo, 
    mother_firstName = p_mother_firstName, 
    mother_middleName = p_mother_middleName, 
    mother_lastName = p_mother_lastName, 
    mother_occupation = p_mother_occupation, 
    mother_officePhoneNo = p_mother_officePhoneNo, 
    father_mobileNo = p_father_mobileNo, 
    mother_mobileNo = p_mother_mobileNo, 
    guardian_lastName = p_guardian_lastName, 
    guardian_firstName = p_guardian_firstName, 
    guardian_middleName = p_guardian_middleName, 
    guardian_occupation = p_guardian_occupation, 
    guardian_officePhoneNo = p_guardian_officePhoneNo, 
    guardian_mobileNo = p_guardian_mobileNo, 
    guardian_relationToStudent = p_guardian_relationToStudent, 
    isFatherContactInCaseEmergency = p_isFatherContactInCaseEmergency, 
    isMotherContactInCaseEmergency = p_isMotherContactInCaseEmergency, 
    isGuardianContactInCaseEmergency = p_isGuardianContactInCaseEmergency, 
    schoolyear_id = p_schoolyear_id, 
    gradelevel_id = p_gradelevel_id,
    schoolLastAttended = p_schoolLastAttended,
    schoolAddress = p_schoolAddress,
    room_or_houseNo = p_roomOrHouseNo,
    street = p_street,
    brgy_subd = p_brgyOrSubd,
    city = p_city,
    province = p_province,
    paymentterm_id = p_paymentTermId
    
    WHERE id = p_registrationId;
    
    UPDATE registration_credentialspresented
    SET hasBirthCertificate = p_hasBirthCertificate, 
    hasBaptismalCertificate = p_hasBaptismalCertificate, 
    hasMedicalCertificate = p_hasMedicalCertificate, 
    hasIdPicture = p_hasIdPicture, 
    hasReportCard = p_hasReportCard, 
    hasCertificateOfGoodMoral = p_hasCertificateOfGoodMoral
    WHERE registration_id = p_registrationId;
    
    
    UPDATE registration_hd SET lastEditedBy_UserId = p_lastEditedByUserId, dateLastEdited = NOW()
    WHERE registration_id = p_registrationId;
    
    COMMIT;

END ;;
DELIMITER ;
/*!50003 SET sql_mode              = @saved_sql_mode */ ;
/*!50003 SET character_set_client  = @saved_cs_client */ ;
/*!50003 SET character_set_results = @saved_cs_results */ ;
/*!50003 SET collation_connection  = @saved_col_connection */ ;
/*!50003 DROP PROCEDURE IF EXISTS `updateRooms` */;
/*!50003 SET @saved_cs_client      = @@character_set_client */ ;
/*!50003 SET @saved_cs_results     = @@character_set_results */ ;
/*!50003 SET @saved_col_connection = @@collation_connection */ ;
/*!50003 SET character_set_client  = utf8 */ ;
/*!50003 SET character_set_results = utf8 */ ;
/*!50003 SET collation_connection  = utf8_general_ci */ ;
/*!50003 SET @saved_sql_mode       = @@sql_mode */ ;
/*!50003 SET sql_mode              = 'NO_ENGINE_SUBSTITUTION' */ ;
DELIMITER ;;
CREATE DEFINER=`root`@`localhost` PROCEDURE `updateRooms`(
	p_room_id INT(11),
    p_roomName VARCHAR(45),
    p_buildingName VARCHAR(45),
    p_capacity VARCHAR(45),
    p_status BIT(1)
)
BEGIN

	UPDATE	room_mt SET 
    room_name_or_num = p_roomName, 
    bldg_name_or_num = p_buildingname,
    capacity = p_capacity,
    `status` = p_status
    WHERE room_id = p_room_id;

END ;;
DELIMITER ;
/*!50003 SET sql_mode              = @saved_sql_mode */ ;
/*!50003 SET character_set_client  = @saved_cs_client */ ;
/*!50003 SET character_set_results = @saved_cs_results */ ;
/*!50003 SET collation_connection  = @saved_col_connection */ ;
/*!50003 DROP PROCEDURE IF EXISTS `updateSchoolYearStudentById` */;
/*!50003 SET @saved_cs_client      = @@character_set_client */ ;
/*!50003 SET @saved_cs_results     = @@character_set_results */ ;
/*!50003 SET @saved_col_connection = @@collation_connection */ ;
/*!50003 SET character_set_client  = utf8 */ ;
/*!50003 SET character_set_results = utf8 */ ;
/*!50003 SET collation_connection  = utf8_general_ci */ ;
/*!50003 SET @saved_sql_mode       = @@sql_mode */ ;
/*!50003 SET sql_mode              = 'NO_ENGINE_SUBSTITUTION' */ ;
DELIMITER ;;
CREATE DEFINER=`root`@`localhost` PROCEDURE `updateSchoolYearStudentById`(IN pIN_studentId INT)
BEGIN
	
    UPDATE schoolyear_student_lt
		
	SET 
		section_id = pIN_sectionId,
        adviser_id = pIN_adviser_id        
	WHERE student_id = pIN_studentId;

END ;;
DELIMITER ;
/*!50003 SET sql_mode              = @saved_sql_mode */ ;
/*!50003 SET character_set_client  = @saved_cs_client */ ;
/*!50003 SET character_set_results = @saved_cs_results */ ;
/*!50003 SET collation_connection  = @saved_col_connection */ ;
/*!50003 DROP PROCEDURE IF EXISTS `updateSectionById` */;
/*!50003 SET @saved_cs_client      = @@character_set_client */ ;
/*!50003 SET @saved_cs_results     = @@character_set_results */ ;
/*!50003 SET @saved_col_connection = @@collation_connection */ ;
/*!50003 SET character_set_client  = utf8 */ ;
/*!50003 SET character_set_results = utf8 */ ;
/*!50003 SET collation_connection  = utf8_general_ci */ ;
/*!50003 SET @saved_sql_mode       = @@sql_mode */ ;
/*!50003 SET sql_mode              = 'NO_ENGINE_SUBSTITUTION' */ ;
DELIMITER ;;
CREATE DEFINER=`root`@`localhost` PROCEDURE `updateSectionById`(
IN pIN_gradeLevelId INT, 
IN pIN_sessionId INT,
IN pIN_sectionId INT,
IN pIN_sectionName VARCHAR(150),
IN pIN_studentId INT,
IN pIN_schoolyearId INT,
IN pIN_isChanged BOOLEAN)
BEGIN
	
    START TRANSACTION;
    
    IF(pIN_isChanged = TRUE) THEN
		
        INSERT INTO section_student (section_id, student_id, schoolyear_id)
        VALUES (pIN_sectionId, pIN_studentId, pIN_schoolyearId);
        
		########################################################
        
        UPDATE schoolyear_student_lt
		
        SET 
			section_id = pIN_sectionId
                
        WHERE student_id = pIN_studentId;
        
        ##################################
        
        UPDATE section_settings_lt
        INNER JOIN section_mt ON section_mt.section_id = section_settings_lt.section_id
        
        SET 
			schoolyear_id = pIN_schoolyearId,
			gradelevel_id = pIN_gradeLevelId,
			section_mt.sectionName = pIN_sectionName,
            session_id = pIN_sessionId
            
        WHERE section_settings_lt.section_id = pIN_sectionId;
        
    ELSE
    
		UPDATE section_settings_lt 
		SET gradelevel_id = pIN_gradeLevelId,
		session_id = pIN_sessionId;
        
        UPDATE schoolyear_student_lt
        SET section_id = pIN_sectionId
        WHERE student_id = pIN_studentId;
    
    END IF;
    
	
    
    
    
    COMMIT;
END ;;
DELIMITER ;
/*!50003 SET sql_mode              = @saved_sql_mode */ ;
/*!50003 SET character_set_client  = @saved_cs_client */ ;
/*!50003 SET character_set_results = @saved_cs_results */ ;
/*!50003 SET collation_connection  = @saved_col_connection */ ;
/*!50003 DROP PROCEDURE IF EXISTS `updateSectionName` */;
/*!50003 SET @saved_cs_client      = @@character_set_client */ ;
/*!50003 SET @saved_cs_results     = @@character_set_results */ ;
/*!50003 SET @saved_col_connection = @@collation_connection */ ;
/*!50003 SET character_set_client  = utf8 */ ;
/*!50003 SET character_set_results = utf8 */ ;
/*!50003 SET collation_connection  = utf8_general_ci */ ;
/*!50003 SET @saved_sql_mode       = @@sql_mode */ ;
/*!50003 SET sql_mode              = 'NO_ENGINE_SUBSTITUTION' */ ;
DELIMITER ;;
CREATE DEFINER=`root`@`localhost` PROCEDURE `updateSectionName`(IN pIN_sectionId INT, IN pIN_sectionName VARCHAR(150))
BEGIN
	
    UPDATE section_mt SET sectionName = pIN_sectionName
    WHERE section_id = pIN_sectionId;

END ;;
DELIMITER ;
/*!50003 SET sql_mode              = @saved_sql_mode */ ;
/*!50003 SET character_set_client  = @saved_cs_client */ ;
/*!50003 SET character_set_results = @saved_cs_results */ ;
/*!50003 SET collation_connection  = @saved_col_connection */ ;
/*!50003 DROP PROCEDURE IF EXISTS `updateSectionSettingsById` */;
/*!50003 SET @saved_cs_client      = @@character_set_client */ ;
/*!50003 SET @saved_cs_results     = @@character_set_results */ ;
/*!50003 SET @saved_col_connection = @@collation_connection */ ;
/*!50003 SET character_set_client  = utf8 */ ;
/*!50003 SET character_set_results = utf8 */ ;
/*!50003 SET collation_connection  = utf8_general_ci */ ;
/*!50003 SET @saved_sql_mode       = @@sql_mode */ ;
/*!50003 SET sql_mode              = 'NO_ENGINE_SUBSTITUTION' */ ;
DELIMITER ;;
CREATE DEFINER=`root`@`localhost` PROCEDURE `updateSectionSettingsById`(
IN pIN_schoolyearId INT,
IN pIN_gradeLevelId INT, 
IN pIN_sessionId INT,
IN pIN_adviserId INT,
IN pIN_sectionId INT
)
BEGIN
	
	UPDATE section_settings_lt
	   
	SET 
		schoolyear_id = pIN_schoolyearId,
		gradelevel_id = pIN_gradeLevelId,
		session_id = pIN_sessionId,
		adviser_id = pIN_adviserId
        
	WHERE section_settings_lt.section_id = pIN_sectionId;
	
END ;;
DELIMITER ;
/*!50003 SET sql_mode              = @saved_sql_mode */ ;
/*!50003 SET character_set_client  = @saved_cs_client */ ;
/*!50003 SET character_set_results = @saved_cs_results */ ;
/*!50003 SET collation_connection  = @saved_col_connection */ ;
/*!50003 DROP PROCEDURE IF EXISTS `updateSectionStudent` */;
/*!50003 SET @saved_cs_client      = @@character_set_client */ ;
/*!50003 SET @saved_cs_results     = @@character_set_results */ ;
/*!50003 SET @saved_col_connection = @@collation_connection */ ;
/*!50003 SET character_set_client  = utf8 */ ;
/*!50003 SET character_set_results = utf8 */ ;
/*!50003 SET collation_connection  = utf8_general_ci */ ;
/*!50003 SET @saved_sql_mode       = @@sql_mode */ ;
/*!50003 SET sql_mode              = 'NO_ENGINE_SUBSTITUTION' */ ;
DELIMITER ;;
CREATE DEFINER=`root`@`localhost` PROCEDURE `updateSectionStudent`()
BEGIN
	
	INSERT INTO section_student (section_id, student_id, schoolyear_id)
	VALUES (pIN_sectionId, pIN_studentId, pIN_schoolyearId);

END ;;
DELIMITER ;
/*!50003 SET sql_mode              = @saved_sql_mode */ ;
/*!50003 SET character_set_client  = @saved_cs_client */ ;
/*!50003 SET character_set_results = @saved_cs_results */ ;
/*!50003 SET collation_connection  = @saved_col_connection */ ;
/*!50003 DROP PROCEDURE IF EXISTS `updateSpecialization` */;
/*!50003 SET @saved_cs_client      = @@character_set_client */ ;
/*!50003 SET @saved_cs_results     = @@character_set_results */ ;
/*!50003 SET @saved_col_connection = @@collation_connection */ ;
/*!50003 SET character_set_client  = utf8 */ ;
/*!50003 SET character_set_results = utf8 */ ;
/*!50003 SET collation_connection  = utf8_general_ci */ ;
/*!50003 SET @saved_sql_mode       = @@sql_mode */ ;
/*!50003 SET sql_mode              = 'NO_ENGINE_SUBSTITUTION' */ ;
DELIMITER ;;
CREATE DEFINER=`root`@`localhost` PROCEDURE `updateSpecialization`(
	IN id INT,
    IN p_title VARCHAR(45),
	IN p_description TEXT
)
BEGIN
	UPDATE specialization set specialization_title = p_title, 
     description = p_description WHERE specialization_id = id; 
END ;;
DELIMITER ;
/*!50003 SET sql_mode              = @saved_sql_mode */ ;
/*!50003 SET character_set_client  = @saved_cs_client */ ;
/*!50003 SET character_set_results = @saved_cs_results */ ;
/*!50003 SET collation_connection  = @saved_col_connection */ ;
/*!50003 DROP PROCEDURE IF EXISTS `updateSubjectAndGradeLevel` */;
/*!50003 SET @saved_cs_client      = @@character_set_client */ ;
/*!50003 SET @saved_cs_results     = @@character_set_results */ ;
/*!50003 SET @saved_col_connection = @@collation_connection */ ;
/*!50003 SET character_set_client  = utf8 */ ;
/*!50003 SET character_set_results = utf8 */ ;
/*!50003 SET collation_connection  = utf8_general_ci */ ;
/*!50003 SET @saved_sql_mode       = @@sql_mode */ ;
/*!50003 SET sql_mode              = 'NO_ENGINE_SUBSTITUTION' */ ;
DELIMITER ;;
CREATE DEFINER=`root`@`localhost` PROCEDURE `updateSubjectAndGradeLevel`(OUT pOUT_gradelevel_mt_gradeLevel INT, IN pIN_gradeLevel INT, IN pIN_gradeLevelId INT, IN pIN_subjCode VARCHAR(250), IN pIN_subjTitle VARCHAR(250), IN pIN_subjDescription VARCHAR(250), IN pIN_subjId INT)
BEGIN
	
    START TRANSACTION;
    
    SELECT gradelevel_id INTO pOUT_gradelevel_mt_gradeLevel
    FROM gradelevel_mt WHERE grade_level = pIN_gradeLevel;

    UPDATE subject_gradelevel_lt
	SET subject_gradelevel_lt.gradelevel_id = pOUT_gradelevel_mt_gradeLevel
	WHERE subject_gradelevel_lt.gradelevel_id = pIN_gradeLevelId;
    
    UPDATE subject_mt
    SET code = pIN_subjCode, title = pIN_subjTitle, description = pIN_subjDescription
	WHERE subject_id = pIN_subjId;
    
    COMMIT;
    
END ;;
DELIMITER ;
/*!50003 SET sql_mode              = @saved_sql_mode */ ;
/*!50003 SET character_set_client  = @saved_cs_client */ ;
/*!50003 SET character_set_results = @saved_cs_results */ ;
/*!50003 SET collation_connection  = @saved_col_connection */ ;
/*!50003 DROP PROCEDURE IF EXISTS `updateSubjectDetails` */;
/*!50003 SET @saved_cs_client      = @@character_set_client */ ;
/*!50003 SET @saved_cs_results     = @@character_set_results */ ;
/*!50003 SET @saved_col_connection = @@collation_connection */ ;
/*!50003 SET character_set_client  = utf8 */ ;
/*!50003 SET character_set_results = utf8 */ ;
/*!50003 SET collation_connection  = utf8_general_ci */ ;
/*!50003 SET @saved_sql_mode       = @@sql_mode */ ;
/*!50003 SET sql_mode              = 'NO_ENGINE_SUBSTITUTION' */ ;
DELIMITER ;;
CREATE DEFINER=`root`@`localhost` PROCEDURE `updateSubjectDetails`(p_subjCode VARCHAR(50), p_subjName VARCHAR(100), p_subjUnits INT,p_subjDesc VARCHAR(150), p_subjId INT, p_subjGradeLevelId INT, p_subjSchoolYearId INT, p_editedByUserId INT)
BEGIN

DECLARE EXIT HANDLER FOR sqlexception
BEGIN
	ROLLBACK;
	RESIGNAL;
    SELECT 'encountered error.\n update failed.' AS msg;
END;

START TRANSACTION;

UPDATE subjects s 
	SET s.`code` 		= p_subjCode,
		s.`name` 		= p_subjName,
        s.units	 		= p_subjUnits,
        s.description 	= p_subjDesc
	WHERE s.id 			= p_subjId;
    
UPDATE subjects_gradelevel sgl
	SET sgl.gradeLevelId	=	p_subjGradeLevelId,
		sgl.schoolYearId	=	p_subjSchoolYearId
	WHERE sgl.subjectId		=	p_subjId;
    
UPDATE subjects_hd	shd
	SET	shd.editedBy_UserId	=	p_editedByUserId,
		shd.dateEdited		=	NOW()
	WHERE shd.subjectId	= p_subjId;


		COMMIT;
        SELECT 'successfully updated' AS result;
        


END ;;
DELIMITER ;
/*!50003 SET sql_mode              = @saved_sql_mode */ ;
/*!50003 SET character_set_client  = @saved_cs_client */ ;
/*!50003 SET character_set_results = @saved_cs_results */ ;
/*!50003 SET collation_connection  = @saved_col_connection */ ;
/*!50003 DROP PROCEDURE IF EXISTS `updateUser` */;
/*!50003 SET @saved_cs_client      = @@character_set_client */ ;
/*!50003 SET @saved_cs_results     = @@character_set_results */ ;
/*!50003 SET @saved_col_connection = @@collation_connection */ ;
/*!50003 SET character_set_client  = utf8 */ ;
/*!50003 SET character_set_results = utf8 */ ;
/*!50003 SET collation_connection  = utf8_general_ci */ ;
/*!50003 SET @saved_sql_mode       = @@sql_mode */ ;
/*!50003 SET sql_mode              = 'NO_ENGINE_SUBSTITUTION' */ ;
DELIMITER ;;
CREATE DEFINER=`root`@`localhost` PROCEDURE `updateUser`(aUserId INT, aUserName VARCHAR(20), aPassword VARCHAR(255))
BEGIN

UPDATE user_mt SET 
username = aUserName,
`password` = aPassword
WHERE user_id = aUserId;

END ;;
DELIMITER ;
/*!50003 SET sql_mode              = @saved_sql_mode */ ;
/*!50003 SET character_set_client  = @saved_cs_client */ ;
/*!50003 SET character_set_results = @saved_cs_results */ ;
/*!50003 SET collation_connection  = @saved_col_connection */ ;
/*!40103 SET TIME_ZONE=@OLD_TIME_ZONE */;

/*!40101 SET SQL_MODE=@OLD_SQL_MODE */;
/*!40014 SET FOREIGN_KEY_CHECKS=@OLD_FOREIGN_KEY_CHECKS */;
/*!40014 SET UNIQUE_CHECKS=@OLD_UNIQUE_CHECKS */;
/*!40101 SET CHARACTER_SET_CLIENT=@OLD_CHARACTER_SET_CLIENT */;
/*!40101 SET CHARACTER_SET_RESULTS=@OLD_CHARACTER_SET_RESULTS */;
/*!40101 SET COLLATION_CONNECTION=@OLD_COLLATION_CONNECTION */;
/*!40111 SET SQL_NOTES=@OLD_SQL_NOTES */;

-- Dump completed on 2017-08-13 12:00:35
